const uint8_t segment60pt7bBitmaps[] PROGMEM = {
  0x00, 0x00, 0x00, 0x00, 0x00, 0x00, 0x00, 0x40, 0x00, 0x00, 0x00, 0x00,
  0x01, 0xE0, 0x00, 0x00, 0x00, 0x00, 0x03, 0xE0, 0x40, 0x00, 0x00, 0x00,
  0x07, 0xC1, 0xC0, 0x00, 0x00, 0x00, 0x1F, 0xC3, 0xC0, 0x00, 0x00, 0x00,
  0x3F, 0x8F, 0xC0, 0x00, 0x00, 0x00, 0xFF, 0x9F, 0xC0, 0x00, 0x00, 0x01,
  0xFF, 0x3F, 0xC0, 0x00, 0x00, 0x07, 0xFE, 0x7F, 0xC0, 0x00, 0x00, 0x0F,
  0xFC, 0xFF, 0x80, 0x00, 0x00, 0x1F, 0xF9, 0xFF, 0x80, 0x00, 0x00, 0x7F,
  0xF7, 0xFF, 0x80, 0x00, 0x00, 0xFF, 0xEF, 0xFF, 0x00, 0x00, 0x01, 0xFF,
  0xDF, 0xFC, 0x00, 0x00, 0x03, 0xFF, 0xBF, 0xF8, 0x00, 0x00, 0x07, 0xFF,
  0x7F, 0xF0, 0x00, 0x00, 0x0F, 0xFE, 0xFF, 0xE0, 0x00, 0x00, 0x1F, 0xFD,
  0xFF, 0xC0, 0x00, 0x00, 0x3F, 0xFB, 0xFF, 0x80, 0x00, 0x00, 0x7F, 0xF7,
  0xFF, 0x00, 0x00, 0x01, 0xFF, 0xCF, 0xFE, 0x00, 0x00, 0x03, 0xFF, 0x9F,
  0xFC, 0x00, 0x00, 0x07, 0xFF, 0x3F, 0xF8, 0x00, 0x00, 0x0F, 0xFE, 0x7F,
  0xF0, 0x00, 0x00, 0x1F, 0xFC, 0xFF, 0xE0, 0x00, 0x00, 0x3F, 0xF9, 0xFF,
  0xC0, 0x00, 0x00, 0x7F, 0xF3, 0xFF, 0x80, 0x00, 0x00, 0xFF, 0xEF, 0xFF,
  0x00, 0x00, 0x01, 0xFF, 0xDF, 0xFC, 0x00, 0x00, 0x03, 0xFF, 0xBF, 0xF8,
  0x00, 0x00, 0x07, 0xFF, 0x7F, 0xF0, 0x00, 0x00, 0x0F, 0xFE, 0xFF, 0xE0,
  0x00, 0x00, 0x1F, 0xFD, 0xFF, 0xC0, 0x00, 0x00, 0x3F, 0xFB, 0xFF, 0x80,
  0x00, 0x00, 0x7F, 0xF7, 0xFF, 0x00, 0x00, 0x01, 0xFF, 0xEF, 0xFE, 0x00,
  0x00, 0x03, 0xFF, 0x9F, 0xF8, 0x00, 0x00, 0x01, 0xFF, 0x3F, 0xC0, 0x00,
  0x00, 0x01, 0xFE, 0x7F, 0x00, 0x00, 0x00, 0x01, 0xFC, 0x38, 0x00, 0x00,
  0x00, 0x01, 0xE0, 0x20, 0x00, 0x00, 0x00, 0x00, 0x80, 0x00, 0x00, 0x00,
  0x00, 0x08, 0x00, 0xE0, 0x07, 0x80, 0x7E, 0x03, 0xF8, 0x1F, 0xE0, 0xFF,
  0x87, 0xFC, 0x3F, 0xF3, 0xFF, 0xDF, 0xFE, 0xFF, 0xE7, 0xFF, 0x3F, 0xF9,
  0xFF, 0xCF, 0xFE, 0x7F, 0xF3, 0xFF, 0x9F, 0xFC, 0xFF, 0xE7, 0xFF, 0x3F,
  0xF9, 0xFF, 0xCF, 0xFE, 0x7F, 0xF7, 0xFF, 0xBF, 0xF9, 0xFF, 0xCF, 0xFE,
  0x7F, 0xF3, 0xFF, 0x9F, 0xFC, 0xFF, 0xE7, 0xFF, 0x3F, 0xF1, 0xFE, 0x0F,
  0xE0, 0x1C, 0x00, 0x40, 0x00, 0x00, 0x07, 0xFF, 0xFF, 0xFF, 0xC0, 0x07,
  0xFF, 0xFF, 0xFF, 0xE0, 0x07, 0xFF, 0xFF, 0xFF, 0xF8, 0x00, 0xFF, 0xFF,
  0xFF, 0xFE, 0x01, 0x1F, 0xFF, 0xFF, 0xFF, 0x00, 0xE3, 0xFF, 0xFF, 0xFF,
  0xC0, 0x3C, 0x7F, 0xFF, 0xFF, 0xE0, 0x1F, 0x8F, 0xFF, 0xFF, 0xF8, 0x07,
  0xF1, 0xFF, 0xFF, 0xFC, 0x01, 0xFE, 0x3F, 0xFF, 0xFF, 0x00, 0x7F, 0xC7,
  0xFF, 0xFF, 0xC0, 0x1F, 0xF0, 0x00, 0x00, 0x00, 0x07, 0xFE, 0x00, 0x00,
  0x00, 0x03, 0xFF, 0xC0, 0x00, 0x00, 0x00, 0xFF, 0xF0, 0x00, 0x00, 0x00,
  0x3F, 0xF8, 0x00, 0x00, 0x00, 0x0F, 0xFE, 0x00, 0x00, 0x00, 0x03, 0xFF,
  0x80, 0x00, 0x00, 0x00, 0xFF, 0xE0, 0x00, 0x00, 0x00, 0x3F, 0xF8, 0x00,
  0x00, 0x00, 0x0F, 0xFE, 0x00, 0x00, 0x00, 0x03, 0xFF, 0x80, 0x00, 0x00,
  0x00, 0xFF, 0xE0, 0x00, 0x00, 0x00, 0x3F, 0xF8, 0x00, 0x00, 0x00, 0x0F,
  0xFE, 0x00, 0x00, 0x00, 0x03, 0xFF, 0x80, 0x00, 0x00, 0x00, 0xFF, 0xE0,
  0x00, 0x00, 0x00, 0x3F, 0xF8, 0x00, 0x00, 0x00, 0x0F, 0xFE, 0x00, 0x00,
  0x00, 0x07, 0xFF, 0x80, 0x00, 0x00, 0x01, 0xFF, 0xC0, 0x00, 0x00, 0x00,
  0x7F, 0xF0, 0x00, 0x00, 0x00, 0x1F, 0xFC, 0x00, 0x00, 0x00, 0x07, 0xFF,
  0x00, 0x00, 0x00, 0x01, 0xFF, 0xC0, 0x00, 0x00, 0x00, 0x7F, 0xF0, 0x00,
  0x00, 0x00, 0x1F, 0xFC, 0x00, 0x00, 0x00, 0x07, 0xFF, 0x00, 0x00, 0x00,
  0x01, 0xFF, 0x80, 0x00, 0x00, 0x00, 0x7F, 0x80, 0x00, 0x00, 0x00, 0x1F,
  0xC0, 0x00, 0x00, 0x00, 0x01, 0xC0, 0x00, 0x00, 0x00, 0x00, 0x20, 0x00,
  0x00, 0x00, 0x00, 0x00, 0x00, 0x00, 0x00, 0x00, 0x00, 0x00, 0x00, 0x00,
  0x00, 0x00, 0x00, 0x00, 0x00, 0x00, 0x00, 0x60, 0x00, 0x00, 0x00, 0x00,
  0x3C, 0x00, 0x00, 0x00, 0x00, 0x1F, 0x80, 0x00, 0x00, 0x00, 0x0F, 0xF8,
  0x00, 0x00, 0x00, 0x03, 0xFF, 0x00, 0x00, 0x00, 0x00, 0xFF, 0xE0, 0x00,
  0x00, 0x00, 0x3F, 0xF8, 0x00, 0x00, 0x00, 0x0F, 0xFE, 0x00, 0x00, 0x00,
  0x03, 0xFF, 0x80, 0x00, 0x00, 0x00, 0xFF, 0xE0, 0x00, 0x00, 0x00, 0x3F,
  0xF8, 0x00, 0x00, 0x00, 0x0F, 0xFE, 0x00, 0x00, 0x00, 0x03, 0xFF, 0x80,
  0x00, 0x00, 0x00, 0xFF, 0xE0, 0x00, 0x00, 0x00, 0x3F, 0xF8, 0x00, 0x00,
  0x00, 0x1F, 0xFE, 0x00, 0x00, 0x00, 0x07, 0xFF, 0x00, 0x00, 0x00, 0x01,
  0xFF, 0xC0, 0x00, 0x00, 0x00, 0x7F, 0xF0, 0x00, 0x00, 0x00, 0x1F, 0xFC,
  0x00, 0x00, 0x00, 0x07, 0xFF, 0x00, 0x00, 0x00, 0x01, 0xFF, 0xC0, 0x00,
  0x00, 0x00, 0x7F, 0xF0, 0x00, 0x00, 0x00, 0x1F, 0xFC, 0x00, 0x00, 0x00,
  0x07, 0xFF, 0x00, 0x00, 0x00, 0x01, 0xFF, 0xC0, 0x00, 0x00, 0x00, 0x7F,
  0xF0, 0x00, 0x00, 0x00, 0x1F, 0xFC, 0x00, 0x00, 0x00, 0x07, 0xFF, 0x00,
  0x00, 0x00, 0x01, 0xFF, 0xC0, 0x00, 0x00, 0x00, 0x7F, 0xE0, 0x00, 0x00,
  0x00, 0x1F, 0xF0, 0x00, 0x00, 0x00, 0x0F, 0xF8, 0xFF, 0xFF, 0xF8, 0x03,
  0xFC, 0x7F, 0xFF, 0xFF, 0x00, 0x7E, 0x3F, 0xFF, 0xFF, 0xC0, 0x1F, 0x1F,
  0xFF, 0xFF, 0xF0, 0x07, 0x8F, 0xFF, 0xFF, 0xFE, 0x01, 0xC7, 0xFF, 0xFF,
  0xFF, 0x80, 0x23, 0xFF, 0xFF, 0xFF, 0xE0, 0x01, 0xFF, 0xFF, 0xFF, 0xF8,
  0x00, 0xFF, 0xFF, 0xFF, 0xFF, 0x00, 0x1F, 0xFF, 0xFF, 0xFF, 0xC0, 0x01,
  0xFF, 0xFF, 0xFF, 0xF0, 0x00, 0x00, 0x7F, 0xFF, 0xFF, 0xFC, 0x00, 0x07,
  0xFF, 0xFF, 0xFF, 0xE2, 0x00, 0x7F, 0xFF, 0xFF, 0xFF, 0x9E, 0x00, 0xFF,
  0xFF, 0xFF, 0xFE, 0x7C, 0x01, 0xFF, 0xFF, 0xFF, 0xF1, 0xF0, 0x03, 0xFF,
  0xFF, 0xFF, 0xCF, 0xE0, 0x07, 0xFF, 0xFF, 0xFE, 0x3F, 0x80, 0x0F, 0xFF,
  0xFF, 0xF9, 0xFF, 0x00, 0x1F, 0xFF, 0xFF, 0xC7, 0xFC, 0x00, 0x3F, 0xFF,
  0xFF, 0x3F, 0xF0, 0x00, 0x7F, 0xFF, 0xFC, 0xFF, 0xC0, 0x00, 0x00, 0x00,
  0x03, 0xFF, 0x00, 0x00, 0x00, 0x00, 0x1F, 0xFC, 0x00, 0x00, 0x00, 0x00,
  0x7F, 0xF0, 0x00, 0x00, 0x00, 0x01, 0xFF, 0xC0, 0x00, 0x00, 0x00, 0x07,
  0xFF, 0x00, 0x00, 0x00, 0x00, 0x1F, 0xFC, 0x00, 0x00, 0x00, 0x00, 0x7F,
  0xF0, 0x00, 0x00, 0x00, 0x01, 0xFF, 0xC0, 0x00, 0x00, 0x00, 0x07, 0xFF,
  0x00, 0x00, 0x00, 0x00, 0x1F, 0xFC, 0x00, 0x00, 0x00, 0x00, 0xFF, 0xE0,
  0x00, 0x00, 0x00, 0x03, 0xFF, 0x80, 0x00, 0x00, 0x00, 0x0F, 0xFE, 0x00,
  0x00, 0x00, 0x00, 0x3F, 0xF8, 0x00, 0x00, 0x00, 0x00, 0xFF, 0xE0, 0x00,
  0x00, 0x00, 0x03, 0xFF, 0x80, 0x00, 0x00, 0x00, 0x0F, 0xFE, 0x00, 0x00,
  0x00, 0x00, 0x3F, 0xF8, 0x00, 0x00, 0x00, 0x00, 0xFF, 0xE0, 0x00, 0x00,
  0x00, 0x03, 0xFF, 0x80, 0x00, 0x00, 0x00, 0x0F, 0xFE, 0x00, 0x00, 0x00,
  0x00, 0x3F, 0xF8, 0x00, 0x00, 0x00, 0x00, 0xFF, 0xE0, 0x00, 0x00, 0x00,
  0x03, 0xFF, 0x80, 0x00, 0x00, 0x00, 0x0F, 0xFE, 0x00, 0x00, 0x00, 0x00,
  0x7F, 0xF8, 0x00, 0x00, 0x00, 0x01, 0xFF, 0xC0, 0x00, 0x00, 0x00, 0x01,
  0xFF, 0x00, 0x00, 0x00, 0x00, 0x03, 0xFC, 0x00, 0x00, 0x00, 0x00, 0x07,
  0xF0, 0x00, 0x00, 0x00, 0x00, 0x0F, 0x00, 0x00, 0x00, 0x00, 0x00, 0x08,
  0x00, 0x00, 0x00, 0x00, 0x00, 0x00, 0x00, 0x00, 0x00, 0x00, 0x00, 0x00,
  0x00, 0x00, 0x00, 0x00, 0x00, 0x00, 0x00, 0x00, 0x00, 0x00, 0x18, 0x00,
  0x00, 0x00, 0x00, 0x00, 0xF0, 0x00, 0x00, 0x00, 0x00, 0x07, 0xE0, 0x00,
  0x00, 0x00, 0x00, 0x7F, 0xC0, 0x00, 0x00, 0x00, 0x03, 0xFF, 0x00, 0x00,
  0x00, 0x00, 0x1F, 0xFC, 0x00, 0x00, 0x00, 0x00, 0xFF, 0xF0, 0x00, 0x00,
  0x00, 0x03, 0xFF, 0x80, 0x00, 0x00, 0x00, 0x0F, 0xFE, 0x00, 0x00, 0x00,
  0x00, 0x3F, 0xF8, 0x00, 0x00, 0x00, 0x00, 0xFF, 0xE0, 0x00, 0x00, 0x00,
  0x03, 0xFF, 0x80, 0x00, 0x00, 0x00, 0x0F, 0xFE, 0x00, 0x00, 0x00, 0x00,
  0x3F, 0xF8, 0x00, 0x00, 0x00, 0x00, 0xFF, 0xE0, 0x00, 0x00, 0x00, 0x03,
  0xFF, 0x80, 0x00, 0x00, 0x00, 0x0F, 0xFE, 0x00, 0x00, 0x00, 0x00, 0x3F,
  0xF8, 0x00, 0x00, 0x00, 0x00, 0xFF, 0xE0, 0x00, 0x00, 0x00, 0x03, 0xFF,
  0x80, 0x00, 0x00, 0x00, 0x0F, 0xFE, 0x00, 0x00, 0x00, 0x00, 0x7F, 0xF8,
  0x00, 0x00, 0x00, 0x01, 0xFF, 0xE0, 0x00, 0x00, 0x00, 0x07, 0xFF, 0x80,
  0x00, 0x00, 0x00, 0x1F, 0xFC, 0x00, 0x00, 0x00, 0x00, 0x7F, 0xF0, 0x00,
  0x00, 0x00, 0x01, 0xFF, 0xC0, 0x00, 0x00, 0x00, 0x07, 0xFF, 0x00, 0x00,
  0x00, 0x00, 0x1F, 0xFC, 0x00, 0x00, 0x00, 0x00, 0x7F, 0xF0, 0x00, 0x00,
  0x00, 0x01, 0xFF, 0xC0, 0x00, 0x00, 0x00, 0x07, 0xFF, 0x00, 0x0F, 0xFF,
  0xFF, 0x8F, 0xFC, 0x00, 0x7F, 0xFF, 0xFF, 0x3F, 0xF0, 0x03, 0xFF, 0xFF,
  0xFC, 0xFF, 0xC0, 0x1F, 0xFF, 0xFF, 0xF1, 0xFE, 0x00, 0xFF, 0xFF, 0xFF,
  0xE7, 0xF8, 0x07, 0xFF, 0xFF, 0xFF, 0x9F, 0xC0, 0x3F, 0xFF, 0xFF, 0xFE,
  0x7F, 0x01, 0xFF, 0xFF, 0xFF, 0xF8, 0xF8, 0x0F, 0xFF, 0xFF, 0xFF, 0xF3,
  0xC0, 0x1F, 0xFF, 0xFF, 0xFF, 0xCC, 0x00, 0x1F, 0xFF, 0xFF, 0xFF, 0x00,
  0x00, 0x00, 0x00, 0x00, 0xC0, 0x0F, 0x00, 0xFC, 0x1F, 0xF1, 0xFF, 0x9F,
  0xFD, 0xFF, 0xEF, 0xFE, 0x7F, 0xF3, 0xFF, 0x9F, 0xFC, 0xFF, 0xE7, 0xFF,
  0x3F, 0xF9, 0xFF, 0xCF, 0xFE, 0x7F, 0xF3, 0xFF, 0x9F, 0xFC, 0xFF, 0xE7,
  0xFF, 0x7F, 0xFB, 0xFF, 0xDF, 0xFE, 0xFF, 0xE7, 0xFF, 0x3F, 0xF9, 0xFF,
  0xCF, 0xFE, 0x7F, 0xF3, 0xFF, 0x9F, 0xFC, 0x7F, 0xE3, 0xFF, 0x1F, 0xF8,
  0x7F, 0x83, 0xFC, 0x1F, 0xC0, 0xFE, 0x03, 0xE0, 0x1E, 0x00, 0xC0, 0x00,
  0x01, 0xFF, 0xFF, 0xF0, 0x00, 0xFF, 0xFF, 0xFF, 0x80, 0x3F, 0xFF, 0xFF,
  0xF8, 0x0F, 0xFF, 0xFF, 0xFF, 0x87, 0xFF, 0xFF, 0xFF, 0xF9, 0xFF, 0xFF,
  0xFF, 0xFF, 0xDF, 0xFF, 0xFF, 0xFF, 0xE1, 0xFF, 0xFF, 0xFF, 0xF8, 0x0F,
  0xFF, 0xFF, 0xFE, 0x00, 0xFF, 0xFF, 0xFF, 0x00, 0x0F, 0xFF, 0xFF, 0xC0,
  0x00, 0x7F, 0x7F, 0x7F, 0xFF, 0xFF, 0xFF, 0xFF, 0xFF, 0xFF, 0xFE, 0xFE,
  0xFE, 0x00, 0x00, 0x07, 0xFF, 0xFF, 0xFF, 0xC0, 0x00, 0x07, 0xFF, 0xFF,
  0xFF, 0xE2, 0x00, 0x07, 0xFF, 0xFF, 0xFF, 0xF9, 0xE0, 0x00, 0xFF, 0xFF,
  0xFF, 0xFE, 0x7C, 0x01, 0x1F, 0xFF, 0xFF, 0xFF, 0x1F, 0x00, 0xE3, 0xFF,
  0xFF, 0xFF, 0xCF, 0xE0, 0x3C, 0x7F, 0xFF, 0xFF, 0xE3, 0xF8, 0x1F, 0x8F,
  0xFF, 0xFF, 0xF9, 0xFF, 0x07, 0xF1, 0xFF, 0xFF, 0xFC, 0x7F, 0xC1, 0xFE,
  0x3F, 0xFF, 0xFF, 0x3F, 0xF0, 0x7F, 0xC7, 0xFF, 0xFF, 0xCF, 0xFC, 0x1F,
  0xF0, 0x00, 0x00, 0x03, 0xFF, 0x07, 0xFE, 0x00, 0x00, 0x01, 0xFF, 0xC3,
  0xFF, 0xC0, 0x00, 0x00, 0x7F, 0xF0, 0xFF, 0xF0, 0x00, 0x00, 0x1F, 0xFC,
  0x3F, 0xF8, 0x00, 0x00, 0x07, 0xFF, 0x0F, 0xFE, 0x00, 0x00, 0x01, 0xFF,
  0xC3, 0xFF, 0x80, 0x00, 0x00, 0x7F, 0xF0, 0xFF, 0xE0, 0x00, 0x00, 0x1F,
  0xFC, 0x3F, 0xF8, 0x00, 0x00, 0x07, 0xFF, 0x0F, 0xFE, 0x00, 0x00, 0x01,
  0xFF, 0xC3, 0xFF, 0x80, 0x00, 0x00, 0xFF, 0xE0, 0xFF, 0xE0, 0x00, 0x00,
  0x3F, 0xF8, 0x3F, 0xF8, 0x00, 0x00, 0x0F, 0xFE, 0x0F, 0xFE, 0x00, 0x00,
  0x03, 0xFF, 0x83, 0xFF, 0x80, 0x00, 0x00, 0xFF, 0xE0, 0xFF, 0xE0, 0x00,
  0x00, 0x3F, 0xF8, 0x3F, 0xF8, 0x00, 0x00, 0x0F, 0xFE, 0x0F, 0xFE, 0x00,
  0x00, 0x03, 0xFF, 0x87, 0xFF, 0x80, 0x00, 0x00, 0xFF, 0xE1, 0xFF, 0xC0,
  0x00, 0x00, 0x3F, 0xF8, 0x7F, 0xF0, 0x00, 0x00, 0x0F, 0xFE, 0x1F, 0xFC,
  0x00, 0x00, 0x03, 0xFF, 0x87, 0xFF, 0x00, 0x00, 0x00, 0xFF, 0xE1, 0xFF,
  0xC0, 0x00, 0x00, 0x3F, 0xF8, 0x7F, 0xF0, 0x00, 0x00, 0x0F, 0xFE, 0x1F,
  0xFC, 0x00, 0x00, 0x07, 0xFF, 0x87, 0xFF, 0x00, 0x00, 0x01, 0xFF, 0xC1,
  0xFF, 0x80, 0x00, 0x00, 0x1F, 0xF0, 0x7F, 0x80, 0x00, 0x00, 0x03, 0xFC,
  0x1F, 0xC0, 0x00, 0x00, 0x00, 0x7F, 0x01, 0xC0, 0x00, 0x00, 0x00, 0x0F,
  0x00, 0x20, 0x00, 0x00, 0x00, 0x00, 0x80, 0x00, 0x00, 0x00, 0x00, 0x00,
  0x00, 0x00, 0x00, 0x00, 0x00, 0x00, 0x00, 0x00, 0x00, 0x00, 0x00, 0x00,
  0x00, 0x00, 0x60, 0x00, 0x00, 0x00, 0x01, 0x80, 0x3C, 0x00, 0x00, 0x00,
  0x00, 0xF0, 0x1F, 0x80, 0x00, 0x00, 0x00, 0x7E, 0x0F, 0xF8, 0x00, 0x00,
  0x00, 0x7F, 0xC3, 0xFF, 0x00, 0x00, 0x00, 0x3F, 0xF0, 0xFF, 0xE0, 0x00,
  0x00, 0x1F, 0xFC, 0x3F, 0xF8, 0x00, 0x00, 0x0F, 0xFF, 0x0F, 0xFE, 0x00,
  0x00, 0x03, 0xFF, 0x83, 0xFF, 0x80, 0x00, 0x00, 0xFF, 0xE0, 0xFF, 0xE0,
  0x00, 0x00, 0x3F, 0xF8, 0x3F, 0xF8, 0x00, 0x00, 0x0F, 0xFE, 0x0F, 0xFE,
  0x00, 0x00, 0x03, 0xFF, 0x83, 0xFF, 0x80, 0x00, 0x00, 0xFF, 0xE0, 0xFF,
  0xE0, 0x00, 0x00, 0x3F, 0xF8, 0x3F, 0xF8, 0x00, 0x00, 0x0F, 0xFE, 0x1F,
  0xFE, 0x00, 0x00, 0x03, 0xFF, 0x87, 0xFF, 0x00, 0x00, 0x00, 0xFF, 0xE1,
  0xFF, 0xC0, 0x00, 0x00, 0x3F, 0xF8, 0x7F, 0xF0, 0x00, 0x00, 0x0F, 0xFE,
  0x1F, 0xFC, 0x00, 0x00, 0x03, 0xFF, 0x87, 0xFF, 0x00, 0x00, 0x00, 0xFF,
  0xE1, 0xFF, 0xC0, 0x00, 0x00, 0x7F, 0xF8, 0x7F, 0xF0, 0x00, 0x00, 0x1F,
  0xFE, 0x1F, 0xFC, 0x00, 0x00, 0x07, 0xFF, 0x87, 0xFF, 0x00, 0x00, 0x01,
  0xFF, 0xC1, 0xFF, 0xC0, 0x00, 0x00, 0x7F, 0xF0, 0x7F, 0xF0, 0x00, 0x00,
  0x1F, 0xFC, 0x1F, 0xFC, 0x00, 0x00, 0x07, 0xFF, 0x07, 0xFF, 0x00, 0x00,
  0x01, 0xFF, 0xC1, 0xFF, 0xC0, 0x00, 0x00, 0x7F, 0xF0, 0x7F, 0xE0, 0x00,
  0x00, 0x1F, 0xFC, 0x1F, 0xF0, 0x00, 0x00, 0x07, 0xFF, 0x0F, 0xF8, 0xFF,
  0xFF, 0xF8, 0xFF, 0xC3, 0xFC, 0x7F, 0xFF, 0xFF, 0x3F, 0xF0, 0x7E, 0x3F,
  0xFF, 0xFF, 0xCF, 0xFC, 0x1F, 0x1F, 0xFF, 0xFF, 0xF1, 0xFE, 0x07, 0x8F,
  0xFF, 0xFF, 0xFE, 0x7F, 0x81, 0xC7, 0xFF, 0xFF, 0xFF, 0x9F, 0xC0, 0x23,
  0xFF, 0xFF, 0xFF, 0xE7, 0xF0, 0x01, 0xFF, 0xFF, 0xFF, 0xF8, 0xF8, 0x00,
  0xFF, 0xFF, 0xFF, 0xFF, 0x3C, 0x00, 0x1F, 0xFF, 0xFF, 0xFF, 0xCC, 0x00,
  0x01, 0xFF, 0xFF, 0xFF, 0xF0, 0x00, 0x00, 0x00, 0x40, 0x01, 0xE0, 0x03,
  0xE0, 0x07, 0xC0, 0x1F, 0xC0, 0x3F, 0x80, 0xFF, 0x81, 0xFF, 0x07, 0xFE,
  0x0F, 0xFC, 0x1F, 0xF8, 0x7F, 0xF0, 0xFF, 0xE1, 0xFF, 0xC3, 0xFF, 0x87,
  0xFF, 0x0F, 0xFE, 0x1F, 0xFC, 0x3F, 0xF8, 0x7F, 0xF1, 0xFF, 0xC3, 0xFF,
  0x87, 0xFF, 0x0F, 0xFE, 0x1F, 0xFC, 0x3F, 0xF8, 0x7F, 0xF0, 0xFF, 0xE1,
  0xFF, 0xC3, 0xFF, 0x87, 0xFF, 0x0F, 0xFE, 0x1F, 0xFC, 0x3F, 0xF8, 0x7F,
  0xF1, 0xFF, 0xE3, 0xFF, 0x81, 0xFF, 0x01, 0xFE, 0x01, 0xFC, 0x01, 0xE0,
  0x00, 0x80, 0x00, 0x00, 0x00, 0x00, 0x00, 0x00, 0x18, 0x00, 0x78, 0x01,
  0xF8, 0x0F, 0xF8, 0x3F, 0xF0, 0xFF, 0xE3, 0xFF, 0xC7, 0xFF, 0x0F, 0xFE,
  0x1F, 0xFC, 0x3F, 0xF8, 0x7F, 0xF0, 0xFF, 0xE1, 0xFF, 0xC3, 0xFF, 0x87,
  0xFF, 0x0F, 0xFE, 0x1F, 0xFC, 0x3F, 0xF8, 0x7F, 0xF0, 0xFF, 0xE3, 0xFF,
  0xC7, 0xFF, 0x8F, 0xFF, 0x1F, 0xFC, 0x3F, 0xF8, 0x7F, 0xF0, 0xFF, 0xE1,
  0xFF, 0xC3, 0xFF, 0x87, 0xFF, 0x0F, 0xFE, 0x0F, 0xFC, 0x1F, 0xF8, 0x3F,
  0xF0, 0x3F, 0xC0, 0x7F, 0x80, 0xFE, 0x01, 0xFC, 0x01, 0xF0, 0x03, 0xC0,
  0x06, 0x00, 0x00, 0x00, 0x07, 0xFF, 0xFF, 0xFF, 0xC0, 0x00, 0x07, 0xFF,
  0xFF, 0xFF, 0xE2, 0x00, 0x07, 0xFF, 0xFF, 0xFF, 0xF9, 0xE0, 0x00, 0xFF,
  0xFF, 0xFF, 0xFE, 0x7C, 0x00, 0x1F, 0xFF, 0xFF, 0xFF, 0x1F, 0x00, 0x03,
  0xFF, 0xFF, 0xFF, 0xCF, 0xE0, 0x00, 0x7F, 0xFF, 0xFF, 0xE3, 0xF8, 0x00,
  0x0F, 0xFF, 0xFF, 0xF9, 0xFF, 0x00, 0x01, 0xFF, 0xFF, 0xFC, 0x7F, 0xC0,
  0x00, 0x3F, 0xFF, 0xFF, 0x3F, 0xF0, 0x00, 0x07, 0xFF, 0xFF, 0xCF, 0xFC,
  0x00, 0x00, 0x00, 0x00, 0x03, 0xFF, 0x00, 0x00, 0x00, 0x00, 0x01, 0xFF,
  0xC0, 0x00, 0x00, 0x00, 0x00, 0x7F, 0xF0, 0x00, 0x00, 0x00, 0x00, 0x1F,
  0xFC, 0x00, 0x00, 0x00, 0x00, 0x07, 0xFF, 0x00, 0x00, 0x00, 0x00, 0x01,
  0xFF, 0xC0, 0x00, 0x00, 0x00, 0x00, 0x7F, 0xF0, 0x00, 0x00, 0x00, 0x00,
  0x1F, 0xFC, 0x00, 0x00, 0x00, 0x00, 0x07, 0xFF, 0x00, 0x00, 0x00, 0x00,
  0x01, 0xFF, 0xC0, 0x00, 0x00, 0x00, 0x00, 0xFF, 0xE0, 0x00, 0x00, 0x00,
  0x00, 0x3F, 0xF8, 0x00, 0x00, 0x00, 0x00, 0x0F, 0xFE, 0x00, 0x00, 0x00,
  0x00, 0x03, 0xFF, 0x80, 0x00, 0x00, 0x00, 0x00, 0xFF, 0xE0, 0x00, 0x00,
  0x00, 0x00, 0x3F, 0xF8, 0x00, 0x00, 0x00, 0x00, 0x0F, 0xFE, 0x00, 0x00,
  0x00, 0x00, 0x03, 0xFF, 0x80, 0x00, 0x00, 0x00, 0x00, 0xFF, 0xE0, 0x00,
  0x00, 0x00, 0x00, 0x3F, 0xF8, 0x00, 0x00, 0x00, 0x00, 0x0F, 0xFE, 0x00,
  0x00, 0x00, 0x00, 0x03, 0xFF, 0x80, 0x00, 0x00, 0x00, 0x00, 0xFF, 0xE0,
  0x00, 0x00, 0x00, 0x00, 0x3F, 0xF8, 0x00, 0x00, 0x00, 0x00, 0x0F, 0xFE,
  0x00, 0x00, 0x00, 0x00, 0x07, 0xFF, 0x80, 0x00, 0x00, 0x00, 0x01, 0xFF,
  0xC0, 0x00, 0x00, 0x00, 0x00, 0x1F, 0xF0, 0x00, 0x07, 0xFF, 0xFF, 0xC3,
  0xFC, 0x00, 0x07, 0xFF, 0xFF, 0xFC, 0x7F, 0x00, 0x03, 0xFF, 0xFF, 0xFF,
  0x8F, 0x00, 0x01, 0xFF, 0xFF, 0xFF, 0xF0, 0x80, 0x01, 0xFF, 0xFF, 0xFF,
  0xFE, 0x00, 0x00, 0xFF, 0xFF, 0xFF, 0xFF, 0xE0, 0x00, 0x1F, 0xFF, 0xFF,
  0xFF, 0xE0, 0x00, 0x63, 0xFF, 0xFF, 0xFF, 0xF0, 0x00, 0x3C, 0x3F, 0xFF,
  0xFF, 0xF8, 0x00, 0x1F, 0x87, 0xFF, 0xFF, 0xF8, 0x00, 0x0F, 0xF8, 0xFF,
  0xFF, 0xFC, 0x00, 0x03, 0xFF, 0x00, 0x00, 0x00, 0x00, 0x00, 0xFF, 0xE0,
  0x00, 0x00, 0x00, 0x00, 0x3F, 0xF8, 0x00, 0x00, 0x00, 0x00, 0x0F, 0xFE,
  0x00, 0x00, 0x00, 0x00, 0x03, 0xFF, 0x80, 0x00, 0x00, 0x00, 0x00, 0xFF,
  0xE0, 0x00, 0x00, 0x00, 0x00, 0x3F, 0xF8, 0x00, 0x00, 0x00, 0x00, 0x0F,
  0xFE, 0x00, 0x00, 0x00, 0x00, 0x03, 0xFF, 0x80, 0x00, 0x00, 0x00, 0x00,
  0xFF, 0xE0, 0x00, 0x00, 0x00, 0x00, 0x3F, 0xF8, 0x00, 0x00, 0x00, 0x00,
  0x1F, 0xFE, 0x00, 0x00, 0x00, 0x00, 0x07, 0xFF, 0x00, 0x00, 0x00, 0x00,
  0x01, 0xFF, 0xC0, 0x00, 0x00, 0x00, 0x00, 0x7F, 0xF0, 0x00, 0x00, 0x00,
  0x00, 0x1F, 0xFC, 0x00, 0x00, 0x00, 0x00, 0x07, 0xFF, 0x00, 0x00, 0x00,
  0x00, 0x01, 0xFF, 0xC0, 0x00, 0x00, 0x00, 0x00, 0x7F, 0xF0, 0x00, 0x00,
  0x00, 0x00, 0x1F, 0xFC, 0x00, 0x00, 0x00, 0x00, 0x07, 0xFF, 0x00, 0x00,
  0x00, 0x00, 0x01, 0xFF, 0xC0, 0x00, 0x00, 0x00, 0x00, 0x7F, 0xF0, 0x00,
  0x00, 0x00, 0x00, 0x1F, 0xFC, 0x00, 0x00, 0x00, 0x00, 0x07, 0xFF, 0x00,
  0x00, 0x00, 0x00, 0x01, 0xFF, 0xC0, 0x00, 0x00, 0x00, 0x00, 0x7F, 0xE0,
  0x00, 0x00, 0x00, 0x00, 0x1F, 0xF0, 0x00, 0x00, 0x00, 0x00, 0x0F, 0xF8,
  0xFF, 0xFF, 0xF8, 0x00, 0x03, 0xFC, 0x7F, 0xFF, 0xFF, 0x00, 0x00, 0x7E,
  0x3F, 0xFF, 0xFF, 0xC0, 0x00, 0x1F, 0x1F, 0xFF, 0xFF, 0xF0, 0x00, 0x07,
  0x8F, 0xFF, 0xFF, 0xFE, 0x00, 0x01, 0xC7, 0xFF, 0xFF, 0xFF, 0x80, 0x00,
  0x23, 0xFF, 0xFF, 0xFF, 0xE0, 0x00, 0x01, 0xFF, 0xFF, 0xFF, 0xF8, 0x00,
  0x00, 0xFF, 0xFF, 0xFF, 0xFF, 0x00, 0x00, 0x1F, 0xFF, 0xFF, 0xFF, 0xC0,
  0x00, 0x01, 0xFF, 0xFF, 0xFF, 0xF0, 0x00, 0x00, 0x00, 0x7F, 0xFF, 0xFF,
  0xFC, 0x00, 0x07, 0xFF, 0xFF, 0xFF, 0xE2, 0x00, 0x7F, 0xFF, 0xFF, 0xFF,
  0x9E, 0x00, 0xFF, 0xFF, 0xFF, 0xFE, 0x7C, 0x01, 0xFF, 0xFF, 0xFF, 0xF1,
  0xF0, 0x03, 0xFF, 0xFF, 0xFF, 0xCF, 0xE0, 0x07, 0xFF, 0xFF, 0xFE, 0x3F,
  0x80, 0x0F, 0xFF, 0xFF, 0xF9, 0xFF, 0x00, 0x1F, 0xFF, 0xFF, 0xC7, 0xFC,
  0x00, 0x3F, 0xFF, 0xFF, 0x3F, 0xF0, 0x00, 0x7F, 0xFF, 0xFC, 0xFF, 0xC0,
  0x00, 0x00, 0x00, 0x03, 0xFF, 0x00, 0x00, 0x00, 0x00, 0x1F, 0xFC, 0x00,
  0x00, 0x00, 0x00, 0x7F, 0xF0, 0x00, 0x00, 0x00, 0x01, 0xFF, 0xC0, 0x00,
  0x00, 0x00, 0x07, 0xFF, 0x00, 0x00, 0x00, 0x00, 0x1F, 0xFC, 0x00, 0x00,
  0x00, 0x00, 0x7F, 0xF0, 0x00, 0x00, 0x00, 0x01, 0xFF, 0xC0, 0x00, 0x00,
  0x00, 0x07, 0xFF, 0x00, 0x00, 0x00, 0x00, 0x1F, 0xFC, 0x00, 0x00, 0x00,
  0x00, 0xFF, 0xE0, 0x00, 0x00, 0x00, 0x03, 0xFF, 0x80, 0x00, 0x00, 0x00,
  0x0F, 0xFE, 0x00, 0x00, 0x00, 0x00, 0x3F, 0xF8, 0x00, 0x00, 0x00, 0x00,
  0xFF, 0xE0, 0x00, 0x00, 0x00, 0x03, 0xFF, 0x80, 0x00, 0x00, 0x00, 0x0F,
  0xFE, 0x00, 0x00, 0x00, 0x00, 0x3F, 0xF8, 0x00, 0x00, 0x00, 0x00, 0xFF,
  0xE0, 0x00, 0x00, 0x00, 0x03, 0xFF, 0x80, 0x00, 0x00, 0x00, 0x0F, 0xFE,
  0x00, 0x00, 0x00, 0x00, 0x3F, 0xF8, 0x00, 0x00, 0x00, 0x00, 0xFF, 0xE0,
  0x00, 0x00, 0x00, 0x03, 0xFF, 0x80, 0x00, 0x00, 0x00, 0x0F, 0xFE, 0x00,
  0x00, 0x00, 0x00, 0x7F, 0xF8, 0x00, 0x00, 0x00, 0x01, 0xFF, 0xC0, 0x00,
  0x00, 0x00, 0x01, 0xFF, 0x00, 0x07, 0xFF, 0xFF, 0xC3, 0xFC, 0x00, 0x7F,
  0xFF, 0xFF, 0xC7, 0xF0, 0x03, 0xFF, 0xFF, 0xFF, 0x8F, 0x00, 0x1F, 0xFF,
  0xFF, 0xFF, 0x08, 0x01, 0xFF, 0xFF, 0xFF, 0xFE, 0x00, 0x0F, 0xFF, 0xFF,
  0xFF, 0xFE, 0x00, 0x1F, 0xFF, 0xFF, 0xFF, 0xE0, 0x00, 0x3F, 0xFF, 0xFF,
  0xFF, 0x18, 0x00, 0x3F, 0xFF, 0xFF, 0xF8, 0xF0, 0x00, 0x7F, 0xFF, 0xFF,
  0x87, 0xE0, 0x00, 0xFF, 0xFF, 0xFC, 0x7F, 0xC0, 0x00, 0x00, 0x00, 0x03,
  0xFF, 0x00, 0x00, 0x00, 0x00, 0x1F, 0xFC, 0x00, 0x00, 0x00, 0x00, 0xFF,
  0xF0, 0x00, 0x00, 0x00, 0x03, 0xFF, 0x80, 0x00, 0x00, 0x00, 0x0F, 0xFE,
  0x00, 0x00, 0x00, 0x00, 0x3F, 0xF8, 0x00, 0x00, 0x00, 0x00, 0xFF, 0xE0,
  0x00, 0x00, 0x00, 0x03, 0xFF, 0x80, 0x00, 0x00, 0x00, 0x0F, 0xFE, 0x00,
  0x00, 0x00, 0x00, 0x3F, 0xF8, 0x00, 0x00, 0x00, 0x00, 0xFF, 0xE0, 0x00,
  0x00, 0x00, 0x03, 0xFF, 0x80, 0x00, 0x00, 0x00, 0x0F, 0xFE, 0x00, 0x00,
  0x00, 0x00, 0x3F, 0xF8, 0x00, 0x00, 0x00, 0x00, 0xFF, 0xE0, 0x00, 0x00,
  0x00, 0x03, 0xFF, 0x80, 0x00, 0x00, 0x00, 0x0F, 0xFE, 0x00, 0x00, 0x00,
  0x00, 0x7F, 0xF8, 0x00, 0x00, 0x00, 0x01, 0xFF, 0xE0, 0x00, 0x00, 0x00,
  0x07, 0xFF, 0x80, 0x00, 0x00, 0x00, 0x1F, 0xFC, 0x00, 0x00, 0x00, 0x00,
  0x7F, 0xF0, 0x00, 0x00, 0x00, 0x01, 0xFF, 0xC0, 0x00, 0x00, 0x00, 0x07,
  0xFF, 0x00, 0x00, 0x00, 0x00, 0x1F, 0xFC, 0x00, 0x00, 0x00, 0x00, 0x7F,
  0xF0, 0x00, 0x00, 0x00, 0x01, 0xFF, 0xC0, 0x00, 0x00, 0x00, 0x07, 0xFF,
  0x00, 0x0F, 0xFF, 0xFF, 0x8F, 0xFC, 0x00, 0x7F, 0xFF, 0xFF, 0x3F, 0xF0,
  0x03, 0xFF, 0xFF, 0xFC, 0xFF, 0xC0, 0x1F, 0xFF, 0xFF, 0xF1, 0xFE, 0x00,
  0xFF, 0xFF, 0xFF, 0xE7, 0xF8, 0x07, 0xFF, 0xFF, 0xFF, 0x9F, 0xC0, 0x3F,
  0xFF, 0xFF, 0xFE, 0x7F, 0x01, 0xFF, 0xFF, 0xFF, 0xF8, 0xF8, 0x0F, 0xFF,
  0xFF, 0xFF, 0xF3, 0xC0, 0x1F, 0xFF, 0xFF, 0xFF, 0xCC, 0x00, 0x1F, 0xFF,
  0xFF, 0xFF, 0x00, 0x00, 0x00, 0x00, 0x00, 0x00, 0x00, 0x40, 0x00, 0x00,
  0x00, 0x00, 0x01, 0xE0, 0x00, 0x00, 0x00, 0x00, 0x03, 0xE0, 0x40, 0x00,
  0x00, 0x00, 0x07, 0xC1, 0xC0, 0x00, 0x00, 0x00, 0x1F, 0xC3, 0xC0, 0x00,
  0x00, 0x00, 0x3F, 0x8F, 0xC0, 0x00, 0x00, 0x00, 0xFF, 0x9F, 0xC0, 0x00,
  0x00, 0x01, 0xFF, 0x3F, 0xC0, 0x00, 0x00, 0x07, 0xFE, 0x7F, 0xC0, 0x00,
  0x00, 0x0F, 0xFC, 0xFF, 0x80, 0x00, 0x00, 0x1F, 0xF9, 0xFF, 0x80, 0x00,
  0x00, 0x7F, 0xF7, 0xFF, 0x80, 0x00, 0x00, 0xFF, 0xEF, 0xFF, 0x00, 0x00,
  0x01, 0xFF, 0xDF, 0xFC, 0x00, 0x00, 0x03, 0xFF, 0xBF, 0xF8, 0x00, 0x00,
  0x07, 0xFF, 0x7F, 0xF0, 0x00, 0x00, 0x0F, 0xFE, 0xFF, 0xE0, 0x00, 0x00,
  0x1F, 0xFD, 0xFF, 0xC0, 0x00, 0x00, 0x3F, 0xFB, 0xFF, 0x80, 0x00, 0x00,
  0x7F, 0xF7, 0xFF, 0x00, 0x00, 0x01, 0xFF, 0xCF, 0xFE, 0x00, 0x00, 0x03,
  0xFF, 0x9F, 0xFC, 0x00, 0x00, 0x07, 0xFF, 0x3F, 0xF8, 0x00, 0x00, 0x0F,
  0xFE, 0x7F, 0xF0, 0x00, 0x00, 0x1F, 0xFC, 0xFF, 0xE0, 0x00, 0x00, 0x3F,
  0xF9, 0xFF, 0xC0, 0x00, 0x00, 0x7F, 0xF3, 0xFF, 0x80, 0x00, 0x00, 0xFF,
  0xEF, 0xFF, 0x00, 0x00, 0x01, 0xFF, 0xDF, 0xFC, 0x00, 0x00, 0x03, 0xFF,
  0xBF, 0xF8, 0x00, 0x00, 0x07, 0xFF, 0x7F, 0xF0, 0x00, 0x00, 0x0F, 0xFE,
  0xFF, 0xE0, 0x00, 0x00, 0x1F, 0xFD, 0xFF, 0xC0, 0x00, 0x00, 0x3F, 0xFB,
  0xFF, 0x80, 0x00, 0x00, 0x7F, 0xF7, 0xFF, 0x00, 0x00, 0x01, 0xFF, 0xEF,
  0xFE, 0x00, 0x00, 0x03, 0xFF, 0x9F, 0xF8, 0x00, 0x00, 0x01, 0xFF, 0x3F,
  0xC3, 0xFF, 0xFF, 0xE1, 0xFE, 0x7F, 0x1F, 0xFF, 0xFF, 0xF1, 0xFC, 0x38,
  0x7F, 0xFF, 0xFF, 0xF1, 0xE0, 0x21, 0xFF, 0xFF, 0xFF, 0xF0, 0x80, 0x0F,
  0xFF, 0xFF, 0xFF, 0xF0, 0x00, 0x3F, 0xFF, 0xFF, 0xFF, 0xF8, 0x00, 0x3F,
  0xFF, 0xFF, 0xFF, 0xC0, 0x00, 0x3F, 0xFF, 0xFF, 0xFF, 0x18, 0x00, 0x1F,
  0xFF, 0xFF, 0xFC, 0x78, 0x00, 0x1F, 0xFF, 0xFF, 0xE1, 0xF8, 0x00, 0x1F,
  0xFF, 0xFF, 0x8F, 0xF8, 0x00, 0x00, 0x00, 0x00, 0x3F, 0xF0, 0x00, 0x00,
  0x00, 0x00, 0xFF, 0xE0, 0x00, 0x00, 0x00, 0x03, 0xFF, 0xC0, 0x00, 0x00,
  0x00, 0x07, 0xFF, 0x00, 0x00, 0x00, 0x00, 0x0F, 0xFE, 0x00, 0x00, 0x00,
  0x00, 0x1F, 0xFC, 0x00, 0x00, 0x00, 0x00, 0x3F, 0xF8, 0x00, 0x00, 0x00,
  0x00, 0x7F, 0xF0, 0x00, 0x00, 0x00, 0x00, 0xFF, 0xE0, 0x00, 0x00, 0x00,
  0x01, 0xFF, 0xC0, 0x00, 0x00, 0x00, 0x03, 0xFF, 0x80, 0x00, 0x00, 0x00,
  0x07, 0xFF, 0x00, 0x00, 0x00, 0x00, 0x0F, 0xFE, 0x00, 0x00, 0x00, 0x00,
  0x1F, 0xFC, 0x00, 0x00, 0x00, 0x00, 0x3F, 0xF8, 0x00, 0x00, 0x00, 0x00,
  0x7F, 0xF0, 0x00, 0x00, 0x00, 0x00, 0xFF, 0xE0, 0x00, 0x00, 0x00, 0x03,
  0xFF, 0xC0, 0x00, 0x00, 0x00, 0x07, 0xFF, 0x80, 0x00, 0x00, 0x00, 0x0F,
  0xFF, 0x00, 0x00, 0x00, 0x00, 0x1F, 0xFC, 0x00, 0x00, 0x00, 0x00, 0x3F,
  0xF8, 0x00, 0x00, 0x00, 0x00, 0x7F, 0xF0, 0x00, 0x00, 0x00, 0x00, 0xFF,
  0xE0, 0x00, 0x00, 0x00, 0x01, 0xFF, 0xC0, 0x00, 0x00, 0x00, 0x03, 0xFF,
  0x80, 0x00, 0x00, 0x00, 0x07, 0xFF, 0x00, 0x00, 0x00, 0x00, 0x0F, 0xFE,
  0x00, 0x00, 0x00, 0x00, 0x0F, 0xFC, 0x00, 0x00, 0x00, 0x00, 0x1F, 0xF8,
  0x00, 0x00, 0x00, 0x00, 0x3F, 0xF0, 0x00, 0x00, 0x00, 0x00, 0x3F, 0xC0,
  0x00, 0x00, 0x00, 0x00, 0x7F, 0x80, 0x00, 0x00, 0x00, 0x00, 0xFE, 0x00,
  0x00, 0x00, 0x00, 0x01, 0xFC, 0x00, 0x00, 0x00, 0x00, 0x01, 0xF0, 0x00,
  0x00, 0x00, 0x00, 0x03, 0xC0, 0x00, 0x00, 0x00, 0x00, 0x06, 0x00, 0x00,
  0x00, 0x3F, 0xFF, 0xFF, 0xFE, 0x00, 0x07, 0xFF, 0xFF, 0xFF, 0xE0, 0x00,
  0xFF, 0xFF, 0xFF, 0xFF, 0x00, 0x03, 0xFF, 0xFF, 0xFF, 0xF8, 0x00, 0x8F,
  0xFF, 0xFF, 0xFF, 0x80, 0x0E, 0x3F, 0xFF, 0xFF, 0xFC, 0x00, 0x78, 0xFF,
  0xFF, 0xFF, 0xC0, 0x07, 0xE3, 0xFF, 0xFF, 0xFE, 0x00, 0x3F, 0x8F, 0xFF,
  0xFF, 0xE0, 0x01, 0xFE, 0x3F, 0xFF, 0xFF, 0x00, 0x0F, 0xF8, 0xFF, 0xFF,
  0xF8, 0x00, 0x7F, 0xC0, 0x00, 0x00, 0x00, 0x03, 0xFF, 0x00, 0x00, 0x00,
  0x00, 0x3F, 0xFC, 0x00, 0x00, 0x00, 0x01, 0xFF, 0xE0, 0x00, 0x00, 0x00,
  0x0F, 0xFE, 0x00, 0x00, 0x00, 0x00, 0x7F, 0xF0, 0x00, 0x00, 0x00, 0x03,
  0xFF, 0x80, 0x00, 0x00, 0x00, 0x1F, 0xFC, 0x00, 0x00, 0x00, 0x00, 0xFF,
  0xE0, 0x00, 0x00, 0x00, 0x07, 0xFF, 0x00, 0x00, 0x00, 0x00, 0x3F, 0xF8,
  0x00, 0x00, 0x00, 0x01, 0xFF, 0xC0, 0x00, 0x00, 0x00, 0x0F, 0xFE, 0x00,
  0x00, 0x00, 0x00, 0x7F, 0xF0, 0x00, 0x00, 0x00, 0x03, 0xFF, 0x80, 0x00,
  0x00, 0x00, 0x1F, 0xFC, 0x00, 0x00, 0x00, 0x00, 0xFF, 0xE0, 0x00, 0x00,
  0x00, 0x07, 0xFF, 0x00, 0x00, 0x00, 0x00, 0x7F, 0xF8, 0x00, 0x00, 0x00,
  0x03, 0xFF, 0x80, 0x00, 0x00, 0x00, 0x1F, 0xFC, 0x00, 0x00, 0x00, 0x00,
  0xFF, 0xE0, 0x00, 0x00, 0x00, 0x07, 0xFF, 0x00, 0x00, 0x00, 0x00, 0x3F,
  0xF8, 0x00, 0x00, 0x00, 0x01, 0xFF, 0xC0, 0x00, 0x00, 0x00, 0x0F, 0xFE,
  0x00, 0x00, 0x00, 0x00, 0x7F, 0xF0, 0x00, 0x00, 0x00, 0x03, 0xFF, 0x00,
  0x00, 0x00, 0x00, 0x1F, 0xE1, 0xFF, 0xFF, 0xF0, 0x00, 0xFE, 0x3F, 0xFF,
  0xFF, 0xE0, 0x01, 0xC3, 0xFF, 0xFF, 0xFF, 0x80, 0x04, 0x3F, 0xFF, 0xFF,
  0xFE, 0x00, 0x07, 0xFF, 0xFF, 0xFF, 0xF8, 0x00, 0x7F, 0xFF, 0xFF, 0xFF,
  0xF0, 0x01, 0xFF, 0xFF, 0xFF, 0xFE, 0x00, 0x07, 0xFF, 0xFF, 0xFF, 0xE3,
  0x00, 0x0F, 0xFF, 0xFF, 0xFE, 0x3C, 0x00, 0x3F, 0xFF, 0xFF, 0xC3, 0xF0,
  0x00, 0xFF, 0xFF, 0xFC, 0x7F, 0xC0, 0x00, 0x00, 0x00, 0x07, 0xFE, 0x00,
  0x00, 0x00, 0x00, 0x7F, 0xF0, 0x00, 0x00, 0x00, 0x07, 0xFF, 0x80, 0x00,
  0x00, 0x00, 0x3F, 0xF8, 0x00, 0x00, 0x00, 0x01, 0xFF, 0xC0, 0x00, 0x00,
  0x00, 0x0F, 0xFE, 0x00, 0x00, 0x00, 0x00, 0x7F, 0xF0, 0x00, 0x00, 0x00,
  0x03, 0xFF, 0x80, 0x00, 0x00, 0x00, 0x1F, 0xFC, 0x00, 0x00, 0x00, 0x00,
  0xFF, 0xE0, 0x00, 0x00, 0x00, 0x07, 0xFF, 0x00, 0x00, 0x00, 0x00, 0x3F,
  0xF8, 0x00, 0x00, 0x00, 0x01, 0xFF, 0xC0, 0x00, 0x00, 0x00, 0x0F, 0xFE,
  0x00, 0x00, 0x00, 0x00, 0x7F, 0xF0, 0x00, 0x00, 0x00, 0x03, 0xFF, 0x80,
  0x00, 0x00, 0x00, 0x1F, 0xFC, 0x00, 0x00, 0x00, 0x01, 0xFF, 0xE0, 0x00,
  0x00, 0x00, 0x0F, 0xFF, 0x00, 0x00, 0x00, 0x00, 0x7F, 0xF8, 0x00, 0x00,
  0x00, 0x03, 0xFF, 0x80, 0x00, 0x00, 0x00, 0x1F, 0xFC, 0x00, 0x00, 0x00,
  0x00, 0xFF, 0xE0, 0x00, 0x00, 0x00, 0x07, 0xFF, 0x00, 0x00, 0x00, 0x00,
  0x3F, 0xF8, 0x00, 0x00, 0x00, 0x01, 0xFF, 0xC0, 0x00, 0x00, 0x00, 0x0F,
  0xFE, 0x00, 0x00, 0x00, 0x00, 0x7F, 0xF0, 0x01, 0xFF, 0xFF, 0xF1, 0xFF,
  0x80, 0x1F, 0xFF, 0xFF, 0xCF, 0xFC, 0x01, 0xFF, 0xFF, 0xFE, 0x7F, 0xE0,
  0x1F, 0xFF, 0xFF, 0xF1, 0xFE, 0x01, 0xFF, 0xFF, 0xFF, 0xCF, 0xF0, 0x1F,
  0xFF, 0xFF, 0xFE, 0x7F, 0x01, 0xFF, 0xFF, 0xFF, 0xF3, 0xF8, 0x1F, 0xFF,
  0xFF, 0xFF, 0x8F, 0x81, 0xFF, 0xFF, 0xFF, 0xFE, 0x78, 0x07, 0xFF, 0xFF,
  0xFF, 0xF3, 0x00, 0x0F, 0xFF, 0xFF, 0xFF, 0x80, 0x00, 0x00, 0x07, 0xFF,
  0xFF, 0xFF, 0xC0, 0x00, 0x1F, 0xFF, 0xFF, 0xFF, 0x80, 0x00, 0x7F, 0xFF,
  0xFF, 0xFF, 0x80, 0x00, 0x3F, 0xFF, 0xFF, 0xFF, 0x80, 0x01, 0x1F, 0xFF,
  0xFF, 0xFF, 0x00, 0x03, 0x8F, 0xFF, 0xFF, 0xFF, 0x00, 0x03, 0xC7, 0xFF,
  0xFF, 0xFE, 0x00, 0x07, 0xE3, 0xFF, 0xFF, 0xFE, 0x00, 0x07, 0xF1, 0xFF,
  0xFF, 0xFC, 0x00, 0x07, 0xF8, 0xFF, 0xFF, 0xFC, 0x00, 0x07, 0xFC, 0x7F,
  0xFF, 0xFC, 0x00, 0x07, 0xFC, 0x00, 0x00, 0x00, 0x00, 0x07, 0xFE, 0x00,
  0x00, 0x00, 0x00, 0x0F, 0xFF, 0x00, 0x00, 0x00, 0x00, 0x0F, 0xFF, 0x00,
  0x00, 0x00, 0x00, 0x0F, 0xFE, 0x00, 0x00, 0x00, 0x00, 0x0F, 0xFE, 0x00,
  0x00, 0x00, 0x00, 0x0F, 0xFE, 0x00, 0x00, 0x00, 0x00, 0x0F, 0xFE, 0x00,
  0x00, 0x00, 0x00, 0x0F, 0xFE, 0x00, 0x00, 0x00, 0x00, 0x0F, 0xFE, 0x00,
  0x00, 0x00, 0x00, 0x0F, 0xFE, 0x00, 0x00, 0x00, 0x00, 0x0F, 0xFE, 0x00,
  0x00, 0x00, 0x00, 0x0F, 0xFE, 0x00, 0x00, 0x00, 0x00, 0x0F, 0xFE, 0x00,
  0x00, 0x00, 0x00, 0x0F, 0xFE, 0x00, 0x00, 0x00, 0x00, 0x0F, 0xFE, 0x00,
  0x00, 0x00, 0x00, 0x0F, 0xFE, 0x00, 0x00, 0x00, 0x00, 0x0F, 0xFE, 0x00,
  0x00, 0x00, 0x00, 0x1F, 0xFE, 0x00, 0x00, 0x00, 0x00, 0x1F, 0xFC, 0x00,
  0x00, 0x00, 0x00, 0x1F, 0xFC, 0x00, 0x00, 0x00, 0x00, 0x1F, 0xFC, 0x00,
  0x00, 0x00, 0x00, 0x1F, 0xFC, 0x00, 0x00, 0x00, 0x00, 0x1F, 0xFC, 0x00,
  0x00, 0x00, 0x00, 0x1F, 0xFC, 0x00, 0x00, 0x00, 0x00, 0x1F, 0xFC, 0x00,
  0x00, 0x00, 0x00, 0x1F, 0xFC, 0x00, 0x00, 0x00, 0x00, 0x1F, 0xF8, 0x00,
  0x00, 0x00, 0x00, 0x1F, 0xE1, 0xFF, 0xFF, 0xF0, 0x00, 0x1F, 0xC7, 0xFF,
  0xFF, 0xFC, 0x00, 0x07, 0x0F, 0xFF, 0xFF, 0xFE, 0x00, 0x02, 0x1F, 0xFF,
  0xFF, 0xFF, 0x00, 0x00, 0x7F, 0xFF, 0xFF, 0xFF, 0x80, 0x00, 0xFF, 0xFF,
  0xFF, 0xFF, 0xE0, 0x00, 0x7F, 0xFF, 0xFF, 0xFF, 0x80, 0x06, 0x3F, 0xFF,
  0xFF, 0xFF, 0x18, 0x0F, 0x0F, 0xFF, 0xFF, 0xFE, 0x3C, 0x1F, 0x87, 0xFF,
  0xFF, 0xF8, 0x7E, 0x3F, 0xE3, 0xFF, 0xFF, 0xF1, 0xFF, 0x3F, 0xF0, 0x00,
  0x00, 0x03, 0xFF, 0x3F, 0xF8, 0x00, 0x00, 0x07, 0xFF, 0x3F, 0xF8, 0x00,
  0x00, 0x0F, 0xFF, 0x3F, 0xF8, 0x00, 0x00, 0x0F, 0xFE, 0x3F, 0xF8, 0x00,
  0x00, 0x0F, 0xFE, 0x3F, 0xF8, 0x00, 0x00, 0x0F, 0xFE, 0x3F, 0xF8, 0x00,
  0x00, 0x0F, 0xFE, 0x3F, 0xF8, 0x00, 0x00, 0x0F, 0xFE, 0x3F, 0xF8, 0x00,
  0x00, 0x0F, 0xFE, 0x3F, 0xF8, 0x00, 0x00, 0x0F, 0xFE, 0x3F, 0xF8, 0x00,
  0x00, 0x0F, 0xFE, 0x7F, 0xF8, 0x00, 0x00, 0x0F, 0xFE, 0x7F, 0xF0, 0x00,
  0x00, 0x0F, 0xFE, 0x7F, 0xF0, 0x00, 0x00, 0x0F, 0xFE, 0x7F, 0xF0, 0x00,
  0x00, 0x0F, 0xFE, 0x7F, 0xF0, 0x00, 0x00, 0x0F, 0xFE, 0x7F, 0xF0, 0x00,
  0x00, 0x0F, 0xFE, 0x7F, 0xF0, 0x00, 0x00, 0x1F, 0xFE, 0x7F, 0xF0, 0x00,
  0x00, 0x1F, 0xFE, 0x7F, 0xF0, 0x00, 0x00, 0x1F, 0xFE, 0x7F, 0xF0, 0x00,
  0x00, 0x1F, 0xFC, 0x7F, 0xF0, 0x00, 0x00, 0x1F, 0xFC, 0x7F, 0xF0, 0x00,
  0x00, 0x1F, 0xFC, 0x7F, 0xF0, 0x00, 0x00, 0x1F, 0xFC, 0x7F, 0xF0, 0x00,
  0x00, 0x1F, 0xFC, 0x7F, 0xF0, 0x00, 0x00, 0x1F, 0xFC, 0x7F, 0xE0, 0x00,
  0x00, 0x1F, 0xFC, 0x7F, 0xC0, 0x00, 0x00, 0x1F, 0xFC, 0xFF, 0x8F, 0xFF,
  0xFF, 0x8F, 0xFC, 0xFF, 0x1F, 0xFF, 0xFF, 0xCF, 0xFC, 0x7E, 0x3F, 0xFF,
  0xFF, 0xCF, 0xFC, 0x7C, 0x7F, 0xFF, 0xFF, 0xC7, 0xF8, 0x78, 0xFF, 0xFF,
  0xFF, 0xE7, 0xF8, 0x71, 0xFF, 0xFF, 0xFF, 0xE7, 0xF0, 0x23, 0xFF, 0xFF,
  0xFF, 0xE7, 0xF0, 0x07, 0xFF, 0xFF, 0xFF, 0xE3, 0xE0, 0x0F, 0xFF, 0xFF,
  0xFF, 0xF3, 0xC0, 0x07, 0xFF, 0xFF, 0xFF, 0xF3, 0x00, 0x01, 0xFF, 0xFF,
  0xFF, 0xF0, 0x00, 0x0F, 0xFF, 0xFF, 0xFF, 0x80, 0x1F, 0xFF, 0xFF, 0xFF,
  0x88, 0x3F, 0xFF, 0xFF, 0xFF, 0xCF, 0x0F, 0xFF, 0xFF, 0xFF, 0xE7, 0xC3,
  0xFF, 0xFF, 0xFF, 0xE3, 0xE0, 0xFF, 0xFF, 0xFF, 0xF3, 0xF8, 0x3F, 0xFF,
  0xFF, 0xF1, 0xFC, 0x0F, 0xFF, 0xFF, 0xF9, 0xFF, 0x03, 0xFF, 0xFF, 0xF8,
  0xFF, 0x80, 0xFF, 0xFF, 0xFC, 0xFF, 0xC0, 0x3F, 0xFF, 0xFE, 0x7F, 0xE0,
  0x00, 0x00, 0x00, 0x3F, 0xF0, 0x00, 0x00, 0x00, 0x3F, 0xF8, 0x00, 0x00,
  0x00, 0x1F, 0xFC, 0x00, 0x00, 0x00, 0x0F, 0xFE, 0x00, 0x00, 0x00, 0x07,
  0xFF, 0x00, 0x00, 0x00, 0x03, 0xFF, 0x80, 0x00, 0x00, 0x01, 0xFF, 0xC0,
  0x00, 0x00, 0x00, 0xFF, 0xE0, 0x00, 0x00, 0x00, 0x7F, 0xF0, 0x00, 0x00,
  0x00, 0x3F, 0xF8, 0x00, 0x00, 0x00, 0x3F, 0xF8, 0x00, 0x00, 0x00, 0x1F,
  0xFC, 0x00, 0x00, 0x00, 0x0F, 0xFE, 0x00, 0x00, 0x00, 0x07, 0xFF, 0x00,
  0x00, 0x00, 0x03, 0xFF, 0x80, 0x00, 0x00, 0x01, 0xFF, 0xC0, 0x00, 0x00,
  0x00, 0xFF, 0xE0, 0x00, 0x00, 0x00, 0x7F, 0xF0, 0x00, 0x00, 0x00, 0x3F,
  0xF8, 0x00, 0x00, 0x00, 0x1F, 0xFC, 0x00, 0x00, 0x00, 0x0F, 0xFE, 0x00,
  0x00, 0x00, 0x07, 0xFF, 0x00, 0x00, 0x00, 0x03, 0xFF, 0x80, 0x00, 0x00,
  0x01, 0xFF, 0xC0, 0x00, 0x00, 0x00, 0xFF, 0xE0, 0x00, 0x00, 0x00, 0xFF,
  0xF0, 0x00, 0x00, 0x00, 0x7F, 0xF0, 0x00, 0x00, 0x00, 0x0F, 0xF8, 0x00,
  0x00, 0x00, 0x03, 0xFC, 0x00, 0x00, 0x00, 0x00, 0xFE, 0x00, 0x00, 0x00,
  0x00, 0x3C, 0x00, 0x00, 0x00, 0x00, 0x04, 0x00, 0x00, 0x00, 0x00, 0x00,
  0x00, 0x00, 0x00, 0x00, 0x00, 0x00, 0x00, 0x00, 0x00, 0x00, 0x00, 0x00,
  0x00, 0x00, 0x00, 0xC0, 0x00, 0x00, 0x00, 0x00, 0xF0, 0x00, 0x00, 0x00,
  0x00, 0xFC, 0x00, 0x00, 0x00, 0x01, 0xFF, 0x00, 0x00, 0x00, 0x01, 0xFF,
  0x80, 0x00, 0x00, 0x01, 0xFF, 0xC0, 0x00, 0x00, 0x01, 0xFF, 0xE0, 0x00,
  0x00, 0x00, 0xFF, 0xE0, 0x00, 0x00, 0x00, 0x7F, 0xF0, 0x00, 0x00, 0x00,
  0x3F, 0xF8, 0x00, 0x00, 0x00, 0x1F, 0xFC, 0x00, 0x00, 0x00, 0x0F, 0xFE,
  0x00, 0x00, 0x00, 0x07, 0xFF, 0x00, 0x00, 0x00, 0x03, 0xFF, 0x80, 0x00,
  0x00, 0x01, 0xFF, 0xC0, 0x00, 0x00, 0x00, 0xFF, 0xE0, 0x00, 0x00, 0x00,
  0x7F, 0xF0, 0x00, 0x00, 0x00, 0x3F, 0xF8, 0x00, 0x00, 0x00, 0x1F, 0xFC,
  0x00, 0x00, 0x00, 0x0F, 0xFE, 0x00, 0x00, 0x00, 0x07, 0xFF, 0x00, 0x00,
  0x00, 0x07, 0xFF, 0x80, 0x00, 0x00, 0x03, 0xFF, 0xC0, 0x00, 0x00, 0x01,
  0xFF, 0xE0, 0x00, 0x00, 0x00, 0xFF, 0xE0, 0x00, 0x00, 0x00, 0x7F, 0xF0,
  0x00, 0x00, 0x00, 0x3F, 0xF8, 0x00, 0x00, 0x00, 0x1F, 0xFC, 0x00, 0x00,
  0x00, 0x0F, 0xFE, 0x00, 0x00, 0x00, 0x07, 0xFF, 0x00, 0x00, 0x00, 0x03,
  0xFF, 0x80, 0x00, 0x00, 0x01, 0xFF, 0xC0, 0x00, 0x00, 0x00, 0x7F, 0xE0,
  0x00, 0x00, 0x00, 0x3F, 0xF0, 0x00, 0x00, 0x00, 0x1F, 0xF8, 0x00, 0x00,
  0x00, 0x07, 0xF8, 0x00, 0x00, 0x00, 0x03, 0xFC, 0x00, 0x00, 0x00, 0x01,
  0xFC, 0x00, 0x00, 0x00, 0x00, 0xFE, 0x00, 0x00, 0x00, 0x00, 0x3E, 0x00,
  0x00, 0x00, 0x00, 0x1E, 0x00, 0x00, 0x00, 0x00, 0x0C, 0x00, 0x00, 0x07,
  0xFF, 0xFF, 0xFF, 0xC0, 0x00, 0x07, 0xFF, 0xFF, 0xFF, 0xE2, 0x00, 0x07,
  0xFF, 0xFF, 0xFF, 0xF9, 0xE0, 0x00, 0xFF, 0xFF, 0xFF, 0xFE, 0x7C, 0x01,
  0x1F, 0xFF, 0xFF, 0xFF, 0x1F, 0x00, 0xE3, 0xFF, 0xFF, 0xFF, 0xCF, 0xE0,
  0x3C, 0x7F, 0xFF, 0xFF, 0xE3, 0xF8, 0x1F, 0x8F, 0xFF, 0xFF, 0xF9, 0xFF,
  0x07, 0xF1, 0xFF, 0xFF, 0xFC, 0x7F, 0xC1, 0xFE, 0x3F, 0xFF, 0xFF, 0x3F,
  0xF0, 0x7F, 0xC7, 0xFF, 0xFF, 0xCF, 0xFC, 0x1F, 0xF0, 0x00, 0x00, 0x03,
  0xFF, 0x07, 0xFE, 0x00, 0x00, 0x01, 0xFF, 0xC3, 0xFF, 0xC0, 0x00, 0x00,
  0x7F, 0xF0, 0xFF, 0xF0, 0x00, 0x00, 0x1F, 0xFC, 0x3F, 0xF8, 0x00, 0x00,
  0x07, 0xFF, 0x0F, 0xFE, 0x00, 0x00, 0x01, 0xFF, 0xC3, 0xFF, 0x80, 0x00,
  0x00, 0x7F, 0xF0, 0xFF, 0xE0, 0x00, 0x00, 0x1F, 0xFC, 0x3F, 0xF8, 0x00,
  0x00, 0x07, 0xFF, 0x0F, 0xFE, 0x00, 0x00, 0x01, 0xFF, 0xC3, 0xFF, 0x80,
  0x00, 0x00, 0xFF, 0xE0, 0xFF, 0xE0, 0x00, 0x00, 0x3F, 0xF8, 0x3F, 0xF8,
  0x00, 0x00, 0x0F, 0xFE, 0x0F, 0xFE, 0x00, 0x00, 0x03, 0xFF, 0x83, 0xFF,
  0x80, 0x00, 0x00, 0xFF, 0xE0, 0xFF, 0xE0, 0x00, 0x00, 0x3F, 0xF8, 0x3F,
  0xF8, 0x00, 0x00, 0x0F, 0xFE, 0x0F, 0xFE, 0x00, 0x00, 0x03, 0xFF, 0x87,
  0xFF, 0x80, 0x00, 0x00, 0xFF, 0xE1, 0xFF, 0xC0, 0x00, 0x00, 0x3F, 0xF8,
  0x7F, 0xF0, 0x00, 0x00, 0x0F, 0xFE, 0x1F, 0xFC, 0x00, 0x00, 0x03, 0xFF,
  0x87, 0xFF, 0x00, 0x00, 0x00, 0xFF, 0xE1, 0xFF, 0xC0, 0x00, 0x00, 0x3F,
  0xF8, 0x7F, 0xF0, 0x00, 0x00, 0x0F, 0xFE, 0x1F, 0xFC, 0x00, 0x00, 0x07,
  0xFF, 0x87, 0xFF, 0x00, 0x00, 0x01, 0xFF, 0xC1, 0xFF, 0x80, 0x00, 0x00,
  0x1F, 0xF0, 0x7F, 0x87, 0xFF, 0xFF, 0xC3, 0xFC, 0x1F, 0xC7, 0xFF, 0xFF,
  0xFC, 0x7F, 0x01, 0xC3, 0xFF, 0xFF, 0xFF, 0x8F, 0x00, 0x21, 0xFF, 0xFF,
  0xFF, 0xF0, 0x80, 0x01, 0xFF, 0xFF, 0xFF, 0xFE, 0x00, 0x00, 0xFF, 0xFF,
  0xFF, 0xFF, 0xE0, 0x00, 0x1F, 0xFF, 0xFF, 0xFF, 0xE0, 0x00, 0x63, 0xFF,
  0xFF, 0xFF, 0xF1, 0x80, 0x3C, 0x3F, 0xFF, 0xFF, 0xF8, 0xF0, 0x1F, 0x87,
  0xFF, 0xFF, 0xF8, 0x7E, 0x0F, 0xF8, 0xFF, 0xFF, 0xFC, 0x7F, 0xC3, 0xFF,
  0x00, 0x00, 0x00, 0x3F, 0xF0, 0xFF, 0xE0, 0x00, 0x00, 0x1F, 0xFC, 0x3F,
  0xF8, 0x00, 0x00, 0x0F, 0xFF, 0x0F, 0xFE, 0x00, 0x00, 0x03, 0xFF, 0x83,
  0xFF, 0x80, 0x00, 0x00, 0xFF, 0xE0, 0xFF, 0xE0, 0x00, 0x00, 0x3F, 0xF8,
  0x3F, 0xF8, 0x00, 0x00, 0x0F, 0xFE, 0x0F, 0xFE, 0x00, 0x00, 0x03, 0xFF,
  0x83, 0xFF, 0x80, 0x00, 0x00, 0xFF, 0xE0, 0xFF, 0xE0, 0x00, 0x00, 0x3F,
  0xF8, 0x3F, 0xF8, 0x00, 0x00, 0x0F, 0xFE, 0x1F, 0xFE, 0x00, 0x00, 0x03,
  0xFF, 0x87, 0xFF, 0x00, 0x00, 0x00, 0xFF, 0xE1, 0xFF, 0xC0, 0x00, 0x00,
  0x3F, 0xF8, 0x7F, 0xF0, 0x00, 0x00, 0x0F, 0xFE, 0x1F, 0xFC, 0x00, 0x00,
  0x03, 0xFF, 0x87, 0xFF, 0x00, 0x00, 0x00, 0xFF, 0xE1, 0xFF, 0xC0, 0x00,
  0x00, 0x7F, 0xF8, 0x7F, 0xF0, 0x00, 0x00, 0x1F, 0xFE, 0x1F, 0xFC, 0x00,
  0x00, 0x07, 0xFF, 0x87, 0xFF, 0x00, 0x00, 0x01, 0xFF, 0xC1, 0xFF, 0xC0,
  0x00, 0x00, 0x7F, 0xF0, 0x7F, 0xF0, 0x00, 0x00, 0x1F, 0xFC, 0x1F, 0xFC,
  0x00, 0x00, 0x07, 0xFF, 0x07, 0xFF, 0x00, 0x00, 0x01, 0xFF, 0xC1, 0xFF,
  0xC0, 0x00, 0x00, 0x7F, 0xF0, 0x7F, 0xE0, 0x00, 0x00, 0x1F, 0xFC, 0x1F,
  0xF0, 0x00, 0x00, 0x07, 0xFF, 0x0F, 0xF8, 0xFF, 0xFF, 0xF8, 0xFF, 0xC3,
  0xFC, 0x7F, 0xFF, 0xFF, 0x3F, 0xF0, 0x7E, 0x3F, 0xFF, 0xFF, 0xCF, 0xFC,
  0x1F, 0x1F, 0xFF, 0xFF, 0xF1, 0xFE, 0x07, 0x8F, 0xFF, 0xFF, 0xFE, 0x7F,
  0x81, 0xC7, 0xFF, 0xFF, 0xFF, 0x9F, 0xC0, 0x23, 0xFF, 0xFF, 0xFF, 0xE7,
  0xF0, 0x01, 0xFF, 0xFF, 0xFF, 0xF8, 0xF8, 0x00, 0xFF, 0xFF, 0xFF, 0xFF,
  0x3C, 0x00, 0x1F, 0xFF, 0xFF, 0xFF, 0xCC, 0x00, 0x01, 0xFF, 0xFF, 0xFF,
  0xF0, 0x00, 0x00, 0x00, 0x3F, 0xFF, 0xFF, 0xFE, 0x00, 0x01, 0xFF, 0xFF,
  0xFF, 0xF8, 0x80, 0x0F, 0xFF, 0xFF, 0xFF, 0xF3, 0xC0, 0x0F, 0xFF, 0xFF,
  0xFF, 0xE7, 0xC0, 0x8F, 0xFF, 0xFF, 0xFF, 0x8F, 0x83, 0x8F, 0xFF, 0xFF,
  0xFF, 0x3F, 0x87, 0x8F, 0xFF, 0xFF, 0xFC, 0x7F, 0x1F, 0x8F, 0xFF, 0xFF,
  0xF9, 0xFF, 0x3F, 0x8F, 0xFF, 0xFF, 0xE3, 0xFE, 0x7F, 0x8F, 0xFF, 0xFF,
  0xCF, 0xFC, 0xFF, 0x8F, 0xFF, 0xFF, 0x9F, 0xF9, 0xFF, 0x00, 0x00, 0x00,
  0x3F, 0xF3, 0xFF, 0x00, 0x00, 0x00, 0xFF, 0xEF, 0xFF, 0x00, 0x00, 0x01,
  0xFF, 0xDF, 0xFE, 0x00, 0x00, 0x03, 0xFF, 0xBF, 0xF8, 0x00, 0x00, 0x07,
  0xFF, 0x7F, 0xF0, 0x00, 0x00, 0x0F, 0xFE, 0xFF, 0xE0, 0x00, 0x00, 0x1F,
  0xFD, 0xFF, 0xC0, 0x00, 0x00, 0x3F, 0xFB, 0xFF, 0x80, 0x00, 0x00, 0x7F,
  0xF7, 0xFF, 0x00, 0x00, 0x00, 0xFF, 0xEF, 0xFE, 0x00, 0x00, 0x03, 0xFF,
  0x9F, 0xFC, 0x00, 0x00, 0x07, 0xFF, 0x3F, 0xF8, 0x00, 0x00, 0x0F, 0xFE,
  0x7F, 0xF0, 0x00, 0x00, 0x1F, 0xFC, 0xFF, 0xE0, 0x00, 0x00, 0x3F, 0xF9,
  0xFF, 0xC0, 0x00, 0x00, 0x7F, 0xF3, 0xFF, 0x80, 0x00, 0x00, 0xFF, 0xE7,
  0xFF, 0x00, 0x00, 0x01, 0xFF, 0xDF, 0xFE, 0x00, 0x00, 0x03, 0xFF, 0xBF,
  0xF8, 0x00, 0x00, 0x07, 0xFF, 0x7F, 0xF0, 0x00, 0x00, 0x0F, 0xFE, 0xFF,
  0xE0, 0x00, 0x00, 0x1F, 0xFD, 0xFF, 0xC0, 0x00, 0x00, 0x3F, 0xFB, 0xFF,
  0x80, 0x00, 0x00, 0x7F, 0xF7, 0xFF, 0x00, 0x00, 0x00, 0xFF, 0xEF, 0xFE,
  0x00, 0x00, 0x03, 0xFF, 0xDF, 0xFC, 0x00, 0x00, 0x07, 0xFF, 0x3F, 0xF0,
  0x00, 0x00, 0x03, 0xFE, 0x7F, 0x87, 0xFF, 0xFF, 0xC3, 0xFC, 0xFE, 0x3F,
  0xFF, 0xFF, 0xE3, 0xF8, 0x70, 0xFF, 0xFF, 0xFF, 0xE3, 0xC0, 0x43, 0xFF,
  0xFF, 0xFF, 0xE1, 0x00, 0x1F, 0xFF, 0xFF, 0xFF, 0xE0, 0x00, 0x7F, 0xFF,
  0xFF, 0xFF, 0xF0, 0x00, 0x7F, 0xFF, 0xFF, 0xFF, 0x80, 0x00, 0x7F, 0xFF,
  0xFF, 0xFE, 0x30, 0x00, 0x3F, 0xFF, 0xFF, 0xF8, 0xF0, 0x00, 0x3F, 0xFF,
  0xFF, 0xC3, 0xF0, 0x00, 0x3F, 0xFF, 0xFF, 0x1F, 0xF0, 0x00, 0x00, 0x00,
  0x00, 0x7F, 0xE0, 0x00, 0x00, 0x00, 0x01, 0xFF, 0xC0, 0x00, 0x00, 0x00,
  0x07, 0xFF, 0x80, 0x00, 0x00, 0x00, 0x0F, 0xFE, 0x00, 0x00, 0x00, 0x00,
  0x1F, 0xFC, 0x00, 0x00, 0x00, 0x00, 0x3F, 0xF8, 0x00, 0x00, 0x00, 0x00,
  0x7F, 0xF0, 0x00, 0x00, 0x00, 0x00, 0xFF, 0xE0, 0x00, 0x00, 0x00, 0x01,
  0xFF, 0xC0, 0x00, 0x00, 0x00, 0x03, 0xFF, 0x80, 0x00, 0x00, 0x00, 0x07,
  0xFF, 0x00, 0x00, 0x00, 0x00, 0x0F, 0xFE, 0x00, 0x00, 0x00, 0x00, 0x1F,
  0xFC, 0x00, 0x00, 0x00, 0x00, 0x3F, 0xF8, 0x00, 0x00, 0x00, 0x00, 0x7F,
  0xF0, 0x00, 0x00, 0x00, 0x00, 0xFF, 0xE0, 0x00, 0x00, 0x00, 0x01, 0xFF,
  0xC0, 0x00, 0x00, 0x00, 0x07, 0xFF, 0x80, 0x00, 0x00, 0x00, 0x0F, 0xFF,
  0x00, 0x00, 0x00, 0x00, 0x1F, 0xFE, 0x00, 0x00, 0x00, 0x00, 0x3F, 0xF8,
  0x00, 0x00, 0x00, 0x00, 0x7F, 0xF0, 0x00, 0x00, 0x00, 0x00, 0xFF, 0xE0,
  0x00, 0x00, 0x00, 0x01, 0xFF, 0xC0, 0x00, 0x00, 0x00, 0x03, 0xFF, 0x80,
  0x00, 0x00, 0x00, 0x07, 0xFF, 0x00, 0x00, 0x00, 0x00, 0x0F, 0xFE, 0x00,
  0x00, 0x00, 0x00, 0x1F, 0xFC, 0x00, 0x1F, 0xFF, 0xFF, 0x1F, 0xF8, 0x00,
  0x7F, 0xFF, 0xFF, 0x3F, 0xF0, 0x01, 0xFF, 0xFF, 0xFE, 0x7F, 0xE0, 0x07,
  0xFF, 0xFF, 0xFC, 0x7F, 0x80, 0x1F, 0xFF, 0xFF, 0xFC, 0xFF, 0x00, 0x7F,
  0xFF, 0xFF, 0xF9, 0xFC, 0x01, 0xFF, 0xFF, 0xFF, 0xF3, 0xF8, 0x07, 0xFF,
  0xFF, 0xFF, 0xE3, 0xE0, 0x1F, 0xFF, 0xFF, 0xFF, 0xE7, 0x80, 0x1F, 0xFF,
  0xFF, 0xFF, 0xCC, 0x00, 0x0F, 0xFF, 0xFF, 0xFF, 0x80, 0x00, 0x1F, 0xFC,
  0x7F, 0xF1, 0xFF, 0xCF, 0xFF, 0x3F, 0xF8, 0xFF, 0xE3, 0xFF, 0x8F, 0xFE,
  0x3F, 0xF8, 0xFF, 0xE3, 0xFF, 0x80, 0x00, 0x00, 0x00, 0x00, 0x00, 0x00,
  0x00, 0x00, 0x00, 0x00, 0x00, 0x00, 0x00, 0x00, 0x00, 0x00, 0x00, 0x00,
  0x00, 0x00, 0x00, 0x00, 0x00, 0x00, 0x00, 0x00, 0x00, 0x00, 0x00, 0x00,
  0x00, 0x00, 0x00, 0x00, 0x00, 0x00, 0x00, 0x00, 0x00, 0x00, 0x00, 0x00,
  0x00, 0x00, 0x00, 0x00, 0x00, 0x00, 0x3F, 0xF8, 0xFF, 0xE3, 0xFF, 0x8F,
  0xFE, 0x3F, 0xF8, 0xFF, 0xE3, 0xFF, 0x8F, 0xFE, 0x3F, 0xF8, 0xFF, 0xE3,
  0xFF, 0x80, 0x00, 0x00, 0x00, 0x1F, 0xFF, 0xFF, 0x00, 0x00, 0xFF, 0xFF,
  0xFF, 0x80, 0x03, 0xFF, 0xFF, 0xFF, 0x80, 0x0F, 0xFF, 0xFF, 0xFF, 0x80,
  0x7F, 0xFF, 0xFF, 0xFF, 0x81, 0xFF, 0xFF, 0xFF, 0xFF, 0xC1, 0xFF, 0xFF,
  0xFF, 0xFE, 0x01, 0xFF, 0xFF, 0xFF, 0xF8, 0x00, 0xFF, 0xFF, 0xFF, 0xE0,
  0x00, 0xFF, 0xFF, 0xFF, 0x00, 0x00, 0xFF, 0xFF, 0xFC, 0x00, 0x00, 0x00,
  0x00, 0x00, 0x00, 0x00, 0x00, 0x00, 0x00, 0x00, 0x00, 0x00, 0x00, 0x00,
  0x00, 0x00, 0x00, 0x00, 0x00, 0x00, 0x00, 0x00, 0x00, 0x00, 0x00, 0x00,
  0x00, 0x00, 0x00, 0x00, 0x00, 0x00, 0x00, 0x00, 0x00, 0x00, 0x00, 0x00,
  0x00, 0x00, 0x00, 0x00, 0x00, 0x00, 0x00, 0x00, 0x00, 0x00, 0x00, 0x00,
  0x00, 0x00, 0x00, 0x00, 0x00, 0x00, 0x00, 0x00, 0x00, 0x00, 0x00, 0x00,
  0x00, 0x00, 0x00, 0x00, 0x00, 0x00, 0x00, 0x00, 0x00, 0x00, 0x00, 0x00,
  0x00, 0x00, 0x00, 0x00, 0x00, 0x00, 0x00, 0x00, 0x00, 0x00, 0x00, 0x00,
  0x00, 0x00, 0x00, 0x00, 0x00, 0x00, 0x00, 0x00, 0x00, 0x00, 0x00, 0x00,
  0x00, 0x00, 0x00, 0x00, 0x00, 0x00, 0x00, 0x00, 0x00, 0x00, 0x00, 0x00,
  0x00, 0x00, 0x00, 0x00, 0x00, 0x00, 0x00, 0x00, 0x00, 0x00, 0x00, 0x00,
  0x00, 0x00, 0x00, 0x00, 0x00, 0x00, 0x00, 0x00, 0x00, 0x00, 0x00, 0x00,
  0x00, 0x00, 0x00, 0x7F, 0xFF, 0xFC, 0x00, 0x01, 0xFF, 0xFF, 0xFC, 0x00,
  0x07, 0xFF, 0xFF, 0xF8, 0x00, 0x1F, 0xFF, 0xFF, 0xF0, 0x00, 0x7F, 0xFF,
  0xFF, 0xF0, 0x01, 0xFF, 0xFF, 0xFF, 0xE0, 0x07, 0xFF, 0xFF, 0xFF, 0xC0,
  0x1F, 0xFF, 0xFF, 0xFF, 0x80, 0x7F, 0xFF, 0xFF, 0xFF, 0x80, 0x7F, 0xFF,
  0xFF, 0xFF, 0x00, 0x3F, 0xFF, 0xFF, 0xFE, 0x00, 0x00, 0x00, 0x07, 0xFF,
  0xFF, 0xFF, 0xC0, 0x00, 0x07, 0xFF, 0xFF, 0xFF, 0xE2, 0x00, 0x07, 0xFF,
  0xFF, 0xFF, 0xF9, 0xE0, 0x00, 0xFF, 0xFF, 0xFF, 0xFE, 0x7C, 0x00, 0x1F,
  0xFF, 0xFF, 0xFF, 0x1F, 0x00, 0x03, 0xFF, 0xFF, 0xFF, 0xCF, 0xE0, 0x00,
  0x7F, 0xFF, 0xFF, 0xE3, 0xF8, 0x00, 0x0F, 0xFF, 0xFF, 0xF9, 0xFF, 0x00,
  0x01, 0xFF, 0xFF, 0xFC, 0x7F, 0xC0, 0x00, 0x3F, 0xFF, 0xFF, 0x3F, 0xF0,
  0x00, 0x07, 0xFF, 0xFF, 0xCF, 0xFC, 0x00, 0x00, 0x00, 0x00, 0x03, 0xFF,
  0x00, 0x00, 0x00, 0x00, 0x01, 0xFF, 0xC0, 0x00, 0x00, 0x00, 0x00, 0x7F,
  0xF0, 0x00, 0x00, 0x00, 0x00, 0x1F, 0xFC, 0x00, 0x00, 0x00, 0x00, 0x07,
  0xFF, 0x00, 0x00, 0x00, 0x00, 0x01, 0xFF, 0xC0, 0x00, 0x00, 0x00, 0x00,
  0x7F, 0xF0, 0x00, 0x00, 0x00, 0x00, 0x1F, 0xFC, 0x00, 0x00, 0x00, 0x00,
  0x07, 0xFF, 0x00, 0x00, 0x00, 0x00, 0x01, 0xFF, 0xC0, 0x00, 0x00, 0x00,
  0x00, 0xFF, 0xE0, 0x00, 0x00, 0x00, 0x00, 0x3F, 0xF8, 0x00, 0x00, 0x00,
  0x00, 0x0F, 0xFE, 0x00, 0x00, 0x00, 0x00, 0x03, 0xFF, 0x80, 0x00, 0x00,
  0x00, 0x00, 0xFF, 0xE0, 0x00, 0x00, 0x00, 0x00, 0x3F, 0xF8, 0x00, 0x00,
  0x00, 0x00, 0x0F, 0xFE, 0x00, 0x00, 0x00, 0x00, 0x03, 0xFF, 0x80, 0x00,
  0x00, 0x00, 0x00, 0xFF, 0xE0, 0x00, 0x00, 0x00, 0x00, 0x3F, 0xF8, 0x00,
  0x00, 0x00, 0x00, 0x0F, 0xFE, 0x00, 0x00, 0x00, 0x00, 0x03, 0xFF, 0x80,
  0x00, 0x00, 0x00, 0x00, 0xFF, 0xE0, 0x00, 0x00, 0x00, 0x00, 0x3F, 0xF8,
  0x00, 0x00, 0x00, 0x00, 0x0F, 0xFE, 0x00, 0x00, 0x00, 0x00, 0x07, 0xFF,
  0x80, 0x00, 0x00, 0x00, 0x01, 0xFF, 0xC0, 0x00, 0x00, 0x00, 0x00, 0x1F,
  0xF0, 0x00, 0x07, 0xFF, 0xFF, 0xC3, 0xFC, 0x00, 0x07, 0xFF, 0xFF, 0xFC,
  0x7F, 0x00, 0x03, 0xFF, 0xFF, 0xFF, 0x8F, 0x00, 0x01, 0xFF, 0xFF, 0xFF,
  0xF0, 0x80, 0x01, 0xFF, 0xFF, 0xFF, 0xFE, 0x00, 0x00, 0xFF, 0xFF, 0xFF,
  0xFF, 0xE0, 0x00, 0x1F, 0xFF, 0xFF, 0xFF, 0xE0, 0x00, 0x63, 0xFF, 0xFF,
  0xFF, 0xF0, 0x00, 0x3C, 0x3F, 0xFF, 0xFF, 0xF8, 0x00, 0x1F, 0x87, 0xFF,
  0xFF, 0xF8, 0x00, 0x0F, 0xF8, 0xFF, 0xFF, 0xFC, 0x00, 0x03, 0xFF, 0x00,
  0x00, 0x00, 0x00, 0x00, 0xFF, 0xE0, 0x00, 0x00, 0x00, 0x00, 0x3F, 0xF8,
  0x00, 0x00, 0x00, 0x00, 0x0F, 0xFE, 0x00, 0x00, 0x00, 0x00, 0x03, 0xFF,
  0x80, 0x00, 0x00, 0x00, 0x00, 0xFF, 0xE0, 0x00, 0x00, 0x00, 0x00, 0x3F,
  0xF8, 0x00, 0x00, 0x00, 0x00, 0x0F, 0xFE, 0x00, 0x00, 0x00, 0x00, 0x03,
  0xFF, 0x80, 0x00, 0x00, 0x00, 0x00, 0xFF, 0xE0, 0x00, 0x00, 0x00, 0x00,
  0x3F, 0xF8, 0x00, 0x00, 0x00, 0x00, 0x1F, 0xFE, 0x00, 0x00, 0x00, 0x00,
  0x07, 0xFF, 0x00, 0x00, 0x00, 0x00, 0x01, 0xFF, 0xC0, 0x00, 0x00, 0x00,
  0x00, 0x7F, 0xF0, 0x00, 0x00, 0x00, 0x00, 0x1F, 0xFC, 0x00, 0x00, 0x00,
  0x00, 0x07, 0xFF, 0x00, 0x00, 0x00, 0x00, 0x01, 0xFF, 0xC0, 0x00, 0x00,
  0x00, 0x00, 0x7F, 0xF0, 0x00, 0x00, 0x00, 0x00, 0x1F, 0xFC, 0x00, 0x00,
  0x00, 0x00, 0x07, 0xFF, 0x00, 0x00, 0x00, 0x00, 0x01, 0xFF, 0xC0, 0x00,
  0x00, 0x00, 0x00, 0x7F, 0xF0, 0x00, 0x00, 0x00, 0x00, 0x1F, 0xFC, 0x00,
  0x00, 0x00, 0x00, 0x07, 0xFF, 0x00, 0x00, 0x00, 0x00, 0x01, 0xFF, 0xC0,
  0x00, 0x00, 0x00, 0x00, 0x7F, 0xE0, 0x00, 0x00, 0x00, 0x00, 0x1F, 0xF0,
  0x00, 0x00, 0x00, 0x00, 0x0F, 0xF8, 0x00, 0x00, 0x00, 0x00, 0x03, 0xFC,
  0x00, 0x00, 0x00, 0x00, 0x00, 0x7E, 0x00, 0x00, 0x00, 0x00, 0x00, 0x1F,
  0x00, 0x00, 0x00, 0x00, 0x00, 0x07, 0x80, 0x00, 0x00, 0x00, 0x00, 0x01,
  0xC0, 0x00, 0x00, 0x00, 0x00, 0x00, 0x20, 0x00, 0x00, 0x00, 0x00, 0x00,
  0x00, 0x00, 0x00, 0x07, 0xFF, 0xFF, 0xFF, 0xC0, 0x00, 0x07, 0xFF, 0xFF,
  0xFF, 0xE2, 0x00, 0x07, 0xFF, 0xFF, 0xFF, 0xF9, 0xE0, 0x00, 0xFF, 0xFF,
  0xFF, 0xFE, 0x7C, 0x01, 0x1F, 0xFF, 0xFF, 0xFF, 0x1F, 0x00, 0xE3, 0xFF,
  0xFF, 0xFF, 0xCF, 0xE0, 0x3C, 0x7F, 0xFF, 0xFF, 0xE3, 0xF8, 0x1F, 0x8F,
  0xFF, 0xFF, 0xF9, 0xFF, 0x07, 0xF1, 0xFF, 0xFF, 0xFC, 0x7F, 0xC1, 0xFE,
  0x3F, 0xFF, 0xFF, 0x3F, 0xF0, 0x7F, 0xC7, 0xFF, 0xFF, 0xCF, 0xFC, 0x1F,
  0xF0, 0x00, 0x00, 0x03, 0xFF, 0x07, 0xFE, 0x00, 0x00, 0x01, 0xFF, 0xC3,
  0xFF, 0xC0, 0x00, 0x00, 0x7F, 0xF0, 0xFF, 0xF0, 0x00, 0x00, 0x1F, 0xFC,
  0x3F, 0xF8, 0x00, 0x00, 0x07, 0xFF, 0x0F, 0xFE, 0x00, 0x00, 0x01, 0xFF,
  0xC3, 0xFF, 0x80, 0x00, 0x00, 0x7F, 0xF0, 0xFF, 0xE0, 0x00, 0x00, 0x1F,
  0xFC, 0x3F, 0xF8, 0x00, 0x00, 0x07, 0xFF, 0x0F, 0xFE, 0x00, 0x00, 0x01,
  0xFF, 0xC3, 0xFF, 0x80, 0x00, 0x00, 0xFF, 0xE0, 0xFF, 0xE0, 0x00, 0x00,
  0x3F, 0xF8, 0x3F, 0xF8, 0x00, 0x00, 0x0F, 0xFE, 0x0F, 0xFE, 0x00, 0x00,
  0x03, 0xFF, 0x83, 0xFF, 0x80, 0x00, 0x00, 0xFF, 0xE0, 0xFF, 0xE0, 0x00,
  0x00, 0x3F, 0xF8, 0x3F, 0xF8, 0x00, 0x00, 0x0F, 0xFE, 0x0F, 0xFE, 0x00,
  0x00, 0x03, 0xFF, 0x87, 0xFF, 0x80, 0x00, 0x00, 0xFF, 0xE1, 0xFF, 0xC0,
  0x00, 0x00, 0x3F, 0xF8, 0x7F, 0xF0, 0x00, 0x00, 0x0F, 0xFE, 0x1F, 0xFC,
  0x00, 0x00, 0x03, 0xFF, 0x87, 0xFF, 0x00, 0x00, 0x00, 0xFF, 0xE1, 0xFF,
  0xC0, 0x00, 0x00, 0x3F, 0xF8, 0x7F, 0xF0, 0x00, 0x00, 0x0F, 0xFE, 0x1F,
  0xFC, 0x00, 0x00, 0x07, 0xFF, 0x87, 0xFF, 0x00, 0x00, 0x01, 0xFF, 0xC1,
  0xFF, 0x80, 0x00, 0x00, 0x1F, 0xF0, 0x7F, 0x87, 0xFF, 0xFF, 0xC3, 0xFC,
  0x1F, 0xC7, 0xFF, 0xFF, 0xFC, 0x7F, 0x01, 0xC3, 0xFF, 0xFF, 0xFF, 0x8F,
  0x00, 0x21, 0xFF, 0xFF, 0xFF, 0xF0, 0x80, 0x01, 0xFF, 0xFF, 0xFF, 0xFE,
  0x00, 0x00, 0xFF, 0xFF, 0xFF, 0xFF, 0xE0, 0x00, 0x1F, 0xFF, 0xFF, 0xFF,
  0xE0, 0x00, 0x63, 0xFF, 0xFF, 0xFF, 0xF1, 0x80, 0x3C, 0x3F, 0xFF, 0xFF,
  0xF8, 0xF0, 0x1F, 0x87, 0xFF, 0xFF, 0xF8, 0x7E, 0x0F, 0xF8, 0xFF, 0xFF,
  0xFC, 0x7F, 0xC3, 0xFF, 0x00, 0x00, 0x00, 0x3F, 0xF0, 0xFF, 0xE0, 0x00,
  0x00, 0x1F, 0xFC, 0x3F, 0xF8, 0x00, 0x00, 0x0F, 0xFF, 0x0F, 0xFE, 0x00,
  0x00, 0x03, 0xFF, 0x83, 0xFF, 0x80, 0x00, 0x00, 0xFF, 0xE0, 0xFF, 0xE0,
  0x00, 0x00, 0x3F, 0xF8, 0x3F, 0xF8, 0x00, 0x00, 0x0F, 0xFE, 0x0F, 0xFE,
  0x00, 0x00, 0x03, 0xFF, 0x83, 0xFF, 0x80, 0x00, 0x00, 0xFF, 0xE0, 0xFF,
  0xE0, 0x00, 0x00, 0x3F, 0xF8, 0x3F, 0xF8, 0x00, 0x00, 0x0F, 0xFE, 0x1F,
  0xFE, 0x00, 0x00, 0x03, 0xFF, 0x87, 0xFF, 0x00, 0x00, 0x00, 0xFF, 0xE1,
  0xFF, 0xC0, 0x00, 0x00, 0x3F, 0xF8, 0x7F, 0xF0, 0x00, 0x00, 0x0F, 0xFE,
  0x1F, 0xFC, 0x00, 0x00, 0x03, 0xFF, 0x87, 0xFF, 0x00, 0x00, 0x00, 0xFF,
  0xE1, 0xFF, 0xC0, 0x00, 0x00, 0x7F, 0xF8, 0x7F, 0xF0, 0x00, 0x00, 0x1F,
  0xFE, 0x1F, 0xFC, 0x00, 0x00, 0x07, 0xFF, 0x87, 0xFF, 0x00, 0x00, 0x01,
  0xFF, 0xC1, 0xFF, 0xC0, 0x00, 0x00, 0x7F, 0xF0, 0x7F, 0xF0, 0x00, 0x00,
  0x1F, 0xFC, 0x1F, 0xFC, 0x00, 0x00, 0x07, 0xFF, 0x07, 0xFF, 0x00, 0x00,
  0x01, 0xFF, 0xC1, 0xFF, 0xC0, 0x00, 0x00, 0x7F, 0xF0, 0x7F, 0xE0, 0x00,
  0x00, 0x1F, 0xFC, 0x1F, 0xF0, 0x00, 0x00, 0x07, 0xFF, 0x0F, 0xF8, 0x00,
  0x00, 0x00, 0xFF, 0xC3, 0xFC, 0x00, 0x00, 0x00, 0x3F, 0xF0, 0x7E, 0x00,
  0x00, 0x00, 0x0F, 0xFC, 0x1F, 0x00, 0x00, 0x00, 0x01, 0xFE, 0x07, 0x80,
  0x00, 0x00, 0x00, 0x7F, 0x81, 0xC0, 0x00, 0x00, 0x00, 0x1F, 0xC0, 0x20,
  0x00, 0x00, 0x00, 0x07, 0xF0, 0x00, 0x00, 0x00, 0x00, 0x00, 0xF8, 0x00,
  0x00, 0x00, 0x00, 0x00, 0x3C, 0x00, 0x00, 0x00, 0x00, 0x00, 0x0C, 0x00,
  0x00, 0x07, 0xFF, 0xFF, 0xFF, 0xC0, 0x00, 0x07, 0xFF, 0xFF, 0xFF, 0xE2,
  0x00, 0x07, 0xFF, 0xFF, 0xFF, 0xF9, 0xE0, 0x00, 0xFF, 0xFF, 0xFF, 0xFE,
  0x7C, 0x01, 0x1F, 0xFF, 0xFF, 0xFF, 0x1F, 0x00, 0xE3, 0xFF, 0xFF, 0xFF,
  0xCF, 0xE0, 0x3C, 0x7F, 0xFF, 0xFF, 0xE3, 0xF8, 0x1F, 0x8F, 0xFF, 0xFF,
  0xF9, 0xFF, 0x07, 0xF1, 0xFF, 0xFF, 0xFC, 0x7F, 0xC1, 0xFE, 0x3F, 0xFF,
  0xFF, 0x3F, 0xF0, 0x7F, 0xC7, 0xFF, 0xFF, 0xCF, 0xFC, 0x1F, 0xF0, 0x00,
  0x00, 0x03, 0xFF, 0x07, 0xFE, 0x00, 0x00, 0x01, 0xFF, 0xC3, 0xFF, 0xC0,
  0x00, 0x00, 0x7F, 0xF0, 0xFF, 0xF0, 0x00, 0x00, 0x1F, 0xFC, 0x3F, 0xF8,
  0x00, 0x00, 0x07, 0xFF, 0x0F, 0xFE, 0x00, 0x00, 0x01, 0xFF, 0xC3, 0xFF,
  0x80, 0x00, 0x00, 0x7F, 0xF0, 0xFF, 0xE0, 0x00, 0x00, 0x1F, 0xFC, 0x3F,
  0xF8, 0x00, 0x00, 0x07, 0xFF, 0x0F, 0xFE, 0x00, 0x00, 0x01, 0xFF, 0xC3,
  0xFF, 0x80, 0x00, 0x00, 0xFF, 0xE0, 0xFF, 0xE0, 0x00, 0x00, 0x3F, 0xF8,
  0x3F, 0xF8, 0x00, 0x00, 0x0F, 0xFE, 0x0F, 0xFE, 0x00, 0x00, 0x03, 0xFF,
  0x83, 0xFF, 0x80, 0x00, 0x00, 0xFF, 0xE0, 0xFF, 0xE0, 0x00, 0x00, 0x3F,
  0xF8, 0x3F, 0xF8, 0x00, 0x00, 0x0F, 0xFE, 0x0F, 0xFE, 0x00, 0x00, 0x03,
  0xFF, 0x87, 0xFF, 0x80, 0x00, 0x00, 0xFF, 0xE1, 0xFF, 0xC0, 0x00, 0x00,
  0x3F, 0xF8, 0x7F, 0xF0, 0x00, 0x00, 0x0F, 0xFE, 0x1F, 0xFC, 0x00, 0x00,
  0x03, 0xFF, 0x87, 0xFF, 0x00, 0x00, 0x00, 0xFF, 0xE1, 0xFF, 0xC0, 0x00,
  0x00, 0x3F, 0xF8, 0x7F, 0xF0, 0x00, 0x00, 0x0F, 0xFE, 0x1F, 0xFC, 0x00,
  0x00, 0x07, 0xFF, 0x87, 0xFF, 0x00, 0x00, 0x01, 0xFF, 0xC1, 0xFF, 0x80,
  0x00, 0x00, 0x1F, 0xF0, 0x7F, 0x87, 0xFF, 0xFF, 0xC3, 0xFC, 0x1F, 0xC7,
  0xFF, 0xFF, 0xFC, 0x7F, 0x01, 0xC3, 0xFF, 0xFF, 0xFF, 0x8F, 0x00, 0x21,
  0xFF, 0xFF, 0xFF, 0xF0, 0x80, 0x01, 0xFF, 0xFF, 0xFF, 0xFE, 0x00, 0x00,
  0xFF, 0xFF, 0xFF, 0xFF, 0xE0, 0x00, 0x1F, 0xFF, 0xFF, 0xFF, 0xE0, 0x00,
  0x63, 0xFF, 0xFF, 0xFF, 0xF1, 0x80, 0x3C, 0x3F, 0xFF, 0xFF, 0xF8, 0xF0,
  0x1F, 0x87, 0xFF, 0xFF, 0xF8, 0x7E, 0x0F, 0xF8, 0xFF, 0xFF, 0xFC, 0x7F,
  0xC3, 0xFF, 0x00, 0x00, 0x00, 0x3F, 0xF0, 0xFF, 0xE0, 0x00, 0x00, 0x1F,
  0xFC, 0x3F, 0xF8, 0x00, 0x00, 0x0F, 0xFF, 0x0F, 0xFE, 0x00, 0x00, 0x03,
  0xFF, 0x83, 0xFF, 0x80, 0x00, 0x00, 0xFF, 0xE0, 0xFF, 0xE0, 0x00, 0x00,
  0x3F, 0xF8, 0x3F, 0xF8, 0x00, 0x00, 0x0F, 0xFE, 0x0F, 0xFE, 0x00, 0x00,
  0x03, 0xFF, 0x83, 0xFF, 0x80, 0x00, 0x00, 0xFF, 0xE0, 0xFF, 0xE0, 0x00,
  0x00, 0x3F, 0xF8, 0x3F, 0xF8, 0x00, 0x00, 0x0F, 0xFE, 0x1F, 0xFE, 0x00,
  0x00, 0x03, 0xFF, 0x87, 0xFF, 0x00, 0x00, 0x00, 0xFF, 0xE1, 0xFF, 0xC0,
  0x00, 0x00, 0x3F, 0xF8, 0x7F, 0xF0, 0x00, 0x00, 0x0F, 0xFE, 0x1F, 0xFC,
  0x00, 0x00, 0x03, 0xFF, 0x87, 0xFF, 0x00, 0x00, 0x00, 0xFF, 0xE1, 0xFF,
  0xC0, 0x00, 0x00, 0x7F, 0xF8, 0x7F, 0xF0, 0x00, 0x00, 0x1F, 0xFE, 0x1F,
  0xFC, 0x00, 0x00, 0x07, 0xFF, 0x87, 0xFF, 0x00, 0x00, 0x01, 0xFF, 0xC1,
  0xFF, 0xC0, 0x00, 0x00, 0x7F, 0xF0, 0x7F, 0xF0, 0x00, 0x00, 0x1F, 0xFC,
  0x1F, 0xFC, 0x00, 0x00, 0x07, 0xFF, 0x07, 0xFF, 0x00, 0x00, 0x01, 0xFF,
  0xC1, 0xFF, 0xC0, 0x00, 0x00, 0x7F, 0xF0, 0x7F, 0xE0, 0x00, 0x00, 0x1F,
  0xFC, 0x1F, 0xF0, 0x00, 0x00, 0x07, 0xFF, 0x0F, 0xF8, 0xFF, 0xFF, 0xF8,
  0xFF, 0xC3, 0xFC, 0x7F, 0xFF, 0xFF, 0x3F, 0xF0, 0x7E, 0x3F, 0xFF, 0xFF,
  0xCF, 0xFC, 0x1F, 0x1F, 0xFF, 0xFF, 0xF1, 0xFE, 0x07, 0x8F, 0xFF, 0xFF,
  0xFE, 0x7F, 0x81, 0xC7, 0xFF, 0xFF, 0xFF, 0x9F, 0xC0, 0x23, 0xFF, 0xFF,
  0xFF, 0xE7, 0xF0, 0x01, 0xFF, 0xFF, 0xFF, 0xF8, 0xF8, 0x00, 0xFF, 0xFF,
  0xFF, 0xFF, 0x3C, 0x00, 0x1F, 0xFF, 0xFF, 0xFF, 0xCC, 0x00, 0x01, 0xFF,
  0xFF, 0xFF, 0xF0, 0x00, 0x00, 0x00, 0x07, 0xFF, 0xFF, 0xFF, 0xC0, 0x07,
  0xFF, 0xFF, 0xFF, 0xE0, 0x07, 0xFF, 0xFF, 0xFF, 0xF8, 0x00, 0xFF, 0xFF,
  0xFF, 0xFE, 0x01, 0x1F, 0xFF, 0xFF, 0xFF, 0x00, 0xE3, 0xFF, 0xFF, 0xFF,
  0xC0, 0x3C, 0x7F, 0xFF, 0xFF, 0xE0, 0x1F, 0x8F, 0xFF, 0xFF, 0xF8, 0x07,
  0xF1, 0xFF, 0xFF, 0xFC, 0x01, 0xFE, 0x3F, 0xFF, 0xFF, 0x00, 0x7F, 0xC7,
  0xFF, 0xFF, 0xC0, 0x1F, 0xF0, 0x00, 0x00, 0x00, 0x07, 0xFE, 0x00, 0x00,
  0x00, 0x03, 0xFF, 0xC0, 0x00, 0x00, 0x00, 0xFF, 0xF0, 0x00, 0x00, 0x00,
  0x3F, 0xF8, 0x00, 0x00, 0x00, 0x0F, 0xFE, 0x00, 0x00, 0x00, 0x03, 0xFF,
  0x80, 0x00, 0x00, 0x00, 0xFF, 0xE0, 0x00, 0x00, 0x00, 0x3F, 0xF8, 0x00,
  0x00, 0x00, 0x0F, 0xFE, 0x00, 0x00, 0x00, 0x03, 0xFF, 0x80, 0x00, 0x00,
  0x00, 0xFF, 0xE0, 0x00, 0x00, 0x00, 0x3F, 0xF8, 0x00, 0x00, 0x00, 0x0F,
  0xFE, 0x00, 0x00, 0x00, 0x03, 0xFF, 0x80, 0x00, 0x00, 0x00, 0xFF, 0xE0,
  0x00, 0x00, 0x00, 0x3F, 0xF8, 0x00, 0x00, 0x00, 0x0F, 0xFE, 0x00, 0x00,
  0x00, 0x07, 0xFF, 0x80, 0x00, 0x00, 0x01, 0xFF, 0xC0, 0x00, 0x00, 0x00,
  0x7F, 0xF0, 0x00, 0x00, 0x00, 0x1F, 0xFC, 0x00, 0x00, 0x00, 0x07, 0xFF,
  0x00, 0x00, 0x00, 0x01, 0xFF, 0xC0, 0x00, 0x00, 0x00, 0x7F, 0xF0, 0x00,
  0x00, 0x00, 0x1F, 0xFC, 0x00, 0x00, 0x00, 0x07, 0xFF, 0x00, 0x00, 0x00,
  0x01, 0xFF, 0x80, 0x00, 0x00, 0x00, 0x7F, 0x80, 0x00, 0x00, 0x00, 0x1F,
  0xC0, 0x00, 0x00, 0x00, 0x01, 0xC0, 0x00, 0x00, 0x00, 0x00, 0x20, 0x00,
  0x00, 0x00, 0x00, 0x00, 0x00, 0x00, 0x00, 0x00, 0x00, 0x00, 0x00, 0x00,
  0x00, 0x00, 0x00, 0x00, 0x00, 0x00, 0x00, 0x60, 0x00, 0x00, 0x00, 0x00,
  0x3C, 0x00, 0x00, 0x00, 0x00, 0x1F, 0x80, 0x00, 0x00, 0x00, 0x0F, 0xF8,
  0x00, 0x00, 0x00, 0x03, 0xFF, 0x00, 0x00, 0x00, 0x00, 0xFF, 0xE0, 0x00,
  0x00, 0x00, 0x3F, 0xF8, 0x00, 0x00, 0x00, 0x0F, 0xFE, 0x00, 0x00, 0x00,
  0x03, 0xFF, 0x80, 0x00, 0x00, 0x00, 0xFF, 0xE0, 0x00, 0x00, 0x00, 0x3F,
  0xF8, 0x00, 0x00, 0x00, 0x0F, 0xFE, 0x00, 0x00, 0x00, 0x03, 0xFF, 0x80,
  0x00, 0x00, 0x00, 0xFF, 0xE0, 0x00, 0x00, 0x00, 0x3F, 0xF8, 0x00, 0x00,
  0x00, 0x1F, 0xFE, 0x00, 0x00, 0x00, 0x07, 0xFF, 0x00, 0x00, 0x00, 0x01,
  0xFF, 0xC0, 0x00, 0x00, 0x00, 0x7F, 0xF0, 0x00, 0x00, 0x00, 0x1F, 0xFC,
  0x00, 0x00, 0x00, 0x07, 0xFF, 0x00, 0x00, 0x00, 0x01, 0xFF, 0xC0, 0x00,
  0x00, 0x00, 0x7F, 0xF0, 0x00, 0x00, 0x00, 0x1F, 0xFC, 0x00, 0x00, 0x00,
  0x07, 0xFF, 0x00, 0x00, 0x00, 0x01, 0xFF, 0xC0, 0x00, 0x00, 0x00, 0x7F,
  0xF0, 0x00, 0x00, 0x00, 0x1F, 0xFC, 0x00, 0x00, 0x00, 0x07, 0xFF, 0x00,
  0x00, 0x00, 0x01, 0xFF, 0xC0, 0x00, 0x00, 0x00, 0x7F, 0xE0, 0x00, 0x00,
  0x00, 0x1F, 0xF0, 0x00, 0x00, 0x00, 0x0F, 0xF8, 0xFF, 0xFF, 0xF8, 0x03,
  0xFC, 0x7F, 0xFF, 0xFF, 0x00, 0x7E, 0x3F, 0xFF, 0xFF, 0xC0, 0x1F, 0x1F,
  0xFF, 0xFF, 0xF0, 0x07, 0x8F, 0xFF, 0xFF, 0xFE, 0x01, 0xC7, 0xFF, 0xFF,
  0xFF, 0x80, 0x23, 0xFF, 0xFF, 0xFF, 0xE0, 0x01, 0xFF, 0xFF, 0xFF, 0xF8,
  0x00, 0xFF, 0xFF, 0xFF, 0xFF, 0x00, 0x1F, 0xFF, 0xFF, 0xFF, 0xC0, 0x01,
  0xFF, 0xFF, 0xFF, 0xF0, 0x00, 0x00, 0x07, 0xFF, 0xFF, 0xFF, 0xC0, 0x00,
  0x07, 0xFF, 0xFF, 0xFF, 0xE2, 0x00, 0x07, 0xFF, 0xFF, 0xFF, 0xF9, 0xE0,
  0x00, 0xFF, 0xFF, 0xFF, 0xFE, 0x7C, 0x01, 0x1F, 0xFF, 0xFF, 0xFF, 0x1F,
  0x00, 0xE3, 0xFF, 0xFF, 0xFF, 0xCF, 0xE0, 0x3C, 0x7F, 0xFF, 0xFF, 0xE3,
  0xF8, 0x1F, 0x8F, 0xFF, 0xFF, 0xF9, 0xFF, 0x07, 0xF1, 0xFF, 0xFF, 0xFC,
  0x7F, 0xC1, 0xFE, 0x3F, 0xFF, 0xFF, 0x3F, 0xF0, 0x7F, 0xC7, 0xFF, 0xFF,
  0xCF, 0xFC, 0x1F, 0xF0, 0x00, 0x00, 0x03, 0xFF, 0x07, 0xFE, 0x00, 0x00,
  0x01, 0xFF, 0xC3, 0xFF, 0xC0, 0x00, 0x00, 0x7F, 0xF0, 0xFF, 0xF0, 0x00,
  0x00, 0x1F, 0xFC, 0x3F, 0xF8, 0x00, 0x00, 0x07, 0xFF, 0x0F, 0xFE, 0x00,
  0x00, 0x01, 0xFF, 0xC3, 0xFF, 0x80, 0x00, 0x00, 0x7F, 0xF0, 0xFF, 0xE0,
  0x00, 0x00, 0x1F, 0xFC, 0x3F, 0xF8, 0x00, 0x00, 0x07, 0xFF, 0x0F, 0xFE,
  0x00, 0x00, 0x01, 0xFF, 0xC3, 0xFF, 0x80, 0x00, 0x00, 0xFF, 0xE0, 0xFF,
  0xE0, 0x00, 0x00, 0x3F, 0xF8, 0x3F, 0xF8, 0x00, 0x00, 0x0F, 0xFE, 0x0F,
  0xFE, 0x00, 0x00, 0x03, 0xFF, 0x83, 0xFF, 0x80, 0x00, 0x00, 0xFF, 0xE0,
  0xFF, 0xE0, 0x00, 0x00, 0x3F, 0xF8, 0x3F, 0xF8, 0x00, 0x00, 0x0F, 0xFE,
  0x0F, 0xFE, 0x00, 0x00, 0x03, 0xFF, 0x87, 0xFF, 0x80, 0x00, 0x00, 0xFF,
  0xE1, 0xFF, 0xC0, 0x00, 0x00, 0x3F, 0xF8, 0x7F, 0xF0, 0x00, 0x00, 0x0F,
  0xFE, 0x1F, 0xFC, 0x00, 0x00, 0x03, 0xFF, 0x87, 0xFF, 0x00, 0x00, 0x00,
  0xFF, 0xE1, 0xFF, 0xC0, 0x00, 0x00, 0x3F, 0xF8, 0x7F, 0xF0, 0x00, 0x00,
  0x0F, 0xFE, 0x1F, 0xFC, 0x00, 0x00, 0x07, 0xFF, 0x87, 0xFF, 0x00, 0x00,
  0x01, 0xFF, 0xC1, 0xFF, 0x80, 0x00, 0x00, 0x1F, 0xF0, 0x7F, 0x80, 0x00,
  0x00, 0x03, 0xFC, 0x1F, 0xC0, 0x00, 0x00, 0x00, 0x7F, 0x01, 0xC0, 0x00,
  0x00, 0x00, 0x0F, 0x00, 0x20, 0x00, 0x00, 0x00, 0x00, 0x80, 0x00, 0x00,
  0x00, 0x00, 0x00, 0x00, 0x00, 0x00, 0x00, 0x00, 0x00, 0x00, 0x00, 0x00,
  0x00, 0x00, 0x00, 0x00, 0x00, 0x60, 0x00, 0x00, 0x00, 0x01, 0x80, 0x3C,
  0x00, 0x00, 0x00, 0x00, 0xF0, 0x1F, 0x80, 0x00, 0x00, 0x00, 0x7E, 0x0F,
  0xF8, 0x00, 0x00, 0x00, 0x7F, 0xC3, 0xFF, 0x00, 0x00, 0x00, 0x3F, 0xF0,
  0xFF, 0xE0, 0x00, 0x00, 0x1F, 0xFC, 0x3F, 0xF8, 0x00, 0x00, 0x0F, 0xFF,
  0x0F, 0xFE, 0x00, 0x00, 0x03, 0xFF, 0x83, 0xFF, 0x80, 0x00, 0x00, 0xFF,
  0xE0, 0xFF, 0xE0, 0x00, 0x00, 0x3F, 0xF8, 0x3F, 0xF8, 0x00, 0x00, 0x0F,
  0xFE, 0x0F, 0xFE, 0x00, 0x00, 0x03, 0xFF, 0x83, 0xFF, 0x80, 0x00, 0x00,
  0xFF, 0xE0, 0xFF, 0xE0, 0x00, 0x00, 0x3F, 0xF8, 0x3F, 0xF8, 0x00, 0x00,
  0x0F, 0xFE, 0x1F, 0xFE, 0x00, 0x00, 0x03, 0xFF, 0x87, 0xFF, 0x00, 0x00,
  0x00, 0xFF, 0xE1, 0xFF, 0xC0, 0x00, 0x00, 0x3F, 0xF8, 0x7F, 0xF0, 0x00,
  0x00, 0x0F, 0xFE, 0x1F, 0xFC, 0x00, 0x00, 0x03, 0xFF, 0x87, 0xFF, 0x00,
  0x00, 0x00, 0xFF, 0xE1, 0xFF, 0xC0, 0x00, 0x00, 0x7F, 0xF8, 0x7F, 0xF0,
  0x00, 0x00, 0x1F, 0xFE, 0x1F, 0xFC, 0x00, 0x00, 0x07, 0xFF, 0x87, 0xFF,
  0x00, 0x00, 0x01, 0xFF, 0xC1, 0xFF, 0xC0, 0x00, 0x00, 0x7F, 0xF0, 0x7F,
  0xF0, 0x00, 0x00, 0x1F, 0xFC, 0x1F, 0xFC, 0x00, 0x00, 0x07, 0xFF, 0x07,
  0xFF, 0x00, 0x00, 0x01, 0xFF, 0xC1, 0xFF, 0xC0, 0x00, 0x00, 0x7F, 0xF0,
  0x7F, 0xE0, 0x00, 0x00, 0x1F, 0xFC, 0x1F, 0xF0, 0x00, 0x00, 0x07, 0xFF,
  0x0F, 0xF8, 0xFF, 0xFF, 0xF8, 0xFF, 0xC3, 0xFC, 0x7F, 0xFF, 0xFF, 0x3F,
  0xF0, 0x7E, 0x3F, 0xFF, 0xFF, 0xCF, 0xFC, 0x1F, 0x1F, 0xFF, 0xFF, 0xF1,
  0xFE, 0x07, 0x8F, 0xFF, 0xFF, 0xFE, 0x7F, 0x81, 0xC7, 0xFF, 0xFF, 0xFF,
  0x9F, 0xC0, 0x23, 0xFF, 0xFF, 0xFF, 0xE7, 0xF0, 0x01, 0xFF, 0xFF, 0xFF,
  0xF8, 0xF8, 0x00, 0xFF, 0xFF, 0xFF, 0xFF, 0x3C, 0x00, 0x1F, 0xFF, 0xFF,
  0xFF, 0xCC, 0x00, 0x01, 0xFF, 0xFF, 0xFF, 0xF0, 0x00, 0x00, 0x00, 0x07,
  0xFF, 0xFF, 0xFF, 0xC0, 0x03, 0xFF, 0xFF, 0xFF, 0xF0, 0x01, 0xFF, 0xFF,
  0xFF, 0xFE, 0x00, 0x1F, 0xFF, 0xFF, 0xFF, 0xC0, 0x11, 0xFF, 0xFF, 0xFF,
  0xF0, 0x07, 0x1F, 0xFF, 0xFF, 0xFE, 0x00, 0xF1, 0xFF, 0xFF, 0xFF, 0x80,
  0x3F, 0x1F, 0xFF, 0xFF, 0xF0, 0x07, 0xF1, 0xFF, 0xFF, 0xFC, 0x00, 0xFF,
  0x1F, 0xFF, 0xFF, 0x80, 0x1F, 0xF1, 0xFF, 0xFF, 0xF0, 0x03, 0xFE, 0x00,
  0x00, 0x00, 0x00, 0x7F, 0xE0, 0x00, 0x00, 0x00, 0x1F, 0xFE, 0x00, 0x00,
  0x00, 0x03, 0xFF, 0xC0, 0x00, 0x00, 0x00, 0x7F, 0xF0, 0x00, 0x00, 0x00,
  0x0F, 0xFE, 0x00, 0x00, 0x00, 0x01, 0xFF, 0xC0, 0x00, 0x00, 0x00, 0x3F,
  0xF8, 0x00, 0x00, 0x00, 0x07, 0xFF, 0x00, 0x00, 0x00, 0x00, 0xFF, 0xE0,
  0x00, 0x00, 0x00, 0x1F, 0xFC, 0x00, 0x00, 0x00, 0x03, 0xFF, 0x80, 0x00,
  0x00, 0x00, 0x7F, 0xF0, 0x00, 0x00, 0x00, 0x0F, 0xFE, 0x00, 0x00, 0x00,
  0x01, 0xFF, 0xC0, 0x00, 0x00, 0x00, 0x3F, 0xF8, 0x00, 0x00, 0x00, 0x07,
  0xFF, 0x00, 0x00, 0x00, 0x00, 0xFF, 0xE0, 0x00, 0x00, 0x00, 0x3F, 0xFC,
  0x00, 0x00, 0x00, 0x07, 0xFF, 0x00, 0x00, 0x00, 0x00, 0xFF, 0xE0, 0x00,
  0x00, 0x00, 0x1F, 0xFC, 0x00, 0x00, 0x00, 0x03, 0xFF, 0x80, 0x00, 0x00,
  0x00, 0x7F, 0xF0, 0x00, 0x00, 0x00, 0x0F, 0xFE, 0x00, 0x00, 0x00, 0x01,
  0xFF, 0xC0, 0x00, 0x00, 0x00, 0x3F, 0xF8, 0x00, 0x00, 0x00, 0x07, 0xFE,
  0x00, 0x00, 0x00, 0x00, 0xFF, 0x0F, 0xFF, 0xFF, 0x80, 0x1F, 0xC7, 0xFF,
  0xFF, 0xFC, 0x00, 0xE1, 0xFF, 0xFF, 0xFF, 0xC0, 0x08, 0x7F, 0xFF, 0xFF,
  0xFC, 0x00, 0x3F, 0xFF, 0xFF, 0xFF, 0xC0, 0x0F, 0xFF, 0xFF, 0xFF, 0xFE,
  0x00, 0xFF, 0xFF, 0xFF, 0xFF, 0x01, 0x8F, 0xFF, 0xFF, 0xFF, 0xC0, 0x78,
  0x7F, 0xFF, 0xFF, 0xF0, 0x1F, 0x87, 0xFF, 0xFF, 0xF8, 0x07, 0xFC, 0x7F,
  0xFF, 0xFE, 0x00, 0xFF, 0xC0, 0x00, 0x00, 0x00, 0x1F, 0xFC, 0x00, 0x00,
  0x00, 0x03, 0xFF, 0x80, 0x00, 0x00, 0x00, 0x7F, 0xF0, 0x00, 0x00, 0x00,
  0x0F, 0xFE, 0x00, 0x00, 0x00, 0x01, 0xFF, 0xC0, 0x00, 0x00, 0x00, 0x3F,
  0xF8, 0x00, 0x00, 0x00, 0x07, 0xFF, 0x00, 0x00, 0x00, 0x00, 0xFF, 0xE0,
  0x00, 0x00, 0x00, 0x1F, 0xFC, 0x00, 0x00, 0x00, 0x03, 0xFF, 0x80, 0x00,
  0x00, 0x00, 0xFF, 0xF0, 0x00, 0x00, 0x00, 0x1F, 0xFC, 0x00, 0x00, 0x00,
  0x03, 0xFF, 0x80, 0x00, 0x00, 0x00, 0x7F, 0xF0, 0x00, 0x00, 0x00, 0x0F,
  0xFE, 0x00, 0x00, 0x00, 0x01, 0xFF, 0xC0, 0x00, 0x00, 0x00, 0x3F, 0xF8,
  0x00, 0x00, 0x00, 0x07, 0xFF, 0x00, 0x00, 0x00, 0x00, 0xFF, 0xE0, 0x00,
  0x00, 0x00, 0x1F, 0xFC, 0x00, 0x00, 0x00, 0x03, 0xFF, 0x80, 0x00, 0x00,
  0x00, 0x7F, 0xF0, 0x00, 0x00, 0x00, 0x0F, 0xFE, 0x00, 0x00, 0x00, 0x01,
  0xFF, 0xC0, 0x00, 0x00, 0x00, 0x3F, 0xF8, 0x00, 0x00, 0x00, 0x07, 0xFE,
  0x00, 0x00, 0x00, 0x00, 0xFF, 0x80, 0x00, 0x00, 0x00, 0x3F, 0xE3, 0xFF,
  0xFF, 0xE0, 0x07, 0xF8, 0xFF, 0xFF, 0xFE, 0x00, 0x7E, 0x3F, 0xFF, 0xFF,
  0xC0, 0x0F, 0x8F, 0xFF, 0xFF, 0xF8, 0x01, 0xE3, 0xFF, 0xFF, 0xFF, 0x80,
  0x38, 0xFF, 0xFF, 0xFF, 0xF0, 0x02, 0x3F, 0xFF, 0xFF, 0xFE, 0x00, 0x0F,
  0xFF, 0xFF, 0xFF, 0xC0, 0x03, 0xFF, 0xFF, 0xFF, 0xFC, 0x00, 0x3F, 0xFF,
  0xFF, 0xFF, 0x80, 0x01, 0xFF, 0xFF, 0xFF, 0xF0, 0x00, 0x00, 0x07, 0xFF,
  0xFF, 0xFF, 0xC0, 0x03, 0xFF, 0xFF, 0xFF, 0xF0, 0x01, 0xFF, 0xFF, 0xFF,
  0xFE, 0x00, 0x1F, 0xFF, 0xFF, 0xFF, 0xC0, 0x11, 0xFF, 0xFF, 0xFF, 0xF0,
  0x07, 0x1F, 0xFF, 0xFF, 0xFE, 0x00, 0xF1, 0xFF, 0xFF, 0xFF, 0x80, 0x3F,
  0x1F, 0xFF, 0xFF, 0xF0, 0x07, 0xF1, 0xFF, 0xFF, 0xFC, 0x00, 0xFF, 0x1F,
  0xFF, 0xFF, 0x80, 0x1F, 0xF1, 0xFF, 0xFF, 0xF0, 0x03, 0xFE, 0x00, 0x00,
  0x00, 0x00, 0x7F, 0xE0, 0x00, 0x00, 0x00, 0x1F, 0xFE, 0x00, 0x00, 0x00,
  0x03, 0xFF, 0xC0, 0x00, 0x00, 0x00, 0x7F, 0xF0, 0x00, 0x00, 0x00, 0x0F,
  0xFE, 0x00, 0x00, 0x00, 0x01, 0xFF, 0xC0, 0x00, 0x00, 0x00, 0x3F, 0xF8,
  0x00, 0x00, 0x00, 0x07, 0xFF, 0x00, 0x00, 0x00, 0x00, 0xFF, 0xE0, 0x00,
  0x00, 0x00, 0x1F, 0xFC, 0x00, 0x00, 0x00, 0x03, 0xFF, 0x80, 0x00, 0x00,
  0x00, 0x7F, 0xF0, 0x00, 0x00, 0x00, 0x0F, 0xFE, 0x00, 0x00, 0x00, 0x01,
  0xFF, 0xC0, 0x00, 0x00, 0x00, 0x3F, 0xF8, 0x00, 0x00, 0x00, 0x07, 0xFF,
  0x00, 0x00, 0x00, 0x00, 0xFF, 0xE0, 0x00, 0x00, 0x00, 0x3F, 0xFC, 0x00,
  0x00, 0x00, 0x07, 0xFF, 0x00, 0x00, 0x00, 0x00, 0xFF, 0xE0, 0x00, 0x00,
  0x00, 0x1F, 0xFC, 0x00, 0x00, 0x00, 0x03, 0xFF, 0x80, 0x00, 0x00, 0x00,
  0x7F, 0xF0, 0x00, 0x00, 0x00, 0x0F, 0xFE, 0x00, 0x00, 0x00, 0x01, 0xFF,
  0xC0, 0x00, 0x00, 0x00, 0x3F, 0xF8, 0x00, 0x00, 0x00, 0x07, 0xFE, 0x00,
  0x00, 0x00, 0x00, 0xFF, 0x0F, 0xFF, 0xFF, 0x80, 0x1F, 0xC7, 0xFF, 0xFF,
  0xFC, 0x00, 0xE1, 0xFF, 0xFF, 0xFF, 0xC0, 0x08, 0x7F, 0xFF, 0xFF, 0xFC,
  0x00, 0x3F, 0xFF, 0xFF, 0xFF, 0xC0, 0x0F, 0xFF, 0xFF, 0xFF, 0xFE, 0x00,
  0xFF, 0xFF, 0xFF, 0xFF, 0x01, 0x8F, 0xFF, 0xFF, 0xFF, 0xC0, 0x78, 0x7F,
  0xFF, 0xFF, 0xF0, 0x1F, 0x87, 0xFF, 0xFF, 0xF8, 0x07, 0xFC, 0x7F, 0xFF,
  0xFE, 0x00, 0xFF, 0xC0, 0x00, 0x00, 0x00, 0x1F, 0xFC, 0x00, 0x00, 0x00,
  0x03, 0xFF, 0x80, 0x00, 0x00, 0x00, 0x7F, 0xF0, 0x00, 0x00, 0x00, 0x0F,
  0xFE, 0x00, 0x00, 0x00, 0x01, 0xFF, 0xC0, 0x00, 0x00, 0x00, 0x3F, 0xF8,
  0x00, 0x00, 0x00, 0x07, 0xFF, 0x00, 0x00, 0x00, 0x00, 0xFF, 0xE0, 0x00,
  0x00, 0x00, 0x1F, 0xFC, 0x00, 0x00, 0x00, 0x03, 0xFF, 0x80, 0x00, 0x00,
  0x00, 0xFF, 0xF0, 0x00, 0x00, 0x00, 0x1F, 0xFC, 0x00, 0x00, 0x00, 0x03,
  0xFF, 0x80, 0x00, 0x00, 0x00, 0x7F, 0xF0, 0x00, 0x00, 0x00, 0x0F, 0xFE,
  0x00, 0x00, 0x00, 0x01, 0xFF, 0xC0, 0x00, 0x00, 0x00, 0x3F, 0xF8, 0x00,
  0x00, 0x00, 0x07, 0xFF, 0x00, 0x00, 0x00, 0x00, 0xFF, 0xE0, 0x00, 0x00,
  0x00, 0x1F, 0xFC, 0x00, 0x00, 0x00, 0x03, 0xFF, 0x80, 0x00, 0x00, 0x00,
  0x7F, 0xF0, 0x00, 0x00, 0x00, 0x0F, 0xFE, 0x00, 0x00, 0x00, 0x01, 0xFF,
  0xC0, 0x00, 0x00, 0x00, 0x3F, 0xF8, 0x00, 0x00, 0x00, 0x07, 0xFE, 0x00,
  0x00, 0x00, 0x00, 0xFF, 0x80, 0x00, 0x00, 0x00, 0x3F, 0xE0, 0x00, 0x00,
  0x00, 0x07, 0xF8, 0x00, 0x00, 0x00, 0x00, 0x7E, 0x00, 0x00, 0x00, 0x00,
  0x0F, 0x80, 0x00, 0x00, 0x00, 0x01, 0xE0, 0x00, 0x00, 0x00, 0x00, 0x38,
  0x00, 0x00, 0x00, 0x00, 0x02, 0x00, 0x00, 0x00, 0x00, 0x00, 0x00, 0x07,
  0xFF, 0xFF, 0xFF, 0xC0, 0x00, 0x1F, 0xFF, 0xFF, 0xFF, 0x80, 0x00, 0x7F,
  0xFF, 0xFF, 0xFF, 0x80, 0x00, 0x3F, 0xFF, 0xFF, 0xFF, 0x80, 0x01, 0x1F,
  0xFF, 0xFF, 0xFF, 0x00, 0x03, 0x8F, 0xFF, 0xFF, 0xFF, 0x00, 0x03, 0xC7,
  0xFF, 0xFF, 0xFE, 0x00, 0x07, 0xE3, 0xFF, 0xFF, 0xFE, 0x00, 0x07, 0xF1,
  0xFF, 0xFF, 0xFC, 0x00, 0x07, 0xF8, 0xFF, 0xFF, 0xFC, 0x00, 0x07, 0xFC,
  0x7F, 0xFF, 0xFC, 0x00, 0x07, 0xFC, 0x00, 0x00, 0x00, 0x00, 0x07, 0xFE,
  0x00, 0x00, 0x00, 0x00, 0x0F, 0xFF, 0x00, 0x00, 0x00, 0x00, 0x0F, 0xFF,
  0x00, 0x00, 0x00, 0x00, 0x0F, 0xFE, 0x00, 0x00, 0x00, 0x00, 0x0F, 0xFE,
  0x00, 0x00, 0x00, 0x00, 0x0F, 0xFE, 0x00, 0x00, 0x00, 0x00, 0x0F, 0xFE,
  0x00, 0x00, 0x00, 0x00, 0x0F, 0xFE, 0x00, 0x00, 0x00, 0x00, 0x0F, 0xFE,
  0x00, 0x00, 0x00, 0x00, 0x0F, 0xFE, 0x00, 0x00, 0x00, 0x00, 0x0F, 0xFE,
  0x00, 0x00, 0x00, 0x00, 0x0F, 0xFE, 0x00, 0x00, 0x00, 0x00, 0x0F, 0xFE,
  0x00, 0x00, 0x00, 0x00, 0x0F, 0xFE, 0x00, 0x00, 0x00, 0x00, 0x0F, 0xFE,
  0x00, 0x00, 0x00, 0x00, 0x0F, 0xFE, 0x00, 0x00, 0x00, 0x00, 0x0F, 0xFE,
  0x00, 0x00, 0x00, 0x00, 0x1F, 0xFE, 0x00, 0x00, 0x00, 0x00, 0x1F, 0xFC,
  0x00, 0x00, 0x00, 0x00, 0x1F, 0xFC, 0x00, 0x00, 0x00, 0x00, 0x1F, 0xFC,
  0x00, 0x00, 0x00, 0x00, 0x1F, 0xFC, 0x00, 0x00, 0x00, 0x00, 0x1F, 0xFC,
  0x00, 0x00, 0x00, 0x00, 0x1F, 0xFC, 0x00, 0x00, 0x00, 0x00, 0x1F, 0xFC,
  0x00, 0x00, 0x00, 0x00, 0x1F, 0xFC, 0x00, 0x00, 0x00, 0x00, 0x1F, 0xF8,
  0x00, 0x00, 0x00, 0x00, 0x1F, 0xE0, 0x00, 0x00, 0x00, 0x00, 0x1F, 0xC0,
  0x00, 0x00, 0x00, 0x00, 0x07, 0x00, 0x00, 0x00, 0x00, 0x00, 0x02, 0x00,
  0x00, 0x00, 0x00, 0x00, 0x00, 0x00, 0x00, 0x00, 0x00, 0x00, 0x00, 0x00,
  0x00, 0x00, 0x00, 0x00, 0x00, 0x00, 0x00, 0x00, 0x00, 0x00, 0x06, 0x00,
  0x00, 0x00, 0x00, 0x18, 0x0F, 0x00, 0x00, 0x00, 0x00, 0x3C, 0x1F, 0x80,
  0x00, 0x00, 0x00, 0x7E, 0x3F, 0xE0, 0x00, 0x00, 0x01, 0xFF, 0x3F, 0xF0,
  0x00, 0x00, 0x03, 0xFF, 0x3F, 0xF8, 0x00, 0x00, 0x07, 0xFF, 0x3F, 0xF8,
  0x00, 0x00, 0x0F, 0xFF, 0x3F, 0xF8, 0x00, 0x00, 0x0F, 0xFE, 0x3F, 0xF8,
  0x00, 0x00, 0x0F, 0xFE, 0x3F, 0xF8, 0x00, 0x00, 0x0F, 0xFE, 0x3F, 0xF8,
  0x00, 0x00, 0x0F, 0xFE, 0x3F, 0xF8, 0x00, 0x00, 0x0F, 0xFE, 0x3F, 0xF8,
  0x00, 0x00, 0x0F, 0xFE, 0x3F, 0xF8, 0x00, 0x00, 0x0F, 0xFE, 0x3F, 0xF8,
  0x00, 0x00, 0x0F, 0xFE, 0x7F, 0xF8, 0x00, 0x00, 0x0F, 0xFE, 0x7F, 0xF0,
  0x00, 0x00, 0x0F, 0xFE, 0x7F, 0xF0, 0x00, 0x00, 0x0F, 0xFE, 0x7F, 0xF0,
  0x00, 0x00, 0x0F, 0xFE, 0x7F, 0xF0, 0x00, 0x00, 0x0F, 0xFE, 0x7F, 0xF0,
  0x00, 0x00, 0x0F, 0xFE, 0x7F, 0xF0, 0x00, 0x00, 0x1F, 0xFE, 0x7F, 0xF0,
  0x00, 0x00, 0x1F, 0xFE, 0x7F, 0xF0, 0x00, 0x00, 0x1F, 0xFE, 0x7F, 0xF0,
  0x00, 0x00, 0x1F, 0xFC, 0x7F, 0xF0, 0x00, 0x00, 0x1F, 0xFC, 0x7F, 0xF0,
  0x00, 0x00, 0x1F, 0xFC, 0x7F, 0xF0, 0x00, 0x00, 0x1F, 0xFC, 0x7F, 0xF0,
  0x00, 0x00, 0x1F, 0xFC, 0x7F, 0xF0, 0x00, 0x00, 0x1F, 0xFC, 0x7F, 0xE0,
  0x00, 0x00, 0x1F, 0xFC, 0x7F, 0xC0, 0x00, 0x00, 0x1F, 0xFC, 0xFF, 0x8F,
  0xFF, 0xFF, 0x8F, 0xFC, 0xFF, 0x1F, 0xFF, 0xFF, 0xCF, 0xFC, 0x7E, 0x3F,
  0xFF, 0xFF, 0xCF, 0xFC, 0x7C, 0x7F, 0xFF, 0xFF, 0xC7, 0xF8, 0x78, 0xFF,
  0xFF, 0xFF, 0xE7, 0xF8, 0x71, 0xFF, 0xFF, 0xFF, 0xE7, 0xF0, 0x23, 0xFF,
  0xFF, 0xFF, 0xE7, 0xF0, 0x07, 0xFF, 0xFF, 0xFF, 0xE3, 0xE0, 0x0F, 0xFF,
  0xFF, 0xFF, 0xF3, 0xC0, 0x07, 0xFF, 0xFF, 0xFF, 0xF3, 0x00, 0x01, 0xFF,
  0xFF, 0xFF, 0xF0, 0x00, 0x00, 0x00, 0x00, 0x00, 0x00, 0x08, 0x00, 0x00,
  0x00, 0x00, 0x00, 0x07, 0x80, 0x00, 0x00, 0x00, 0x00, 0x01, 0xF0, 0x04,
  0x00, 0x00, 0x00, 0x00, 0x7C, 0x03, 0x80, 0x00, 0x00, 0x00, 0x3F, 0x80,
  0xF0, 0x00, 0x00, 0x00, 0x0F, 0xE0, 0x7E, 0x00, 0x00, 0x00, 0x07, 0xFC,
  0x1F, 0xC0, 0x00, 0x00, 0x01, 0xFF, 0x07, 0xF8, 0x00, 0x00, 0x00, 0xFF,
  0xC1, 0xFF, 0x00, 0x00, 0x00, 0x3F, 0xF0, 0x7F, 0xC0, 0x00, 0x00, 0x0F,
  0xFC, 0x1F, 0xF8, 0x00, 0x00, 0x07, 0xFF, 0x0F, 0xFF, 0x00, 0x00, 0x01,
  0xFF, 0xC3, 0xFF, 0xC0, 0x00, 0x00, 0x7F, 0xF0, 0xFF, 0xE0, 0x00, 0x00,
  0x1F, 0xFC, 0x3F, 0xF8, 0x00, 0x00, 0x07, 0xFF, 0x0F, 0xFE, 0x00, 0x00,
  0x01, 0xFF, 0xC3, 0xFF, 0x80, 0x00, 0x00, 0x7F, 0xF0, 0xFF, 0xE0, 0x00,
  0x00, 0x1F, 0xFC, 0x3F, 0xF8, 0x00, 0x00, 0x07, 0xFF, 0x0F, 0xFE, 0x00,
  0x00, 0x03, 0xFF, 0x83, 0xFF, 0x80, 0x00, 0x00, 0xFF, 0xE0, 0xFF, 0xE0,
  0x00, 0x00, 0x3F, 0xF8, 0x3F, 0xF8, 0x00, 0x00, 0x0F, 0xFE, 0x0F, 0xFE,
  0x00, 0x00, 0x03, 0xFF, 0x83, 0xFF, 0x80, 0x00, 0x00, 0xFF, 0xE0, 0xFF,
  0xE0, 0x00, 0x00, 0x3F, 0xF8, 0x3F, 0xF8, 0x00, 0x00, 0x0F, 0xFE, 0x1F,
  0xFE, 0x00, 0x00, 0x03, 0xFF, 0x87, 0xFF, 0x00, 0x00, 0x00, 0xFF, 0xE1,
  0xFF, 0xC0, 0x00, 0x00, 0x3F, 0xF8, 0x7F, 0xF0, 0x00, 0x00, 0x0F, 0xFE,
  0x1F, 0xFC, 0x00, 0x00, 0x03, 0xFF, 0x87, 0xFF, 0x00, 0x00, 0x00, 0xFF,
  0xE1, 0xFF, 0xC0, 0x00, 0x00, 0x3F, 0xF8, 0x7F, 0xF0, 0x00, 0x00, 0x1F,
  0xFE, 0x1F, 0xFC, 0x00, 0x00, 0x07, 0xFF, 0x07, 0xFE, 0x00, 0x00, 0x00,
  0x7F, 0xC1, 0xFE, 0x1F, 0xFF, 0xFF, 0x0F, 0xF0, 0x7F, 0x1F, 0xFF, 0xFF,
  0xF1, 0xFC, 0x07, 0x0F, 0xFF, 0xFF, 0xFE, 0x3C, 0x00, 0x87, 0xFF, 0xFF,
  0xFF, 0xC2, 0x00, 0x07, 0xFF, 0xFF, 0xFF, 0xF8, 0x00, 0x03, 0xFF, 0xFF,
  0xFF, 0xFF, 0x80, 0x00, 0x7F, 0xFF, 0xFF, 0xFF, 0x80, 0x01, 0x8F, 0xFF,
  0xFF, 0xFF, 0xC6, 0x00, 0xF0, 0xFF, 0xFF, 0xFF, 0xE3, 0xC0, 0x7E, 0x1F,
  0xFF, 0xFF, 0xE1, 0xF8, 0x3F, 0xE3, 0xFF, 0xFF, 0xF1, 0xFF, 0x0F, 0xFC,
  0x00, 0x00, 0x00, 0xFF, 0xC3, 0xFF, 0x80, 0x00, 0x00, 0x7F, 0xF0, 0xFF,
  0xE0, 0x00, 0x00, 0x3F, 0xFC, 0x3F, 0xF8, 0x00, 0x00, 0x0F, 0xFE, 0x0F,
  0xFE, 0x00, 0x00, 0x03, 0xFF, 0x83, 0xFF, 0x80, 0x00, 0x00, 0xFF, 0xE0,
  0xFF, 0xE0, 0x00, 0x00, 0x3F, 0xF8, 0x3F, 0xF8, 0x00, 0x00, 0x0F, 0xFE,
  0x0F, 0xFE, 0x00, 0x00, 0x03, 0xFF, 0x83, 0xFF, 0x80, 0x00, 0x00, 0xFF,
  0xE0, 0xFF, 0xE0, 0x00, 0x00, 0x3F, 0xF8, 0x7F, 0xF8, 0x00, 0x00, 0x0F,
  0xFE, 0x1F, 0xFC, 0x00, 0x00, 0x03, 0xFF, 0x87, 0xFF, 0x00, 0x00, 0x00,
  0xFF, 0xE1, 0xFF, 0xC0, 0x00, 0x00, 0x3F, 0xF8, 0x7F, 0xF0, 0x00, 0x00,
  0x0F, 0xFE, 0x1F, 0xFC, 0x00, 0x00, 0x03, 0xFF, 0x87, 0xFF, 0x00, 0x00,
  0x01, 0xFF, 0xE1, 0xFF, 0xC0, 0x00, 0x00, 0x7F, 0xF8, 0x7F, 0xF0, 0x00,
  0x00, 0x1F, 0xFE, 0x1F, 0xFC, 0x00, 0x00, 0x07, 0xFF, 0x07, 0xFF, 0x00,
  0x00, 0x01, 0xFF, 0xC1, 0xFF, 0xC0, 0x00, 0x00, 0x7F, 0xF0, 0x7F, 0xF0,
  0x00, 0x00, 0x1F, 0xFC, 0x1F, 0xFC, 0x00, 0x00, 0x07, 0xFF, 0x07, 0xFF,
  0x00, 0x00, 0x01, 0xFF, 0xC1, 0xFF, 0x80, 0x00, 0x00, 0x7F, 0xF0, 0x7F,
  0xC0, 0x00, 0x00, 0x1F, 0xFC, 0x3F, 0xE0, 0x00, 0x00, 0x03, 0xFF, 0x0F,
  0xF0, 0x00, 0x00, 0x00, 0xFF, 0xC1, 0xF8, 0x00, 0x00, 0x00, 0x3F, 0xF0,
  0x7C, 0x00, 0x00, 0x00, 0x07, 0xF8, 0x1E, 0x00, 0x00, 0x00, 0x01, 0xFE,
  0x07, 0x00, 0x00, 0x00, 0x00, 0x7F, 0x00, 0x80, 0x00, 0x00, 0x00, 0x1F,
  0xC0, 0x00, 0x00, 0x00, 0x00, 0x03, 0xE0, 0x00, 0x00, 0x00, 0x00, 0x00,
  0xF0, 0x00, 0x00, 0x00, 0x00, 0x00, 0x30, 0x00, 0x00, 0x40, 0x01, 0xE0,
  0x03, 0xE0, 0x07, 0xC0, 0x1F, 0xC0, 0x3F, 0x80, 0xFF, 0x81, 0xFF, 0x07,
  0xFE, 0x0F, 0xFC, 0x1F, 0xF8, 0x7F, 0xF0, 0xFF, 0xE1, 0xFF, 0xC3, 0xFF,
  0x87, 0xFF, 0x0F, 0xFE, 0x1F, 0xFC, 0x3F, 0xF8, 0x7F, 0xF1, 0xFF, 0xC3,
  0xFF, 0x87, 0xFF, 0x0F, 0xFE, 0x1F, 0xFC, 0x3F, 0xF8, 0x7F, 0xF0, 0xFF,
  0xE1, 0xFF, 0xC3, 0xFF, 0x87, 0xFF, 0x0F, 0xFE, 0x1F, 0xFC, 0x3F, 0xF8,
  0x7F, 0xF1, 0xFF, 0xE3, 0xFF, 0x81, 0xFF, 0x01, 0xFE, 0x01, 0xFC, 0x01,
  0xE0, 0x00, 0x80, 0x00, 0x00, 0x00, 0x00, 0x00, 0x00, 0x18, 0x00, 0x78,
  0x01, 0xF8, 0x0F, 0xF8, 0x3F, 0xF0, 0xFF, 0xE3, 0xFF, 0xC7, 0xFF, 0x0F,
  0xFE, 0x1F, 0xFC, 0x3F, 0xF8, 0x7F, 0xF0, 0xFF, 0xE1, 0xFF, 0xC3, 0xFF,
  0x87, 0xFF, 0x0F, 0xFE, 0x1F, 0xFC, 0x3F, 0xF8, 0x7F, 0xF0, 0xFF, 0xE3,
  0xFF, 0xC7, 0xFF, 0x8F, 0xFF, 0x1F, 0xFC, 0x3F, 0xF8, 0x7F, 0xF0, 0xFF,
  0xE1, 0xFF, 0xC3, 0xFF, 0x87, 0xFF, 0x0F, 0xFE, 0x0F, 0xFC, 0x1F, 0xF8,
  0x3F, 0xF0, 0x3F, 0xC0, 0x7F, 0x80, 0xFE, 0x01, 0xFC, 0x01, 0xF0, 0x03,
  0xC0, 0x06, 0x00, 0x00, 0x00, 0x00, 0x00, 0x00, 0x00, 0x08, 0x00, 0x00,
  0x00, 0x00, 0x00, 0x07, 0x80, 0x00, 0x00, 0x00, 0x00, 0x01, 0xF0, 0x00,
  0x00, 0x00, 0x00, 0x00, 0x7C, 0x00, 0x00, 0x00, 0x00, 0x00, 0x3F, 0x80,
  0x00, 0x00, 0x00, 0x00, 0x0F, 0xE0, 0x00, 0x00, 0x00, 0x00, 0x07, 0xFC,
  0x00, 0x00, 0x00, 0x00, 0x01, 0xFF, 0x00, 0x00, 0x00, 0x00, 0x00, 0xFF,
  0xC0, 0x00, 0x00, 0x00, 0x00, 0x3F, 0xF0, 0x00, 0x00, 0x00, 0x00, 0x0F,
  0xFC, 0x00, 0x00, 0x00, 0x00, 0x07, 0xFF, 0x00, 0x00, 0x00, 0x00, 0x01,
  0xFF, 0xC0, 0x00, 0x00, 0x00, 0x00, 0x7F, 0xF0, 0x00, 0x00, 0x00, 0x00,
  0x1F, 0xFC, 0x00, 0x00, 0x00, 0x00, 0x07, 0xFF, 0x00, 0x00, 0x00, 0x00,
  0x01, 0xFF, 0xC0, 0x00, 0x00, 0x00, 0x00, 0x7F, 0xF0, 0x00, 0x00, 0x00,
  0x00, 0x1F, 0xFC, 0x00, 0x00, 0x00, 0x00, 0x07, 0xFF, 0x00, 0x00, 0x00,
  0x00, 0x03, 0xFF, 0x80, 0x00, 0x00, 0x00, 0x00, 0xFF, 0xE0, 0x00, 0x00,
  0x00, 0x00, 0x3F, 0xF8, 0x00, 0x00, 0x00, 0x00, 0x0F, 0xFE, 0x00, 0x00,
  0x00, 0x00, 0x03, 0xFF, 0x80, 0x00, 0x00, 0x00, 0x00, 0xFF, 0xE0, 0x00,
  0x00, 0x00, 0x00, 0x3F, 0xF8, 0x00, 0x00, 0x00, 0x00, 0x0F, 0xFE, 0x00,
  0x00, 0x00, 0x00, 0x03, 0xFF, 0x80, 0x00, 0x00, 0x00, 0x00, 0xFF, 0xE0,
  0x00, 0x00, 0x00, 0x00, 0x3F, 0xF8, 0x00, 0x00, 0x00, 0x00, 0x0F, 0xFE,
  0x00, 0x00, 0x00, 0x00, 0x03, 0xFF, 0x80, 0x00, 0x00, 0x00, 0x00, 0xFF,
  0xE0, 0x00, 0x00, 0x00, 0x00, 0x3F, 0xF8, 0x00, 0x00, 0x00, 0x00, 0x1F,
  0xFE, 0x00, 0x00, 0x00, 0x00, 0x07, 0xFF, 0x00, 0x00, 0x00, 0x00, 0x00,
  0x7F, 0xC0, 0x00, 0x00, 0x00, 0x00, 0x0F, 0xF0, 0x00, 0x00, 0x00, 0x00,
  0x01, 0xFC, 0x00, 0x00, 0x00, 0x00, 0x00, 0x3C, 0x00, 0x00, 0x00, 0x00,
  0x00, 0x02, 0x00, 0x00, 0x00, 0x00, 0x00, 0x00, 0x00, 0x00, 0x00, 0x00,
  0x00, 0x00, 0x00, 0x00, 0x00, 0x00, 0x00, 0x00, 0x00, 0x01, 0x80, 0x00,
  0x00, 0x00, 0x06, 0x00, 0xF0, 0x00, 0x00, 0x00, 0x03, 0xC0, 0x7E, 0x00,
  0x00, 0x00, 0x01, 0xF8, 0x3F, 0xE0, 0x00, 0x00, 0x01, 0xFF, 0x0F, 0xFC,
  0x00, 0x00, 0x00, 0xFF, 0xC3, 0xFF, 0x80, 0x00, 0x00, 0x7F, 0xF0, 0xFF,
  0xE0, 0x00, 0x00, 0x3F, 0xFC, 0x3F, 0xF8, 0x00, 0x00, 0x0F, 0xFE, 0x0F,
  0xFE, 0x00, 0x00, 0x03, 0xFF, 0x83, 0xFF, 0x80, 0x00, 0x00, 0xFF, 0xE0,
  0xFF, 0xE0, 0x00, 0x00, 0x3F, 0xF8, 0x3F, 0xF8, 0x00, 0x00, 0x0F, 0xFE,
  0x0F, 0xFE, 0x00, 0x00, 0x03, 0xFF, 0x83, 0xFF, 0x80, 0x00, 0x00, 0xFF,
  0xE0, 0xFF, 0xE0, 0x00, 0x00, 0x3F, 0xF8, 0x7F, 0xF8, 0x00, 0x00, 0x0F,
  0xFE, 0x1F, 0xFC, 0x00, 0x00, 0x03, 0xFF, 0x87, 0xFF, 0x00, 0x00, 0x00,
  0xFF, 0xE1, 0xFF, 0xC0, 0x00, 0x00, 0x3F, 0xF8, 0x7F, 0xF0, 0x00, 0x00,
  0x0F, 0xFE, 0x1F, 0xFC, 0x00, 0x00, 0x03, 0xFF, 0x87, 0xFF, 0x00, 0x00,
  0x01, 0xFF, 0xE1, 0xFF, 0xC0, 0x00, 0x00, 0x7F, 0xF8, 0x7F, 0xF0, 0x00,
  0x00, 0x1F, 0xFE, 0x1F, 0xFC, 0x00, 0x00, 0x07, 0xFF, 0x07, 0xFF, 0x00,
  0x00, 0x01, 0xFF, 0xC1, 0xFF, 0xC0, 0x00, 0x00, 0x7F, 0xF0, 0x7F, 0xF0,
  0x00, 0x00, 0x1F, 0xFC, 0x1F, 0xFC, 0x00, 0x00, 0x07, 0xFF, 0x07, 0xFF,
  0x00, 0x00, 0x01, 0xFF, 0xC1, 0xFF, 0x80, 0x00, 0x00, 0x7F, 0xF0, 0x7F,
  0xC0, 0x00, 0x00, 0x1F, 0xFC, 0x3F, 0xE3, 0xFF, 0xFF, 0xE3, 0xFF, 0x0F,
  0xF1, 0xFF, 0xFF, 0xFC, 0xFF, 0xC1, 0xF8, 0xFF, 0xFF, 0xFF, 0x3F, 0xF0,
  0x7C, 0x7F, 0xFF, 0xFF, 0xC7, 0xF8, 0x1E, 0x3F, 0xFF, 0xFF, 0xF9, 0xFE,
  0x07, 0x1F, 0xFF, 0xFF, 0xFE, 0x7F, 0x00, 0x8F, 0xFF, 0xFF, 0xFF, 0x9F,
  0xC0, 0x07, 0xFF, 0xFF, 0xFF, 0xE3, 0xE0, 0x03, 0xFF, 0xFF, 0xFF, 0xFC,
  0xF0, 0x00, 0x7F, 0xFF, 0xFF, 0xFF, 0x30, 0x00, 0x07, 0xFF, 0xFF, 0xFF,
  0xC0, 0x00, 0x00, 0x00, 0x00, 0x00, 0x00, 0x08, 0x00, 0x00, 0x00, 0x00,
  0x00, 0x07, 0x80, 0x00, 0x00, 0x00, 0x00, 0x01, 0xF0, 0x04, 0x00, 0x00,
  0x00, 0x00, 0x7C, 0x03, 0x80, 0x00, 0x00, 0x00, 0x3F, 0x80, 0xF0, 0x00,
  0x00, 0x00, 0x0F, 0xE0, 0x7E, 0x00, 0x00, 0x00, 0x07, 0xFC, 0x1F, 0xC0,
  0x00, 0x00, 0x01, 0xFF, 0x07, 0xF8, 0x00, 0x00, 0x00, 0xFF, 0xC1, 0xFF,
  0x00, 0x00, 0x00, 0x3F, 0xF0, 0x7F, 0xC0, 0x00, 0x00, 0x0F, 0xFC, 0x1F,
  0xF8, 0x00, 0x00, 0x07, 0xFF, 0x0F, 0xFF, 0x00, 0x00, 0x01, 0xFF, 0xC3,
  0xFF, 0xC0, 0x00, 0x00, 0x7F, 0xF0, 0xFF, 0xE0, 0x00, 0x00, 0x1F, 0xFC,
  0x3F, 0xF8, 0x00, 0x00, 0x07, 0xFF, 0x0F, 0xFE, 0x00, 0x00, 0x01, 0xFF,
  0xC3, 0xFF, 0x80, 0x00, 0x00, 0x7F, 0xF0, 0xFF, 0xE0, 0x00, 0x00, 0x1F,
  0xFC, 0x3F, 0xF8, 0x00, 0x00, 0x07, 0xFF, 0x0F, 0xFE, 0x00, 0x00, 0x03,
  0xFF, 0x83, 0xFF, 0x80, 0x00, 0x00, 0xFF, 0xE0, 0xFF, 0xE0, 0x00, 0x00,
  0x3F, 0xF8, 0x3F, 0xF8, 0x00, 0x00, 0x0F, 0xFE, 0x0F, 0xFE, 0x00, 0x00,
  0x03, 0xFF, 0x83, 0xFF, 0x80, 0x00, 0x00, 0xFF, 0xE0, 0xFF, 0xE0, 0x00,
  0x00, 0x3F, 0xF8, 0x3F, 0xF8, 0x00, 0x00, 0x0F, 0xFE, 0x1F, 0xFE, 0x00,
  0x00, 0x03, 0xFF, 0x87, 0xFF, 0x00, 0x00, 0x00, 0xFF, 0xE1, 0xFF, 0xC0,
  0x00, 0x00, 0x3F, 0xF8, 0x7F, 0xF0, 0x00, 0x00, 0x0F, 0xFE, 0x1F, 0xFC,
  0x00, 0x00, 0x03, 0xFF, 0x87, 0xFF, 0x00, 0x00, 0x00, 0xFF, 0xE1, 0xFF,
  0xC0, 0x00, 0x00, 0x3F, 0xF8, 0x7F, 0xF0, 0x00, 0x00, 0x1F, 0xFE, 0x1F,
  0xFC, 0x00, 0x00, 0x07, 0xFF, 0x07, 0xFE, 0x00, 0x00, 0x00, 0x7F, 0xC1,
  0xFE, 0x1F, 0xFF, 0xFF, 0x0F, 0xF0, 0x7F, 0x1F, 0xFF, 0xFF, 0xF1, 0xFC,
  0x07, 0x0F, 0xFF, 0xFF, 0xFE, 0x3C, 0x00, 0x87, 0xFF, 0xFF, 0xFF, 0xC2,
  0x00, 0x07, 0xFF, 0xFF, 0xFF, 0xF8, 0x00, 0x03, 0xFF, 0xFF, 0xFF, 0xFF,
  0x80, 0x00, 0x7F, 0xFF, 0xFF, 0xFF, 0x80, 0x01, 0x8F, 0xFF, 0xFF, 0xFF,
  0xC0, 0x00, 0xF0, 0xFF, 0xFF, 0xFF, 0xE0, 0x00, 0x7E, 0x1F, 0xFF, 0xFF,
  0xE0, 0x00, 0x3F, 0xE3, 0xFF, 0xFF, 0xF0, 0x00, 0x0F, 0xFC, 0x00, 0x00,
  0x00, 0x00, 0x03, 0xFF, 0x80, 0x00, 0x00, 0x00, 0x00, 0xFF, 0xE0, 0x00,
  0x00, 0x00, 0x00, 0x3F, 0xF8, 0x00, 0x00, 0x00, 0x00, 0x0F, 0xFE, 0x00,
  0x00, 0x00, 0x00, 0x03, 0xFF, 0x80, 0x00, 0x00, 0x00, 0x00, 0xFF, 0xE0,
  0x00, 0x00, 0x00, 0x00, 0x3F, 0xF8, 0x00, 0x00, 0x00, 0x00, 0x0F, 0xFE,
  0x00, 0x00, 0x00, 0x00, 0x03, 0xFF, 0x80, 0x00, 0x00, 0x00, 0x00, 0xFF,
  0xE0, 0x00, 0x00, 0x00, 0x00, 0x7F, 0xF8, 0x00, 0x00, 0x00, 0x00, 0x1F,
  0xFC, 0x00, 0x00, 0x00, 0x00, 0x07, 0xFF, 0x00, 0x00, 0x00, 0x00, 0x01,
  0xFF, 0xC0, 0x00, 0x00, 0x00, 0x00, 0x7F, 0xF0, 0x00, 0x00, 0x00, 0x00,
  0x1F, 0xFC, 0x00, 0x00, 0x00, 0x00, 0x07, 0xFF, 0x00, 0x00, 0x00, 0x00,
  0x01, 0xFF, 0xC0, 0x00, 0x00, 0x00, 0x00, 0x7F, 0xF0, 0x00, 0x00, 0x00,
  0x00, 0x1F, 0xFC, 0x00, 0x00, 0x00, 0x00, 0x07, 0xFF, 0x00, 0x00, 0x00,
  0x00, 0x01, 0xFF, 0xC0, 0x00, 0x00, 0x00, 0x00, 0x7F, 0xF0, 0x00, 0x00,
  0x00, 0x00, 0x1F, 0xFC, 0x00, 0x00, 0x00, 0x00, 0x07, 0xFF, 0x00, 0x00,
  0x00, 0x00, 0x01, 0xFF, 0x80, 0x00, 0x00, 0x00, 0x00, 0x7F, 0xC0, 0x00,
  0x00, 0x00, 0x00, 0x3F, 0xE3, 0xFF, 0xFF, 0xE0, 0x00, 0x0F, 0xF1, 0xFF,
  0xFF, 0xFC, 0x00, 0x01, 0xF8, 0xFF, 0xFF, 0xFF, 0x00, 0x00, 0x7C, 0x7F,
  0xFF, 0xFF, 0xC0, 0x00, 0x1E, 0x3F, 0xFF, 0xFF, 0xF8, 0x00, 0x07, 0x1F,
  0xFF, 0xFF, 0xFE, 0x00, 0x00, 0x8F, 0xFF, 0xFF, 0xFF, 0x80, 0x00, 0x07,
  0xFF, 0xFF, 0xFF, 0xE0, 0x00, 0x03, 0xFF, 0xFF, 0xFF, 0xFC, 0x00, 0x00,
  0x7F, 0xFF, 0xFF, 0xFF, 0x00, 0x00, 0x07, 0xFF, 0xFF, 0xFF, 0xC0, 0x00,
  0x01, 0x00, 0x00, 0x00, 0x00, 0x38, 0x00, 0x00, 0x00, 0x03, 0xC0, 0x00,
  0x00, 0x00, 0x7E, 0x00, 0x00, 0x00, 0x07, 0xF0, 0x00, 0x00, 0x00, 0x7F,
  0x80, 0x00, 0x00, 0x07, 0xFC, 0x00, 0x00, 0x00, 0x7F, 0xC0, 0x00, 0x00,
  0x07, 0xFE, 0x00, 0x00, 0x00, 0xFF, 0xF0, 0x00, 0x00, 0x0F, 0xFF, 0x00,
  0x00, 0x00, 0xFF, 0xE0, 0x00, 0x00, 0x0F, 0xFE, 0x00, 0x00, 0x00, 0xFF,
  0xE0, 0x00, 0x00, 0x0F, 0xFE, 0x00, 0x00, 0x00, 0xFF, 0xE0, 0x00, 0x00,
  0x0F, 0xFE, 0x00, 0x00, 0x00, 0xFF, 0xE0, 0x00, 0x00, 0x0F, 0xFE, 0x00,
  0x00, 0x00, 0xFF, 0xE0, 0x00, 0x00, 0x0F, 0xFE, 0x00, 0x00, 0x00, 0xFF,
  0xE0, 0x00, 0x00, 0x0F, 0xFE, 0x00, 0x00, 0x00, 0xFF, 0xE0, 0x00, 0x00,
  0x0F, 0xFE, 0x00, 0x00, 0x01, 0xFF, 0xE0, 0x00, 0x00, 0x1F, 0xFC, 0x00,
  0x00, 0x01, 0xFF, 0xC0, 0x00, 0x00, 0x1F, 0xFC, 0x00, 0x00, 0x01, 0xFF,
  0xC0, 0x00, 0x00, 0x1F, 0xFC, 0x00, 0x00, 0x01, 0xFF, 0xC0, 0x00, 0x00,
  0x1F, 0xFC, 0x00, 0x00, 0x01, 0xFF, 0xC0, 0x00, 0x00, 0x1F, 0xF8, 0x00,
  0x00, 0x01, 0xFE, 0x00, 0x00, 0x00, 0x1F, 0xC0, 0x00, 0x00, 0x00, 0x70,
  0x00, 0x00, 0x00, 0x02, 0x00, 0x00, 0x00, 0x00, 0x00, 0x00, 0x00, 0x00,
  0x00, 0x00, 0x00, 0x00, 0x00, 0x00, 0x00, 0x00, 0x00, 0x06, 0x00, 0x00,
  0x00, 0x00, 0xF0, 0x00, 0x00, 0x00, 0x1F, 0x80, 0x00, 0x00, 0x03, 0xFE,
  0x00, 0x00, 0x00, 0x3F, 0xF0, 0x00, 0x00, 0x03, 0xFF, 0x80, 0x00, 0x00,
  0x3F, 0xF8, 0x00, 0x00, 0x03, 0xFF, 0x80, 0x00, 0x00, 0x3F, 0xF8, 0x00,
  0x00, 0x03, 0xFF, 0x80, 0x00, 0x00, 0x3F, 0xF8, 0x00, 0x00, 0x03, 0xFF,
  0x80, 0x00, 0x00, 0x3F, 0xF8, 0x00, 0x00, 0x03, 0xFF, 0x80, 0x00, 0x00,
  0x3F, 0xF8, 0x00, 0x00, 0x07, 0xFF, 0x80, 0x00, 0x00, 0x7F, 0xF0, 0x00,
  0x00, 0x07, 0xFF, 0x00, 0x00, 0x00, 0x7F, 0xF0, 0x00, 0x00, 0x07, 0xFF,
  0x00, 0x00, 0x00, 0x7F, 0xF0, 0x00, 0x00, 0x07, 0xFF, 0x00, 0x00, 0x00,
  0x7F, 0xF0, 0x00, 0x00, 0x07, 0xFF, 0x00, 0x00, 0x00, 0x7F, 0xF0, 0x00,
  0x00, 0x07, 0xFF, 0x00, 0x00, 0x00, 0x7F, 0xF0, 0x00, 0x00, 0x07, 0xFF,
  0x00, 0x00, 0x00, 0x7F, 0xF0, 0x00, 0x00, 0x07, 0xFF, 0x00, 0x00, 0x00,
  0x7F, 0xE0, 0x00, 0x00, 0x07, 0xFC, 0x00, 0x00, 0x00, 0xFF, 0x8F, 0xFF,
  0xFF, 0x8F, 0xF1, 0xFF, 0xFF, 0xFC, 0x7E, 0x3F, 0xFF, 0xFF, 0xC7, 0xC7,
  0xFF, 0xFF, 0xFC, 0x78, 0xFF, 0xFF, 0xFF, 0xE7, 0x1F, 0xFF, 0xFF, 0xFE,
  0x23, 0xFF, 0xFF, 0xFF, 0xE0, 0x7F, 0xFF, 0xFF, 0xFE, 0x0F, 0xFF, 0xFF,
  0xFF, 0xF0, 0x7F, 0xFF, 0xFF, 0xFF, 0x01, 0xFF, 0xFF, 0xFF, 0xF0, 0x00,
  0x07, 0xFF, 0xFF, 0xFF, 0xC0, 0x00, 0x1F, 0xFF, 0xFF, 0xFF, 0x80, 0x00,
  0x7F, 0xFF, 0xFF, 0xFF, 0x80, 0x00, 0x3F, 0xFF, 0xFF, 0xFF, 0x80, 0x00,
  0x1F, 0xFF, 0xFF, 0xFF, 0x00, 0x00, 0x0F, 0xFF, 0xFF, 0xFF, 0x00, 0x00,
  0x07, 0xFF, 0xFF, 0xFE, 0x00, 0x00, 0x03, 0xFF, 0xFF, 0xFE, 0x00, 0x00,
  0x01, 0xFF, 0xFF, 0xFC, 0x00, 0x00, 0x00, 0xFF, 0xFF, 0xFC, 0x00, 0x00,
  0x00, 0x7F, 0xFF, 0xFC, 0x00, 0x00, 0x00, 0x00, 0x00, 0x00, 0x00, 0x00,
  0x00, 0x00, 0x00, 0x00, 0x00, 0x00, 0x00, 0x00, 0x00, 0x00, 0x00, 0x00,
  0x00, 0x00, 0x00, 0x00, 0x00, 0x00, 0x00, 0x00, 0x00, 0x00, 0x00, 0x00,
  0x00, 0x00, 0x00, 0x00, 0x00, 0x00, 0x00, 0x00, 0x00, 0x00, 0x00, 0x00,
  0x00, 0x00, 0x00, 0x00, 0x00, 0x00, 0x00, 0x00, 0x00, 0x00, 0x00, 0x00,
  0x00, 0x00, 0x00, 0x00, 0x00, 0x00, 0x00, 0x00, 0x00, 0x00, 0x00, 0x00,
  0x00, 0x00, 0x00, 0x00, 0x00, 0x00, 0x00, 0x00, 0x00, 0x00, 0x00, 0x00,
  0x00, 0x00, 0x00, 0x00, 0x00, 0x00, 0x00, 0x00, 0x00, 0x00, 0x00, 0x00,
  0x00, 0x00, 0x00, 0x00, 0x00, 0x00, 0x00, 0x00, 0x00, 0x00, 0x00, 0x00,
  0x00, 0x00, 0x00, 0x00, 0x00, 0x00, 0x00, 0x00, 0x00, 0x00, 0x00, 0x00,
  0x00, 0x00, 0x00, 0x00, 0x00, 0x00, 0x00, 0x00, 0x00, 0x00, 0x00, 0x00,
  0x00, 0x00, 0x00, 0x00, 0x00, 0x00, 0x00, 0x00, 0x00, 0x00, 0x00, 0x00,
  0x00, 0x00, 0x00, 0x00, 0x00, 0x00, 0x00, 0x00, 0x00, 0x00, 0x00, 0x00,
  0x00, 0x00, 0x00, 0x00, 0x00, 0x00, 0x00, 0x00, 0x00, 0x00, 0x00, 0x00,
  0x00, 0x00, 0x00, 0x00, 0x00, 0x00, 0x01, 0xFF, 0xFF, 0xF0, 0x00, 0x00,
  0x07, 0xFF, 0xFF, 0xFC, 0x00, 0x00, 0x0F, 0xFF, 0xFF, 0xFE, 0x00, 0x00,
  0x1F, 0xFF, 0xFF, 0xFF, 0x00, 0x00, 0x7F, 0xFF, 0xFF, 0xFF, 0x80, 0x00,
  0xFF, 0xFF, 0xFF, 0xFF, 0xE0, 0x00, 0x7F, 0xFF, 0xFF, 0xFF, 0x80, 0x06,
  0x3F, 0xFF, 0xFF, 0xFF, 0x18, 0x0F, 0x0F, 0xFF, 0xFF, 0xFE, 0x3C, 0x1F,
  0x87, 0xFF, 0xFF, 0xF8, 0x7E, 0x3F, 0xE3, 0xFF, 0xFF, 0xF1, 0xFF, 0x3F,
  0xF0, 0x00, 0x00, 0x03, 0xFF, 0x3F, 0xF8, 0x00, 0x00, 0x07, 0xFF, 0x3F,
  0xF8, 0x00, 0x00, 0x0F, 0xFF, 0x3F, 0xF8, 0x00, 0x00, 0x0F, 0xFE, 0x3F,
  0xF8, 0x00, 0x00, 0x0F, 0xFE, 0x3F, 0xF8, 0x00, 0x00, 0x0F, 0xFE, 0x3F,
  0xF8, 0x00, 0x00, 0x0F, 0xFE, 0x3F, 0xF8, 0x00, 0x00, 0x0F, 0xFE, 0x3F,
  0xF8, 0x00, 0x00, 0x0F, 0xFE, 0x3F, 0xF8, 0x00, 0x00, 0x0F, 0xFE, 0x3F,
  0xF8, 0x00, 0x00, 0x0F, 0xFE, 0x7F, 0xF8, 0x00, 0x00, 0x0F, 0xFE, 0x7F,
  0xF0, 0x00, 0x00, 0x0F, 0xFE, 0x7F, 0xF0, 0x00, 0x00, 0x0F, 0xFE, 0x7F,
  0xF0, 0x00, 0x00, 0x0F, 0xFE, 0x7F, 0xF0, 0x00, 0x00, 0x0F, 0xFE, 0x7F,
  0xF0, 0x00, 0x00, 0x0F, 0xFE, 0x7F, 0xF0, 0x00, 0x00, 0x1F, 0xFE, 0x7F,
  0xF0, 0x00, 0x00, 0x1F, 0xFE, 0x7F, 0xF0, 0x00, 0x00, 0x1F, 0xFE, 0x7F,
  0xF0, 0x00, 0x00, 0x1F, 0xFC, 0x7F, 0xF0, 0x00, 0x00, 0x1F, 0xFC, 0x7F,
  0xF0, 0x00, 0x00, 0x1F, 0xFC, 0x7F, 0xF0, 0x00, 0x00, 0x1F, 0xFC, 0x7F,
  0xF0, 0x00, 0x00, 0x1F, 0xFC, 0x7F, 0xF0, 0x00, 0x00, 0x1F, 0xFC, 0x7F,
  0xE0, 0x00, 0x00, 0x1F, 0xFC, 0x7F, 0xC0, 0x00, 0x00, 0x1F, 0xFC, 0xFF,
  0x80, 0x00, 0x00, 0x0F, 0xFC, 0xFF, 0x00, 0x00, 0x00, 0x0F, 0xFC, 0x7E,
  0x00, 0x00, 0x00, 0x0F, 0xFC, 0x7C, 0x00, 0x00, 0x00, 0x07, 0xF8, 0x78,
  0x00, 0x00, 0x00, 0x07, 0xF8, 0x70, 0x00, 0x00, 0x00, 0x07, 0xF0, 0x20,
  0x00, 0x00, 0x00, 0x07, 0xF0, 0x00, 0x00, 0x00, 0x00, 0x03, 0xE0, 0x00,
  0x00, 0x00, 0x00, 0x03, 0xC0, 0x00, 0x00, 0x00, 0x00, 0x03, 0x00, 0x00,
  0x07, 0xFF, 0xFF, 0xFF, 0xC0, 0x00, 0x07, 0xFF, 0xFF, 0xFF, 0xE2, 0x00,
  0x07, 0xFF, 0xFF, 0xFF, 0xF9, 0xE0, 0x00, 0xFF, 0xFF, 0xFF, 0xFE, 0x7C,
  0x01, 0x1F, 0xFF, 0xFF, 0xFF, 0x1F, 0x00, 0xE3, 0xFF, 0xFF, 0xFF, 0xCF,
  0xE0, 0x3C, 0x7F, 0xFF, 0xFF, 0xE3, 0xF8, 0x1F, 0x8F, 0xFF, 0xFF, 0xF9,
  0xFF, 0x07, 0xF1, 0xFF, 0xFF, 0xFC, 0x7F, 0xC1, 0xFE, 0x3F, 0xFF, 0xFF,
  0x3F, 0xF0, 0x7F, 0xC7, 0xFF, 0xFF, 0xCF, 0xFC, 0x1F, 0xF0, 0x00, 0x00,
  0x03, 0xFF, 0x07, 0xFE, 0x00, 0x00, 0x01, 0xFF, 0xC3, 0xFF, 0xC0, 0x00,
  0x00, 0x7F, 0xF0, 0xFF, 0xF0, 0x00, 0x00, 0x1F, 0xFC, 0x3F, 0xF8, 0x00,
  0x00, 0x07, 0xFF, 0x0F, 0xFE, 0x00, 0x00, 0x01, 0xFF, 0xC3, 0xFF, 0x80,
  0x00, 0x00, 0x7F, 0xF0, 0xFF, 0xE0, 0x00, 0x00, 0x1F, 0xFC, 0x3F, 0xF8,
  0x00, 0x00, 0x07, 0xFF, 0x0F, 0xFE, 0x00, 0x00, 0x01, 0xFF, 0xC3, 0xFF,
  0x80, 0x00, 0x00, 0xFF, 0xE0, 0xFF, 0xE0, 0x00, 0x00, 0x3F, 0xF8, 0x3F,
  0xF8, 0x00, 0x00, 0x0F, 0xFE, 0x0F, 0xFE, 0x00, 0x00, 0x03, 0xFF, 0x83,
  0xFF, 0x80, 0x00, 0x00, 0xFF, 0xE0, 0xFF, 0xE0, 0x00, 0x00, 0x3F, 0xF8,
  0x3F, 0xF8, 0x00, 0x00, 0x0F, 0xFE, 0x0F, 0xFE, 0x00, 0x00, 0x03, 0xFF,
  0x87, 0xFF, 0x80, 0x00, 0x00, 0xFF, 0xE1, 0xFF, 0xC0, 0x00, 0x00, 0x3F,
  0xF8, 0x7F, 0xF0, 0x00, 0x00, 0x0F, 0xFE, 0x1F, 0xFC, 0x00, 0x00, 0x03,
  0xFF, 0x87, 0xFF, 0x00, 0x00, 0x00, 0xFF, 0xE1, 0xFF, 0xC0, 0x00, 0x00,
  0x3F, 0xF8, 0x7F, 0xF0, 0x00, 0x00, 0x0F, 0xFE, 0x1F, 0xFC, 0x00, 0x00,
  0x07, 0xFF, 0x87, 0xFF, 0x00, 0x00, 0x01, 0xFF, 0xC1, 0xFF, 0x80, 0x00,
  0x00, 0x1F, 0xF0, 0x7F, 0x80, 0x00, 0x00, 0x03, 0xFC, 0x1F, 0xC0, 0x00,
  0x00, 0x00, 0x7F, 0x01, 0xC0, 0x00, 0x00, 0x00, 0x0F, 0x00, 0x20, 0x00,
  0x00, 0x00, 0x00, 0x80, 0x00, 0x00, 0x00, 0x00, 0x00, 0x00, 0x00, 0x00,
  0x00, 0x00, 0x00, 0x00, 0x00, 0x00, 0x00, 0x00, 0x00, 0x00, 0x00, 0x60,
  0x00, 0x00, 0x00, 0x01, 0x80, 0x3C, 0x00, 0x00, 0x00, 0x00, 0xF0, 0x1F,
  0x80, 0x00, 0x00, 0x00, 0x7E, 0x0F, 0xF8, 0x00, 0x00, 0x00, 0x7F, 0xC3,
  0xFF, 0x00, 0x00, 0x00, 0x3F, 0xF0, 0xFF, 0xE0, 0x00, 0x00, 0x1F, 0xFC,
  0x3F, 0xF8, 0x00, 0x00, 0x0F, 0xFF, 0x0F, 0xFE, 0x00, 0x00, 0x03, 0xFF,
  0x83, 0xFF, 0x80, 0x00, 0x00, 0xFF, 0xE0, 0xFF, 0xE0, 0x00, 0x00, 0x3F,
  0xF8, 0x3F, 0xF8, 0x00, 0x00, 0x0F, 0xFE, 0x0F, 0xFE, 0x00, 0x00, 0x03,
  0xFF, 0x83, 0xFF, 0x80, 0x00, 0x00, 0xFF, 0xE0, 0xFF, 0xE0, 0x00, 0x00,
  0x3F, 0xF8, 0x3F, 0xF8, 0x00, 0x00, 0x0F, 0xFE, 0x1F, 0xFE, 0x00, 0x00,
  0x03, 0xFF, 0x87, 0xFF, 0x00, 0x00, 0x00, 0xFF, 0xE1, 0xFF, 0xC0, 0x00,
  0x00, 0x3F, 0xF8, 0x7F, 0xF0, 0x00, 0x00, 0x0F, 0xFE, 0x1F, 0xFC, 0x00,
  0x00, 0x03, 0xFF, 0x87, 0xFF, 0x00, 0x00, 0x00, 0xFF, 0xE1, 0xFF, 0xC0,
  0x00, 0x00, 0x7F, 0xF8, 0x7F, 0xF0, 0x00, 0x00, 0x1F, 0xFE, 0x1F, 0xFC,
  0x00, 0x00, 0x07, 0xFF, 0x87, 0xFF, 0x00, 0x00, 0x01, 0xFF, 0xC1, 0xFF,
  0xC0, 0x00, 0x00, 0x7F, 0xF0, 0x7F, 0xF0, 0x00, 0x00, 0x1F, 0xFC, 0x1F,
  0xFC, 0x00, 0x00, 0x07, 0xFF, 0x07, 0xFF, 0x00, 0x00, 0x01, 0xFF, 0xC1,
  0xFF, 0xC0, 0x00, 0x00, 0x7F, 0xF0, 0x7F, 0xE0, 0x00, 0x00, 0x1F, 0xFC,
  0x1F, 0xF0, 0x00, 0x00, 0x07, 0xFF, 0x0F, 0xF8, 0x00, 0x00, 0x00, 0xFF,
  0xC3, 0xFC, 0x00, 0x00, 0x00, 0x3F, 0xF0, 0x7E, 0x00, 0x00, 0x00, 0x0F,
  0xFC, 0x1F, 0x00, 0x00, 0x00, 0x01, 0xFE, 0x07, 0x80, 0x00, 0x00, 0x00,
  0x7F, 0x81, 0xC0, 0x00, 0x00, 0x00, 0x1F, 0xC0, 0x20, 0x00, 0x00, 0x00,
  0x07, 0xF0, 0x00, 0x00, 0x00, 0x00, 0x00, 0xF8, 0x00, 0x00, 0x00, 0x00,
  0x00, 0x3C, 0x00, 0x00, 0x00, 0x00, 0x00, 0x0C, 0x00, 0x00, 0x07, 0xFF,
  0xFF, 0xFF, 0xC0, 0x00, 0x07, 0xFF, 0xFF, 0xFF, 0xE2, 0x00, 0x07, 0xFF,
  0xFF, 0xFF, 0xF9, 0xE0, 0x00, 0xFF, 0xFF, 0xFF, 0xFE, 0x7C, 0x01, 0x1F,
  0xFF, 0xFF, 0xFF, 0x1F, 0x00, 0xE3, 0xFF, 0xFF, 0xFF, 0xCF, 0xE0, 0x3C,
  0x7F, 0xFF, 0xFF, 0xE3, 0xF8, 0x1F, 0x8F, 0xFF, 0xFF, 0xF9, 0xFF, 0x07,
  0xF1, 0xFF, 0xFF, 0xFC, 0x7F, 0xC1, 0xFE, 0x3F, 0xFF, 0xFF, 0x3F, 0xF0,
  0x7F, 0xC7, 0xFF, 0xFF, 0xCF, 0xFC, 0x1F, 0xF0, 0x00, 0x00, 0x03, 0xFF,
  0x07, 0xFE, 0x00, 0x00, 0x01, 0xFF, 0xC3, 0xFF, 0xC0, 0x00, 0x00, 0x7F,
  0xF0, 0xFF, 0xF0, 0x00, 0x00, 0x1F, 0xFC, 0x3F, 0xF8, 0x00, 0x00, 0x07,
  0xFF, 0x0F, 0xFE, 0x00, 0x00, 0x01, 0xFF, 0xC3, 0xFF, 0x80, 0x00, 0x00,
  0x7F, 0xF0, 0xFF, 0xE0, 0x00, 0x00, 0x1F, 0xFC, 0x3F, 0xF8, 0x00, 0x00,
  0x07, 0xFF, 0x0F, 0xFE, 0x00, 0x00, 0x01, 0xFF, 0xC3, 0xFF, 0x80, 0x00,
  0x00, 0xFF, 0xE0, 0xFF, 0xE0, 0x00, 0x00, 0x3F, 0xF8, 0x3F, 0xF8, 0x00,
  0x00, 0x0F, 0xFE, 0x0F, 0xFE, 0x00, 0x00, 0x03, 0xFF, 0x83, 0xFF, 0x80,
  0x00, 0x00, 0xFF, 0xE0, 0xFF, 0xE0, 0x00, 0x00, 0x3F, 0xF8, 0x3F, 0xF8,
  0x00, 0x00, 0x0F, 0xFE, 0x0F, 0xFE, 0x00, 0x00, 0x03, 0xFF, 0x87, 0xFF,
  0x80, 0x00, 0x00, 0xFF, 0xE1, 0xFF, 0xC0, 0x00, 0x00, 0x3F, 0xF8, 0x7F,
  0xF0, 0x00, 0x00, 0x0F, 0xFE, 0x1F, 0xFC, 0x00, 0x00, 0x03, 0xFF, 0x87,
  0xFF, 0x00, 0x00, 0x00, 0xFF, 0xE1, 0xFF, 0xC0, 0x00, 0x00, 0x3F, 0xF8,
  0x7F, 0xF0, 0x00, 0x00, 0x0F, 0xFE, 0x1F, 0xFC, 0x00, 0x00, 0x07, 0xFF,
  0x87, 0xFF, 0x00, 0x00, 0x01, 0xFF, 0xC1, 0xFF, 0x80, 0x00, 0x00, 0x1F,
  0xF0, 0x7F, 0x80, 0x00, 0x00, 0x03, 0xFC, 0x1F, 0xC0, 0x00, 0x00, 0x00,
  0x7F, 0x01, 0xC0, 0x00, 0x00, 0x00, 0x0F, 0x00, 0x20, 0x00, 0x00, 0x00,
  0x00, 0x80, 0x00, 0x00, 0x00, 0x00, 0x00, 0x00, 0x00, 0x00, 0x00, 0x00,
  0x00, 0x00, 0x00, 0x00, 0x00, 0x00, 0x00, 0x00, 0x00, 0x60, 0x00, 0x00,
  0x00, 0x01, 0x80, 0x3C, 0x00, 0x00, 0x00, 0x00, 0xF0, 0x1F, 0x80, 0x00,
  0x00, 0x00, 0x7E, 0x0F, 0xF8, 0x00, 0x00, 0x00, 0x7F, 0xC3, 0xFF, 0x00,
  0x00, 0x00, 0x3F, 0xF0, 0xFF, 0xE0, 0x00, 0x00, 0x1F, 0xFC, 0x3F, 0xF8,
  0x00, 0x00, 0x0F, 0xFF, 0x0F, 0xFE, 0x00, 0x00, 0x03, 0xFF, 0x83, 0xFF,
  0x80, 0x00, 0x00, 0xFF, 0xE0, 0xFF, 0xE0, 0x00, 0x00, 0x3F, 0xF8, 0x3F,
  0xF8, 0x00, 0x00, 0x0F, 0xFE, 0x0F, 0xFE, 0x00, 0x00, 0x03, 0xFF, 0x83,
  0xFF, 0x80, 0x00, 0x00, 0xFF, 0xE0, 0xFF, 0xE0, 0x00, 0x00, 0x3F, 0xF8,
  0x3F, 0xF8, 0x00, 0x00, 0x0F, 0xFE, 0x1F, 0xFE, 0x00, 0x00, 0x03, 0xFF,
  0x87, 0xFF, 0x00, 0x00, 0x00, 0xFF, 0xE1, 0xFF, 0xC0, 0x00, 0x00, 0x3F,
  0xF8, 0x7F, 0xF0, 0x00, 0x00, 0x0F, 0xFE, 0x1F, 0xFC, 0x00, 0x00, 0x03,
  0xFF, 0x87, 0xFF, 0x00, 0x00, 0x00, 0xFF, 0xE1, 0xFF, 0xC0, 0x00, 0x00,
  0x7F, 0xF8, 0x7F, 0xF0, 0x00, 0x00, 0x1F, 0xFE, 0x1F, 0xFC, 0x00, 0x00,
  0x07, 0xFF, 0x87, 0xFF, 0x00, 0x00, 0x01, 0xFF, 0xC1, 0xFF, 0xC0, 0x00,
  0x00, 0x7F, 0xF0, 0x7F, 0xF0, 0x00, 0x00, 0x1F, 0xFC, 0x1F, 0xFC, 0x00,
  0x00, 0x07, 0xFF, 0x07, 0xFF, 0x00, 0x00, 0x01, 0xFF, 0xC1, 0xFF, 0xC0,
  0x00, 0x00, 0x7F, 0xF0, 0x7F, 0xE0, 0x00, 0x00, 0x1F, 0xFC, 0x1F, 0xF0,
  0x00, 0x00, 0x07, 0xFF, 0x0F, 0xF8, 0xFF, 0xFF, 0xF8, 0xFF, 0xC3, 0xFC,
  0x7F, 0xFF, 0xFF, 0x3F, 0xF0, 0x7E, 0x3F, 0xFF, 0xFF, 0xCF, 0xFC, 0x1F,
  0x1F, 0xFF, 0xFF, 0xF1, 0xFE, 0x07, 0x8F, 0xFF, 0xFF, 0xFE, 0x7F, 0x81,
  0xC7, 0xFF, 0xFF, 0xFF, 0x9F, 0xC0, 0x23, 0xFF, 0xFF, 0xFF, 0xE7, 0xF0,
  0x01, 0xFF, 0xFF, 0xFF, 0xF8, 0xF8, 0x00, 0xFF, 0xFF, 0xFF, 0xFF, 0x3C,
  0x00, 0x1F, 0xFF, 0xFF, 0xFF, 0xCC, 0x00, 0x01, 0xFF, 0xFF, 0xFF, 0xF0,
  0x00, 0x00, 0x00, 0x07, 0xFF, 0xFF, 0xFF, 0xC0, 0x00, 0x07, 0xFF, 0xFF,
  0xFF, 0xE2, 0x00, 0x07, 0xFF, 0xFF, 0xFF, 0xF9, 0xE0, 0x00, 0xFF, 0xFF,
  0xFF, 0xFE, 0x7C, 0x01, 0x1F, 0xFF, 0xFF, 0xFF, 0x1F, 0x00, 0xE3, 0xFF,
  0xFF, 0xFF, 0xCF, 0xE0, 0x3C, 0x7F, 0xFF, 0xFF, 0xE3, 0xF8, 0x1F, 0x8F,
  0xFF, 0xFF, 0xF9, 0xFF, 0x07, 0xF1, 0xFF, 0xFF, 0xFC, 0x7F, 0xC1, 0xFE,
  0x3F, 0xFF, 0xFF, 0x3F, 0xF0, 0x7F, 0xC7, 0xFF, 0xFF, 0xCF, 0xFC, 0x1F,
  0xF0, 0x00, 0x00, 0x03, 0xFF, 0x07, 0xFE, 0x00, 0x00, 0x01, 0xFF, 0xC3,
  0xFF, 0xC0, 0x00, 0x00, 0x7F, 0xF0, 0xFF, 0xF0, 0x00, 0x00, 0x1F, 0xFC,
  0x3F, 0xF8, 0x00, 0x00, 0x07, 0xFF, 0x0F, 0xFE, 0x00, 0x00, 0x01, 0xFF,
  0xC3, 0xFF, 0x80, 0x00, 0x00, 0x7F, 0xF0, 0xFF, 0xE0, 0x00, 0x00, 0x1F,
  0xFC, 0x3F, 0xF8, 0x00, 0x00, 0x07, 0xFF, 0x0F, 0xFE, 0x00, 0x00, 0x01,
  0xFF, 0xC3, 0xFF, 0x80, 0x00, 0x00, 0xFF, 0xE0, 0xFF, 0xE0, 0x00, 0x00,
  0x3F, 0xF8, 0x3F, 0xF8, 0x00, 0x00, 0x0F, 0xFE, 0x0F, 0xFE, 0x00, 0x00,
  0x03, 0xFF, 0x83, 0xFF, 0x80, 0x00, 0x00, 0xFF, 0xE0, 0xFF, 0xE0, 0x00,
  0x00, 0x3F, 0xF8, 0x3F, 0xF8, 0x00, 0x00, 0x0F, 0xFE, 0x0F, 0xFE, 0x00,
  0x00, 0x03, 0xFF, 0x87, 0xFF, 0x80, 0x00, 0x00, 0xFF, 0xE1, 0xFF, 0xC0,
  0x00, 0x00, 0x3F, 0xF8, 0x7F, 0xF0, 0x00, 0x00, 0x0F, 0xFE, 0x1F, 0xFC,
  0x00, 0x00, 0x03, 0xFF, 0x87, 0xFF, 0x00, 0x00, 0x00, 0xFF, 0xE1, 0xFF,
  0xC0, 0x00, 0x00, 0x3F, 0xF8, 0x7F, 0xF0, 0x00, 0x00, 0x0F, 0xFE, 0x1F,
  0xFC, 0x00, 0x00, 0x07, 0xFF, 0x87, 0xFF, 0x00, 0x00, 0x01, 0xFF, 0xC1,
  0xFF, 0x80, 0x00, 0x00, 0x1F, 0xF0, 0x7F, 0x87, 0xFF, 0xFF, 0xC3, 0xFC,
  0x1F, 0xC7, 0xFF, 0xFF, 0xFC, 0x7F, 0x01, 0xC3, 0xFF, 0xFF, 0xFF, 0x8F,
  0x00, 0x21, 0xFF, 0xFF, 0xFF, 0xF0, 0x80, 0x01, 0xFF, 0xFF, 0xFF, 0xFE,
  0x00, 0x00, 0xFF, 0xFF, 0xFF, 0xFF, 0xE0, 0x00, 0x1F, 0xFF, 0xFF, 0xFF,
  0xE0, 0x00, 0x63, 0xFF, 0xFF, 0xFF, 0xF0, 0x00, 0x3C, 0x3F, 0xFF, 0xFF,
  0xF8, 0x00, 0x1F, 0x87, 0xFF, 0xFF, 0xF8, 0x00, 0x0F, 0xF8, 0xFF, 0xFF,
  0xFC, 0x00, 0x03, 0xFF, 0x00, 0x00, 0x00, 0x00, 0x00, 0xFF, 0xE0, 0x00,
  0x00, 0x00, 0x00, 0x3F, 0xF8, 0x00, 0x00, 0x00, 0x00, 0x0F, 0xFE, 0x00,
  0x00, 0x00, 0x00, 0x03, 0xFF, 0x80, 0x00, 0x00, 0x00, 0x00, 0xFF, 0xE0,
  0x00, 0x00, 0x00, 0x00, 0x3F, 0xF8, 0x00, 0x00, 0x00, 0x00, 0x0F, 0xFE,
  0x00, 0x00, 0x00, 0x00, 0x03, 0xFF, 0x80, 0x00, 0x00, 0x00, 0x00, 0xFF,
  0xE0, 0x00, 0x00, 0x00, 0x00, 0x3F, 0xF8, 0x00, 0x00, 0x00, 0x00, 0x1F,
  0xFE, 0x00, 0x00, 0x00, 0x00, 0x07, 0xFF, 0x00, 0x00, 0x00, 0x00, 0x01,
  0xFF, 0xC0, 0x00, 0x00, 0x00, 0x00, 0x7F, 0xF0, 0x00, 0x00, 0x00, 0x00,
  0x1F, 0xFC, 0x00, 0x00, 0x00, 0x00, 0x07, 0xFF, 0x00, 0x00, 0x00, 0x00,
  0x01, 0xFF, 0xC0, 0x00, 0x00, 0x00, 0x00, 0x7F, 0xF0, 0x00, 0x00, 0x00,
  0x00, 0x1F, 0xFC, 0x00, 0x00, 0x00, 0x00, 0x07, 0xFF, 0x00, 0x00, 0x00,
  0x00, 0x01, 0xFF, 0xC0, 0x00, 0x00, 0x00, 0x00, 0x7F, 0xF0, 0x00, 0x00,
  0x00, 0x00, 0x1F, 0xFC, 0x00, 0x00, 0x00, 0x00, 0x07, 0xFF, 0x00, 0x00,
  0x00, 0x00, 0x01, 0xFF, 0xC0, 0x00, 0x00, 0x00, 0x00, 0x7F, 0xE0, 0x00,
  0x00, 0x00, 0x00, 0x1F, 0xF0, 0x00, 0x00, 0x00, 0x00, 0x0F, 0xF8, 0x00,
  0x00, 0x00, 0x00, 0x03, 0xFC, 0x00, 0x00, 0x00, 0x00, 0x00, 0x7E, 0x00,
  0x00, 0x00, 0x00, 0x00, 0x1F, 0x00, 0x00, 0x00, 0x00, 0x00, 0x07, 0x80,
  0x00, 0x00, 0x00, 0x00, 0x01, 0xC0, 0x00, 0x00, 0x00, 0x00, 0x00, 0x20,
  0x00, 0x00, 0x00, 0x00, 0x00, 0x00, 0x00, 0x3F, 0xFF, 0xFF, 0xFE, 0x00,
  0x01, 0xFF, 0xFF, 0xFF, 0xF8, 0x80, 0x0F, 0xFF, 0xFF, 0xFF, 0xF3, 0xC0,
  0x0F, 0xFF, 0xFF, 0xFF, 0xE7, 0xC0, 0x8F, 0xFF, 0xFF, 0xFF, 0x8F, 0x83,
  0x8F, 0xFF, 0xFF, 0xFF, 0x3F, 0x87, 0x8F, 0xFF, 0xFF, 0xFC, 0x7F, 0x1F,
  0x8F, 0xFF, 0xFF, 0xF9, 0xFF, 0x3F, 0x8F, 0xFF, 0xFF, 0xE3, 0xFE, 0x7F,
  0x8F, 0xFF, 0xFF, 0xCF, 0xFC, 0xFF, 0x8F, 0xFF, 0xFF, 0x9F, 0xF9, 0xFF,
  0x00, 0x00, 0x00, 0x3F, 0xF3, 0xFF, 0x00, 0x00, 0x00, 0xFF, 0xEF, 0xFF,
  0x00, 0x00, 0x01, 0xFF, 0xDF, 0xFE, 0x00, 0x00, 0x03, 0xFF, 0xBF, 0xF8,
  0x00, 0x00, 0x07, 0xFF, 0x7F, 0xF0, 0x00, 0x00, 0x0F, 0xFE, 0xFF, 0xE0,
  0x00, 0x00, 0x1F, 0xFD, 0xFF, 0xC0, 0x00, 0x00, 0x3F, 0xFB, 0xFF, 0x80,
  0x00, 0x00, 0x7F, 0xF7, 0xFF, 0x00, 0x00, 0x00, 0xFF, 0xEF, 0xFE, 0x00,
  0x00, 0x03, 0xFF, 0x9F, 0xFC, 0x00, 0x00, 0x07, 0xFF, 0x3F, 0xF8, 0x00,
  0x00, 0x0F, 0xFE, 0x7F, 0xF0, 0x00, 0x00, 0x1F, 0xFC, 0xFF, 0xE0, 0x00,
  0x00, 0x3F, 0xF9, 0xFF, 0xC0, 0x00, 0x00, 0x7F, 0xF3, 0xFF, 0x80, 0x00,
  0x00, 0xFF, 0xE7, 0xFF, 0x00, 0x00, 0x01, 0xFF, 0xDF, 0xFE, 0x00, 0x00,
  0x03, 0xFF, 0xBF, 0xF8, 0x00, 0x00, 0x07, 0xFF, 0x7F, 0xF0, 0x00, 0x00,
  0x0F, 0xFE, 0xFF, 0xE0, 0x00, 0x00, 0x1F, 0xFD, 0xFF, 0xC0, 0x00, 0x00,
  0x3F, 0xFB, 0xFF, 0x80, 0x00, 0x00, 0x7F, 0xF7, 0xFF, 0x00, 0x00, 0x00,
  0xFF, 0xEF, 0xFE, 0x00, 0x00, 0x03, 0xFF, 0xDF, 0xFC, 0x00, 0x00, 0x07,
  0xFF, 0x3F, 0xF0, 0x00, 0x00, 0x03, 0xFE, 0x7F, 0x87, 0xFF, 0xFF, 0xC3,
  0xFC, 0xFE, 0x3F, 0xFF, 0xFF, 0xE3, 0xF8, 0x70, 0xFF, 0xFF, 0xFF, 0xE3,
  0xC0, 0x43, 0xFF, 0xFF, 0xFF, 0xE1, 0x00, 0x1F, 0xFF, 0xFF, 0xFF, 0xE0,
  0x00, 0x7F, 0xFF, 0xFF, 0xFF, 0xF0, 0x00, 0x7F, 0xFF, 0xFF, 0xFF, 0x80,
  0x00, 0x7F, 0xFF, 0xFF, 0xFE, 0x00, 0x00, 0x3F, 0xFF, 0xFF, 0xF8, 0x00,
  0x00, 0x3F, 0xFF, 0xFF, 0xC0, 0x00, 0x00, 0x3F, 0xFF, 0xFF, 0x00, 0x00,
  0x00, 0x00, 0x00, 0x00, 0x00, 0x00, 0x00, 0x00, 0x00, 0x00, 0x00, 0x00,
  0x00, 0x00, 0x00, 0x00, 0x00, 0x00, 0x00, 0x00, 0x00, 0x00, 0x00, 0x00,
  0x00, 0x00, 0x00, 0x00, 0x00, 0x00, 0x00, 0x00, 0x00, 0x00, 0x00, 0x00,
  0x00, 0x00, 0x00, 0x00, 0x00, 0x00, 0x00, 0x00, 0x00, 0x00, 0x00, 0x00,
  0x00, 0x00, 0x00, 0x00, 0x00, 0x00, 0x00, 0x00, 0x00, 0x00, 0x00, 0x00,
  0x00, 0x00, 0x00, 0x00, 0x00, 0x00, 0x00, 0x00, 0x00, 0x00, 0x00, 0x00,
  0x00, 0x00, 0x00, 0x00, 0x00, 0x00, 0x00, 0x00, 0x00, 0x00, 0x00, 0x00,
  0x00, 0x00, 0x00, 0x00, 0x00, 0x00, 0x00, 0x00, 0x00, 0x00, 0x00, 0x00,
  0x00, 0x00, 0x00, 0x00, 0x00, 0x00, 0x00, 0x00, 0x00, 0x00, 0x00, 0x00,
  0x00, 0x00, 0x00, 0x00, 0x00, 0x00, 0x00, 0x00, 0x00, 0x00, 0x00, 0x00,
  0x00, 0x00, 0x00, 0x00, 0x00, 0x00, 0x00, 0x00, 0x00, 0x00, 0x00, 0x00,
  0x00, 0x00, 0x00, 0x00, 0x00, 0x00, 0x00, 0x00, 0x00, 0x00, 0x00, 0x00,
  0x00, 0x00, 0x00, 0x00, 0x00, 0x00, 0x00, 0x00, 0x00, 0x00, 0x00, 0x00,
  0x00, 0x00, 0x00, 0x00, 0x00, 0x00, 0x00, 0x00, 0x00, 0x1F, 0xFF, 0xFF,
  0x00, 0x00, 0x00, 0x7F, 0xFF, 0xFF, 0x00, 0x00, 0x01, 0xFF, 0xFF, 0xFE,
  0x00, 0x00, 0x07, 0xFF, 0xFF, 0xFC, 0x00, 0x00, 0x1F, 0xFF, 0xFF, 0xFC,
  0x00, 0x00, 0x7F, 0xFF, 0xFF, 0xF8, 0x00, 0x01, 0xFF, 0xFF, 0xFF, 0xF0,
  0x00, 0x07, 0xFF, 0xFF, 0xFF, 0xE0, 0x00, 0x1F, 0xFF, 0xFF, 0xFF, 0xE0,
  0x00, 0x1F, 0xFF, 0xFF, 0xFF, 0xC0, 0x00, 0x0F, 0xFF, 0xFF, 0xFF, 0x80,
  0x00, 0x00, 0x07, 0xFF, 0xFF, 0xFF, 0xC0, 0x07, 0xFF, 0xFF, 0xFF, 0xE0,
  0x07, 0xFF, 0xFF, 0xFF, 0xF8, 0x00, 0xFF, 0xFF, 0xFF, 0xFE, 0x01, 0x1F,
  0xFF, 0xFF, 0xFF, 0x00, 0xE3, 0xFF, 0xFF, 0xFF, 0xC0, 0x3C, 0x7F, 0xFF,
  0xFF, 0xE0, 0x1F, 0x8F, 0xFF, 0xFF, 0xF8, 0x07, 0xF1, 0xFF, 0xFF, 0xFC,
  0x01, 0xFE, 0x3F, 0xFF, 0xFF, 0x00, 0x7F, 0xC7, 0xFF, 0xFF, 0xC0, 0x1F,
  0xF0, 0x00, 0x00, 0x00, 0x07, 0xFE, 0x00, 0x00, 0x00, 0x03, 0xFF, 0xC0,
  0x00, 0x00, 0x00, 0xFF, 0xF0, 0x00, 0x00, 0x00, 0x3F, 0xF8, 0x00, 0x00,
  0x00, 0x0F, 0xFE, 0x00, 0x00, 0x00, 0x03, 0xFF, 0x80, 0x00, 0x00, 0x00,
  0xFF, 0xE0, 0x00, 0x00, 0x00, 0x3F, 0xF8, 0x00, 0x00, 0x00, 0x0F, 0xFE,
  0x00, 0x00, 0x00, 0x03, 0xFF, 0x80, 0x00, 0x00, 0x00, 0xFF, 0xE0, 0x00,
  0x00, 0x00, 0x3F, 0xF8, 0x00, 0x00, 0x00, 0x0F, 0xFE, 0x00, 0x00, 0x00,
  0x03, 0xFF, 0x80, 0x00, 0x00, 0x00, 0xFF, 0xE0, 0x00, 0x00, 0x00, 0x3F,
  0xF8, 0x00, 0x00, 0x00, 0x0F, 0xFE, 0x00, 0x00, 0x00, 0x07, 0xFF, 0x80,
  0x00, 0x00, 0x01, 0xFF, 0xC0, 0x00, 0x00, 0x00, 0x7F, 0xF0, 0x00, 0x00,
  0x00, 0x1F, 0xFC, 0x00, 0x00, 0x00, 0x07, 0xFF, 0x00, 0x00, 0x00, 0x01,
  0xFF, 0xC0, 0x00, 0x00, 0x00, 0x7F, 0xF0, 0x00, 0x00, 0x00, 0x1F, 0xFC,
  0x00, 0x00, 0x00, 0x07, 0xFF, 0x00, 0x00, 0x00, 0x01, 0xFF, 0x80, 0x00,
  0x00, 0x00, 0x7F, 0x80, 0x00, 0x00, 0x00, 0x1F, 0xC0, 0x00, 0x00, 0x00,
  0x01, 0xC0, 0x00, 0x00, 0x00, 0x00, 0x20, 0x00, 0x00, 0x00, 0x00, 0x00,
  0x00, 0x00, 0x00, 0x00, 0x00, 0x00, 0x00, 0x00, 0x00, 0x00, 0x00, 0x00,
  0x00, 0x00, 0x00, 0x60, 0x00, 0x00, 0x00, 0x00, 0x3C, 0x00, 0x00, 0x00,
  0x00, 0x1F, 0x80, 0x00, 0x00, 0x00, 0x0F, 0xF8, 0x00, 0x00, 0x00, 0x03,
  0xFF, 0x00, 0x00, 0x00, 0x00, 0xFF, 0xE0, 0x00, 0x00, 0x00, 0x3F, 0xF8,
  0x00, 0x00, 0x00, 0x0F, 0xFE, 0x00, 0x00, 0x00, 0x03, 0xFF, 0x80, 0x00,
  0x00, 0x00, 0xFF, 0xE0, 0x00, 0x00, 0x00, 0x3F, 0xF8, 0x00, 0x00, 0x00,
  0x0F, 0xFE, 0x00, 0x00, 0x00, 0x03, 0xFF, 0x80, 0x00, 0x00, 0x00, 0xFF,
  0xE0, 0x00, 0x00, 0x00, 0x3F, 0xF8, 0x00, 0x00, 0x00, 0x1F, 0xFE, 0x00,
  0x00, 0x00, 0x07, 0xFF, 0x00, 0x00, 0x00, 0x01, 0xFF, 0xC0, 0x00, 0x00,
  0x00, 0x7F, 0xF0, 0x00, 0x00, 0x00, 0x1F, 0xFC, 0x00, 0x00, 0x00, 0x07,
  0xFF, 0x00, 0x00, 0x00, 0x01, 0xFF, 0xC0, 0x00, 0x00, 0x00, 0x7F, 0xF0,
  0x00, 0x00, 0x00, 0x1F, 0xFC, 0x00, 0x00, 0x00, 0x07, 0xFF, 0x00, 0x00,
  0x00, 0x01, 0xFF, 0xC0, 0x00, 0x00, 0x00, 0x7F, 0xF0, 0x00, 0x00, 0x00,
  0x1F, 0xFC, 0x00, 0x00, 0x00, 0x07, 0xFF, 0x00, 0x00, 0x00, 0x01, 0xFF,
  0xC0, 0x00, 0x00, 0x00, 0x7F, 0xE0, 0x00, 0x00, 0x00, 0x1F, 0xF0, 0x00,
  0x00, 0x00, 0x0F, 0xF8, 0x00, 0x00, 0x00, 0x03, 0xFC, 0x00, 0x00, 0x00,
  0x00, 0x7E, 0x00, 0x00, 0x00, 0x00, 0x1F, 0x00, 0x00, 0x00, 0x00, 0x07,
  0x80, 0x00, 0x00, 0x00, 0x01, 0xC0, 0x00, 0x00, 0x00, 0x00, 0x20, 0x00,
  0x00, 0x00, 0x00, 0x00, 0x00, 0x3F, 0xFF, 0xFF, 0xFE, 0x00, 0x07, 0xFF,
  0xFF, 0xFF, 0xE0, 0x00, 0xFF, 0xFF, 0xFF, 0xFF, 0x00, 0x03, 0xFF, 0xFF,
  0xFF, 0xF8, 0x00, 0x8F, 0xFF, 0xFF, 0xFF, 0x80, 0x0E, 0x3F, 0xFF, 0xFF,
  0xFC, 0x00, 0x78, 0xFF, 0xFF, 0xFF, 0xC0, 0x07, 0xE3, 0xFF, 0xFF, 0xFE,
  0x00, 0x3F, 0x8F, 0xFF, 0xFF, 0xE0, 0x01, 0xFE, 0x3F, 0xFF, 0xFF, 0x00,
  0x0F, 0xF8, 0xFF, 0xFF, 0xF8, 0x00, 0x7F, 0xC0, 0x00, 0x00, 0x00, 0x03,
  0xFF, 0x00, 0x00, 0x00, 0x00, 0x3F, 0xFC, 0x00, 0x00, 0x00, 0x01, 0xFF,
  0xE0, 0x00, 0x00, 0x00, 0x0F, 0xFE, 0x00, 0x00, 0x00, 0x00, 0x7F, 0xF0,
  0x00, 0x00, 0x00, 0x03, 0xFF, 0x80, 0x00, 0x00, 0x00, 0x1F, 0xFC, 0x00,
  0x00, 0x00, 0x00, 0xFF, 0xE0, 0x00, 0x00, 0x00, 0x07, 0xFF, 0x00, 0x00,
  0x00, 0x00, 0x3F, 0xF8, 0x00, 0x00, 0x00, 0x01, 0xFF, 0xC0, 0x00, 0x00,
  0x00, 0x0F, 0xFE, 0x00, 0x00, 0x00, 0x00, 0x7F, 0xF0, 0x00, 0x00, 0x00,
  0x03, 0xFF, 0x80, 0x00, 0x00, 0x00, 0x1F, 0xFC, 0x00, 0x00, 0x00, 0x00,
  0xFF, 0xE0, 0x00, 0x00, 0x00, 0x07, 0xFF, 0x00, 0x00, 0x00, 0x00, 0x7F,
  0xF8, 0x00, 0x00, 0x00, 0x03, 0xFF, 0x80, 0x00, 0x00, 0x00, 0x1F, 0xFC,
  0x00, 0x00, 0x00, 0x00, 0xFF, 0xE0, 0x00, 0x00, 0x00, 0x07, 0xFF, 0x00,
  0x00, 0x00, 0x00, 0x3F, 0xF8, 0x00, 0x00, 0x00, 0x01, 0xFF, 0xC0, 0x00,
  0x00, 0x00, 0x0F, 0xFE, 0x00, 0x00, 0x00, 0x00, 0x7F, 0xF0, 0x00, 0x00,
  0x00, 0x03, 0xFF, 0x00, 0x00, 0x00, 0x00, 0x1F, 0xE1, 0xFF, 0xFF, 0xF0,
  0x00, 0xFE, 0x3F, 0xFF, 0xFF, 0xE0, 0x01, 0xC3, 0xFF, 0xFF, 0xFF, 0x80,
  0x04, 0x3F, 0xFF, 0xFF, 0xFE, 0x00, 0x07, 0xFF, 0xFF, 0xFF, 0xF8, 0x00,
  0x7F, 0xFF, 0xFF, 0xFF, 0xF0, 0x01, 0xFF, 0xFF, 0xFF, 0xFE, 0x00, 0x07,
  0xFF, 0xFF, 0xFF, 0xE3, 0x00, 0x0F, 0xFF, 0xFF, 0xFE, 0x3C, 0x00, 0x3F,
  0xFF, 0xFF, 0xC3, 0xF0, 0x00, 0xFF, 0xFF, 0xFC, 0x7F, 0xC0, 0x00, 0x00,
  0x00, 0x07, 0xFE, 0x00, 0x00, 0x00, 0x00, 0x7F, 0xF0, 0x00, 0x00, 0x00,
  0x07, 0xFF, 0x80, 0x00, 0x00, 0x00, 0x3F, 0xF8, 0x00, 0x00, 0x00, 0x01,
  0xFF, 0xC0, 0x00, 0x00, 0x00, 0x0F, 0xFE, 0x00, 0x00, 0x00, 0x00, 0x7F,
  0xF0, 0x00, 0x00, 0x00, 0x03, 0xFF, 0x80, 0x00, 0x00, 0x00, 0x1F, 0xFC,
  0x00, 0x00, 0x00, 0x00, 0xFF, 0xE0, 0x00, 0x00, 0x00, 0x07, 0xFF, 0x00,
  0x00, 0x00, 0x00, 0x3F, 0xF8, 0x00, 0x00, 0x00, 0x01, 0xFF, 0xC0, 0x00,
  0x00, 0x00, 0x0F, 0xFE, 0x00, 0x00, 0x00, 0x00, 0x7F, 0xF0, 0x00, 0x00,
  0x00, 0x03, 0xFF, 0x80, 0x00, 0x00, 0x00, 0x1F, 0xFC, 0x00, 0x00, 0x00,
  0x01, 0xFF, 0xE0, 0x00, 0x00, 0x00, 0x0F, 0xFF, 0x00, 0x00, 0x00, 0x00,
  0x7F, 0xF8, 0x00, 0x00, 0x00, 0x03, 0xFF, 0x80, 0x00, 0x00, 0x00, 0x1F,
  0xFC, 0x00, 0x00, 0x00, 0x00, 0xFF, 0xE0, 0x00, 0x00, 0x00, 0x07, 0xFF,
  0x00, 0x00, 0x00, 0x00, 0x3F, 0xF8, 0x00, 0x00, 0x00, 0x01, 0xFF, 0xC0,
  0x00, 0x00, 0x00, 0x0F, 0xFE, 0x00, 0x00, 0x00, 0x00, 0x7F, 0xF0, 0x01,
  0xFF, 0xFF, 0xF1, 0xFF, 0x80, 0x1F, 0xFF, 0xFF, 0xCF, 0xFC, 0x01, 0xFF,
  0xFF, 0xFE, 0x7F, 0xE0, 0x1F, 0xFF, 0xFF, 0xF1, 0xFE, 0x01, 0xFF, 0xFF,
  0xFF, 0xCF, 0xF0, 0x1F, 0xFF, 0xFF, 0xFE, 0x7F, 0x01, 0xFF, 0xFF, 0xFF,
  0xF3, 0xF8, 0x1F, 0xFF, 0xFF, 0xFF, 0x8F, 0x81, 0xFF, 0xFF, 0xFF, 0xFE,
  0x78, 0x07, 0xFF, 0xFF, 0xFF, 0xF3, 0x00, 0x0F, 0xFF, 0xFF, 0xFF, 0x80,
  0x00, 0x0F, 0xFF, 0xFF, 0xFF, 0x80, 0x1F, 0xFF, 0xFF, 0xFF, 0x88, 0x3F,
  0xFF, 0xFF, 0xFF, 0xCF, 0x0F, 0xFF, 0xFF, 0xFF, 0xE7, 0xC3, 0xFF, 0xFF,
  0xFF, 0xE3, 0xE0, 0xFF, 0xFF, 0xFF, 0xF3, 0xF8, 0x3F, 0xFF, 0xFF, 0xF1,
  0xFC, 0x0F, 0xFF, 0xFF, 0xF9, 0xFF, 0x03, 0xFF, 0xFF, 0xF8, 0xFF, 0x80,
  0xFF, 0xFF, 0xFC, 0xFF, 0xC0, 0x3F, 0xFF, 0xFE, 0x7F, 0xE0, 0x00, 0x00,
  0x00, 0x3F, 0xF0, 0x00, 0x00, 0x00, 0x3F, 0xF8, 0x00, 0x00, 0x00, 0x1F,
  0xFC, 0x00, 0x00, 0x00, 0x0F, 0xFE, 0x00, 0x00, 0x00, 0x07, 0xFF, 0x00,
  0x00, 0x00, 0x03, 0xFF, 0x80, 0x00, 0x00, 0x01, 0xFF, 0xC0, 0x00, 0x00,
  0x00, 0xFF, 0xE0, 0x00, 0x00, 0x00, 0x7F, 0xF0, 0x00, 0x00, 0x00, 0x3F,
  0xF8, 0x00, 0x00, 0x00, 0x3F, 0xF8, 0x00, 0x00, 0x00, 0x1F, 0xFC, 0x00,
  0x00, 0x00, 0x0F, 0xFE, 0x00, 0x00, 0x00, 0x07, 0xFF, 0x00, 0x00, 0x00,
  0x03, 0xFF, 0x80, 0x00, 0x00, 0x01, 0xFF, 0xC0, 0x00, 0x00, 0x00, 0xFF,
  0xE0, 0x00, 0x00, 0x00, 0x7F, 0xF0, 0x00, 0x00, 0x00, 0x3F, 0xF8, 0x00,
  0x00, 0x00, 0x1F, 0xFC, 0x00, 0x00, 0x00, 0x0F, 0xFE, 0x00, 0x00, 0x00,
  0x07, 0xFF, 0x00, 0x00, 0x00, 0x03, 0xFF, 0x80, 0x00, 0x00, 0x01, 0xFF,
  0xC0, 0x00, 0x00, 0x00, 0xFF, 0xE0, 0x00, 0x00, 0x00, 0xFF, 0xF0, 0x00,
  0x00, 0x00, 0x7F, 0xF0, 0x00, 0x00, 0x00, 0x0F, 0xF8, 0x00, 0x00, 0x00,
  0x03, 0xFC, 0x00, 0x00, 0x00, 0x00, 0xFE, 0x00, 0x00, 0x00, 0x00, 0x3C,
  0x00, 0x00, 0x00, 0x00, 0x04, 0x00, 0x00, 0x00, 0x00, 0x00, 0x00, 0x00,
  0x00, 0x00, 0x00, 0x00, 0x00, 0x00, 0x00, 0x00, 0x00, 0x00, 0x00, 0x00,
  0x00, 0xC0, 0x00, 0x00, 0x00, 0x00, 0xF0, 0x00, 0x00, 0x00, 0x00, 0xFC,
  0x00, 0x00, 0x00, 0x01, 0xFF, 0x00, 0x00, 0x00, 0x01, 0xFF, 0x80, 0x00,
  0x00, 0x01, 0xFF, 0xC0, 0x00, 0x00, 0x01, 0xFF, 0xE0, 0x00, 0x00, 0x00,
  0xFF, 0xE0, 0x00, 0x00, 0x00, 0x7F, 0xF0, 0x00, 0x00, 0x00, 0x3F, 0xF8,
  0x00, 0x00, 0x00, 0x1F, 0xFC, 0x00, 0x00, 0x00, 0x0F, 0xFE, 0x00, 0x00,
  0x00, 0x07, 0xFF, 0x00, 0x00, 0x00, 0x03, 0xFF, 0x80, 0x00, 0x00, 0x01,
  0xFF, 0xC0, 0x00, 0x00, 0x00, 0xFF, 0xE0, 0x00, 0x00, 0x00, 0x7F, 0xF0,
  0x00, 0x00, 0x00, 0x3F, 0xF8, 0x00, 0x00, 0x00, 0x1F, 0xFC, 0x00, 0x00,
  0x00, 0x0F, 0xFE, 0x00, 0x00, 0x00, 0x07, 0xFF, 0x00, 0x00, 0x00, 0x07,
  0xFF, 0x80, 0x00, 0x00, 0x03, 0xFF, 0xC0, 0x00, 0x00, 0x01, 0xFF, 0xE0,
  0x00, 0x00, 0x00, 0xFF, 0xE0, 0x00, 0x00, 0x00, 0x7F, 0xF0, 0x00, 0x00,
  0x00, 0x3F, 0xF8, 0x00, 0x00, 0x00, 0x1F, 0xFC, 0x00, 0x00, 0x00, 0x0F,
  0xFE, 0x00, 0x00, 0x00, 0x07, 0xFF, 0x00, 0x00, 0x00, 0x03, 0xFF, 0x80,
  0x00, 0x00, 0x01, 0xFF, 0xC0, 0x00, 0x00, 0x00, 0x7F, 0xE0, 0x00, 0x00,
  0x00, 0x3F, 0xF0, 0x00, 0x00, 0x00, 0x1F, 0xF8, 0x00, 0x00, 0x00, 0x07,
  0xF8, 0x00, 0x00, 0x00, 0x03, 0xFC, 0x00, 0x00, 0x00, 0x01, 0xFC, 0x00,
  0x00, 0x00, 0x00, 0xFE, 0x00, 0x00, 0x00, 0x00, 0x3E, 0x00, 0x00, 0x00,
  0x00, 0x1E, 0x00, 0x00, 0x00, 0x00, 0x0C, 0x00, 0x00, 0x00, 0x00, 0x00,
  0x00, 0x08, 0x00, 0x00, 0x00, 0x00, 0x00, 0x07, 0x80, 0x00, 0x00, 0x00,
  0x00, 0x01, 0xF0, 0x04, 0x00, 0x00, 0x00, 0x00, 0x7C, 0x03, 0x80, 0x00,
  0x00, 0x00, 0x3F, 0x80, 0xF0, 0x00, 0x00, 0x00, 0x0F, 0xE0, 0x7E, 0x00,
  0x00, 0x00, 0x07, 0xFC, 0x1F, 0xC0, 0x00, 0x00, 0x01, 0xFF, 0x07, 0xF8,
  0x00, 0x00, 0x00, 0xFF, 0xC1, 0xFF, 0x00, 0x00, 0x00, 0x3F, 0xF0, 0x7F,
  0xC0, 0x00, 0x00, 0x0F, 0xFC, 0x1F, 0xF8, 0x00, 0x00, 0x07, 0xFF, 0x0F,
  0xFF, 0x00, 0x00, 0x01, 0xFF, 0xC3, 0xFF, 0xC0, 0x00, 0x00, 0x7F, 0xF0,
  0xFF, 0xE0, 0x00, 0x00, 0x1F, 0xFC, 0x3F, 0xF8, 0x00, 0x00, 0x07, 0xFF,
  0x0F, 0xFE, 0x00, 0x00, 0x01, 0xFF, 0xC3, 0xFF, 0x80, 0x00, 0x00, 0x7F,
  0xF0, 0xFF, 0xE0, 0x00, 0x00, 0x1F, 0xFC, 0x3F, 0xF8, 0x00, 0x00, 0x07,
  0xFF, 0x0F, 0xFE, 0x00, 0x00, 0x03, 0xFF, 0x83, 0xFF, 0x80, 0x00, 0x00,
  0xFF, 0xE0, 0xFF, 0xE0, 0x00, 0x00, 0x3F, 0xF8, 0x3F, 0xF8, 0x00, 0x00,
  0x0F, 0xFE, 0x0F, 0xFE, 0x00, 0x00, 0x03, 0xFF, 0x83, 0xFF, 0x80, 0x00,
  0x00, 0xFF, 0xE0, 0xFF, 0xE0, 0x00, 0x00, 0x3F, 0xF8, 0x3F, 0xF8, 0x00,
  0x00, 0x0F, 0xFE, 0x1F, 0xFE, 0x00, 0x00, 0x03, 0xFF, 0x87, 0xFF, 0x00,
  0x00, 0x00, 0xFF, 0xE1, 0xFF, 0xC0, 0x00, 0x00, 0x3F, 0xF8, 0x7F, 0xF0,
  0x00, 0x00, 0x0F, 0xFE, 0x1F, 0xFC, 0x00, 0x00, 0x03, 0xFF, 0x87, 0xFF,
  0x00, 0x00, 0x00, 0xFF, 0xE1, 0xFF, 0xC0, 0x00, 0x00, 0x3F, 0xF8, 0x7F,
  0xF0, 0x00, 0x00, 0x1F, 0xFE, 0x1F, 0xFC, 0x00, 0x00, 0x07, 0xFF, 0x07,
  0xFE, 0x00, 0x00, 0x00, 0x7F, 0xC1, 0xFE, 0x00, 0x00, 0x00, 0x0F, 0xF0,
  0x7F, 0x00, 0x00, 0x00, 0x01, 0xFC, 0x07, 0x00, 0x00, 0x00, 0x00, 0x3C,
  0x00, 0x80, 0x00, 0x00, 0x00, 0x02, 0x00, 0x00, 0x00, 0x00, 0x00, 0x00,
  0x00, 0x00, 0x00, 0x00, 0x00, 0x00, 0x00, 0x00, 0x00, 0x00, 0x00, 0x00,
  0x00, 0x01, 0x80, 0x00, 0x00, 0x00, 0x06, 0x00, 0xF0, 0x00, 0x00, 0x00,
  0x03, 0xC0, 0x7E, 0x00, 0x00, 0x00, 0x01, 0xF8, 0x3F, 0xE0, 0x00, 0x00,
  0x01, 0xFF, 0x0F, 0xFC, 0x00, 0x00, 0x00, 0xFF, 0xC3, 0xFF, 0x80, 0x00,
  0x00, 0x7F, 0xF0, 0xFF, 0xE0, 0x00, 0x00, 0x3F, 0xFC, 0x3F, 0xF8, 0x00,
  0x00, 0x0F, 0xFE, 0x0F, 0xFE, 0x00, 0x00, 0x03, 0xFF, 0x83, 0xFF, 0x80,
  0x00, 0x00, 0xFF, 0xE0, 0xFF, 0xE0, 0x00, 0x00, 0x3F, 0xF8, 0x3F, 0xF8,
  0x00, 0x00, 0x0F, 0xFE, 0x0F, 0xFE, 0x00, 0x00, 0x03, 0xFF, 0x83, 0xFF,
  0x80, 0x00, 0x00, 0xFF, 0xE0, 0xFF, 0xE0, 0x00, 0x00, 0x3F, 0xF8, 0x7F,
  0xF8, 0x00, 0x00, 0x0F, 0xFE, 0x1F, 0xFC, 0x00, 0x00, 0x03, 0xFF, 0x87,
  0xFF, 0x00, 0x00, 0x00, 0xFF, 0xE1, 0xFF, 0xC0, 0x00, 0x00, 0x3F, 0xF8,
  0x7F, 0xF0, 0x00, 0x00, 0x0F, 0xFE, 0x1F, 0xFC, 0x00, 0x00, 0x03, 0xFF,
  0x87, 0xFF, 0x00, 0x00, 0x01, 0xFF, 0xE1, 0xFF, 0xC0, 0x00, 0x00, 0x7F,
  0xF8, 0x7F, 0xF0, 0x00, 0x00, 0x1F, 0xFE, 0x1F, 0xFC, 0x00, 0x00, 0x07,
  0xFF, 0x07, 0xFF, 0x00, 0x00, 0x01, 0xFF, 0xC1, 0xFF, 0xC0, 0x00, 0x00,
  0x7F, 0xF0, 0x7F, 0xF0, 0x00, 0x00, 0x1F, 0xFC, 0x1F, 0xFC, 0x00, 0x00,
  0x07, 0xFF, 0x07, 0xFF, 0x00, 0x00, 0x01, 0xFF, 0xC1, 0xFF, 0x80, 0x00,
  0x00, 0x7F, 0xF0, 0x7F, 0xC0, 0x00, 0x00, 0x1F, 0xFC, 0x3F, 0xE3, 0xFF,
  0xFF, 0xE3, 0xFF, 0x0F, 0xF1, 0xFF, 0xFF, 0xFC, 0xFF, 0xC1, 0xF8, 0xFF,
  0xFF, 0xFF, 0x3F, 0xF0, 0x7C, 0x7F, 0xFF, 0xFF, 0xC7, 0xF8, 0x1E, 0x3F,
  0xFF, 0xFF, 0xF9, 0xFE, 0x07, 0x1F, 0xFF, 0xFF, 0xFE, 0x7F, 0x00, 0x8F,
  0xFF, 0xFF, 0xFF, 0x9F, 0xC0, 0x07, 0xFF, 0xFF, 0xFF, 0xE3, 0xE0, 0x03,
  0xFF, 0xFF, 0xFF, 0xFC, 0xF0, 0x00, 0x7F, 0xFF, 0xFF, 0xFF, 0x30, 0x00,
  0x07, 0xFF, 0xFF, 0xFF, 0xC0, 0x00, 0x00, 0x00, 0x00, 0x00, 0x00, 0x40,
  0x00, 0x00, 0x00, 0x00, 0x01, 0xE0, 0x00, 0x00, 0x00, 0x00, 0x03, 0xE0,
  0x40, 0x00, 0x00, 0x00, 0x07, 0xC1, 0xC0, 0x00, 0x00, 0x00, 0x1F, 0xC3,
  0xC0, 0x00, 0x00, 0x00, 0x3F, 0x8F, 0xC0, 0x00, 0x00, 0x00, 0xFF, 0x9F,
  0xC0, 0x00, 0x00, 0x01, 0xFF, 0x3F, 0xC0, 0x00, 0x00, 0x07, 0xFE, 0x7F,
  0xC0, 0x00, 0x00, 0x0F, 0xFC, 0xFF, 0x80, 0x00, 0x00, 0x1F, 0xF9, 0xFF,
  0x80, 0x00, 0x00, 0x7F, 0xF7, 0xFF, 0x80, 0x00, 0x00, 0xFF, 0xEF, 0xFF,
  0x00, 0x00, 0x01, 0xFF, 0xDF, 0xFC, 0x00, 0x00, 0x03, 0xFF, 0xBF, 0xF8,
  0x00, 0x00, 0x07, 0xFF, 0x7F, 0xF0, 0x00, 0x00, 0x0F, 0xFE, 0xFF, 0xE0,
  0x00, 0x00, 0x1F, 0xFD, 0xFF, 0xC0, 0x00, 0x00, 0x3F, 0xFB, 0xFF, 0x80,
  0x00, 0x00, 0x7F, 0xF7, 0xFF, 0x00, 0x00, 0x01, 0xFF, 0xCF, 0xFE, 0x00,
  0x00, 0x03, 0xFF, 0x9F, 0xFC, 0x00, 0x00, 0x07, 0xFF, 0x3F, 0xF8, 0x00,
  0x00, 0x0F, 0xFE, 0x7F, 0xF0, 0x00, 0x00, 0x1F, 0xFC, 0xFF, 0xE0, 0x00,
  0x00, 0x3F, 0xF9, 0xFF, 0xC0, 0x00, 0x00, 0x7F, 0xF3, 0xFF, 0x80, 0x00,
  0x00, 0xFF, 0xEF, 0xFF, 0x00, 0x00, 0x01, 0xFF, 0xDF, 0xFC, 0x00, 0x00,
  0x03, 0xFF, 0xBF, 0xF8, 0x00, 0x00, 0x07, 0xFF, 0x7F, 0xF0, 0x00, 0x00,
  0x0F, 0xFE, 0xFF, 0xE0, 0x00, 0x00, 0x1F, 0xFD, 0xFF, 0xC0, 0x00, 0x00,
  0x3F, 0xFB, 0xFF, 0x80, 0x00, 0x00, 0x7F, 0xF7, 0xFF, 0x00, 0x00, 0x01,
  0xFF, 0xEF, 0xFE, 0x00, 0x00, 0x03, 0xFF, 0x9F, 0xF8, 0x00, 0x00, 0x01,
  0xFF, 0x3F, 0xC0, 0x00, 0x00, 0x01, 0xFE, 0x7F, 0x00, 0x00, 0x00, 0x01,
  0xFC, 0x38, 0x00, 0x00, 0x00, 0x01, 0xE0, 0x20, 0x00, 0x00, 0x00, 0x00,
  0x80, 0x00, 0x00, 0x00, 0x00, 0x00, 0x00, 0x00, 0x00, 0x00, 0x00, 0x00,
  0x00, 0x00, 0x00, 0x00, 0x00, 0x00, 0x00, 0x00, 0x00, 0x00, 0x00, 0x00,
  0x00, 0x00, 0x00, 0x00, 0x00, 0x00, 0x00, 0x00, 0x00, 0x00, 0x00, 0x00,
  0x00, 0x00, 0x00, 0x00, 0x00, 0x00, 0x00, 0x00, 0x00, 0x00, 0x00, 0x00,
  0x00, 0x00, 0x00, 0x00, 0x00, 0x00, 0x00, 0x00, 0x00, 0x00, 0x00, 0x00,
  0x00, 0x00, 0x00, 0x00, 0x00, 0x00, 0x00, 0x00, 0x00, 0x00, 0x00, 0x00,
  0x00, 0x00, 0x00, 0x00, 0x00, 0x00, 0x00, 0x00, 0x00, 0x00, 0x00, 0x00,
  0x00, 0x00, 0x00, 0x00, 0x00, 0x00, 0x00, 0x00, 0x00, 0x00, 0x00, 0x00,
  0x00, 0x00, 0x00, 0x00, 0x00, 0x00, 0x00, 0x00, 0x00, 0x00, 0x00, 0x00,
  0x00, 0x00, 0x00, 0x00, 0x00, 0x00, 0x00, 0x00, 0x00, 0x00, 0x00, 0x00,
  0x00, 0x00, 0x00, 0x00, 0x00, 0x00, 0x00, 0x00, 0x00, 0x00, 0x00, 0x00,
  0x00, 0x00, 0x00, 0x00, 0x00, 0x00, 0x00, 0x00, 0x00, 0x00, 0x00, 0x00,
  0x00, 0x00, 0x00, 0x00, 0x00, 0x00, 0x00, 0x00, 0x00, 0x00, 0x00, 0x00,
  0x00, 0x00, 0x00, 0x00, 0x00, 0x00, 0x00, 0x00, 0x00, 0x00, 0x00, 0x00,
  0x00, 0x00, 0x00, 0x00, 0x00, 0x00, 0x00, 0x00, 0x00, 0x00, 0x00, 0x00,
  0x00, 0x00, 0x00, 0x00, 0x00, 0x00, 0x00, 0x00, 0x00, 0x00, 0x00, 0x00,
  0x00, 0x00, 0x00, 0x00, 0x00, 0x00, 0x00, 0x00, 0x00, 0x00, 0x00, 0x00,
  0x00, 0x00, 0x00, 0x0F, 0xFF, 0xFF, 0x80, 0x00, 0x00, 0x3F, 0xFF, 0xFF,
  0x80, 0x00, 0x00, 0xFF, 0xFF, 0xFF, 0x00, 0x00, 0x03, 0xFF, 0xFF, 0xFE,
  0x00, 0x00, 0x0F, 0xFF, 0xFF, 0xFE, 0x00, 0x00, 0x3F, 0xFF, 0xFF, 0xFC,
  0x00, 0x00, 0xFF, 0xFF, 0xFF, 0xF8, 0x00, 0x03, 0xFF, 0xFF, 0xFF, 0xF0,
  0x00, 0x0F, 0xFF, 0xFF, 0xFF, 0xF0, 0x00, 0x0F, 0xFF, 0xFF, 0xFF, 0xE0,
  0x00, 0x07, 0xFF, 0xFF, 0xFF, 0xC0, 0x00, 0x00, 0x00, 0x00, 0x00, 0x00,
  0x08, 0x00, 0x00, 0x00, 0x00, 0x00, 0x07, 0x80, 0x00, 0x00, 0x00, 0x00,
  0x01, 0xF0, 0x04, 0x00, 0x00, 0x00, 0x00, 0x7C, 0x03, 0x80, 0x00, 0x00,
  0x00, 0x3F, 0x80, 0xF0, 0x00, 0x00, 0x00, 0x0F, 0xE0, 0x7E, 0x00, 0x00,
  0x00, 0x07, 0xFC, 0x1F, 0xC0, 0x00, 0x00, 0x01, 0xFF, 0x07, 0xF8, 0x00,
  0x00, 0x00, 0xFF, 0xC1, 0xFF, 0x00, 0x00, 0x00, 0x3F, 0xF0, 0x7F, 0xC0,
  0x00, 0x00, 0x0F, 0xFC, 0x1F, 0xF8, 0x00, 0x00, 0x07, 0xFF, 0x0F, 0xFF,
  0x00, 0x00, 0x01, 0xFF, 0xC3, 0xFF, 0xC0, 0x00, 0x00, 0x7F, 0xF0, 0xFF,
  0xE0, 0x00, 0x00, 0x1F, 0xFC, 0x3F, 0xF8, 0x00, 0x00, 0x07, 0xFF, 0x0F,
  0xFE, 0x00, 0x00, 0x01, 0xFF, 0xC3, 0xFF, 0x80, 0x00, 0x00, 0x7F, 0xF0,
  0xFF, 0xE0, 0x00, 0x00, 0x1F, 0xFC, 0x3F, 0xF8, 0x00, 0x00, 0x07, 0xFF,
  0x0F, 0xFE, 0x00, 0x00, 0x03, 0xFF, 0x83, 0xFF, 0x80, 0x00, 0x00, 0xFF,
  0xE0, 0xFF, 0xE0, 0x00, 0x00, 0x3F, 0xF8, 0x3F, 0xF8, 0x00, 0x00, 0x0F,
  0xFE, 0x0F, 0xFE, 0x00, 0x00, 0x03, 0xFF, 0x83, 0xFF, 0x80, 0x00, 0x00,
  0xFF, 0xE0, 0xFF, 0xE0, 0x00, 0x00, 0x3F, 0xF8, 0x3F, 0xF8, 0x00, 0x00,
  0x0F, 0xFE, 0x1F, 0xFE, 0x00, 0x00, 0x03, 0xFF, 0x87, 0xFF, 0x00, 0x00,
  0x00, 0xFF, 0xE1, 0xFF, 0xC0, 0x00, 0x00, 0x3F, 0xF8, 0x7F, 0xF0, 0x00,
  0x00, 0x0F, 0xFE, 0x1F, 0xFC, 0x00, 0x00, 0x03, 0xFF, 0x87, 0xFF, 0x00,
  0x00, 0x00, 0xFF, 0xE1, 0xFF, 0xC0, 0x00, 0x00, 0x3F, 0xF8, 0x7F, 0xF0,
  0x00, 0x00, 0x1F, 0xFE, 0x1F, 0xFC, 0x00, 0x00, 0x07, 0xFF, 0x07, 0xFE,
  0x00, 0x00, 0x00, 0x7F, 0xC1, 0xFE, 0x1F, 0xFF, 0xFF, 0x0F, 0xF0, 0x7F,
  0x1F, 0xFF, 0xFF, 0xF1, 0xFC, 0x07, 0x0F, 0xFF, 0xFF, 0xFE, 0x3C, 0x00,
  0x87, 0xFF, 0xFF, 0xFF, 0xC2, 0x00, 0x07, 0xFF, 0xFF, 0xFF, 0xF8, 0x00,
  0x03, 0xFF, 0xFF, 0xFF, 0xFF, 0x80, 0x00, 0x7F, 0xFF, 0xFF, 0xFF, 0x80,
  0x01, 0x8F, 0xFF, 0xFF, 0xFF, 0xC6, 0x00, 0xF0, 0xFF, 0xFF, 0xFF, 0xE3,
  0xC0, 0x7E, 0x1F, 0xFF, 0xFF, 0xE1, 0xF8, 0x3F, 0xE3, 0xFF, 0xFF, 0xF1,
  0xFF, 0x0F, 0xFC, 0x00, 0x00, 0x00, 0xFF, 0xC3, 0xFF, 0x80, 0x00, 0x00,
  0x7F, 0xF0, 0xFF, 0xE0, 0x00, 0x00, 0x3F, 0xFC, 0x3F, 0xF8, 0x00, 0x00,
  0x0F, 0xFE, 0x0F, 0xFE, 0x00, 0x00, 0x03, 0xFF, 0x83, 0xFF, 0x80, 0x00,
  0x00, 0xFF, 0xE0, 0xFF, 0xE0, 0x00, 0x00, 0x3F, 0xF8, 0x3F, 0xF8, 0x00,
  0x00, 0x0F, 0xFE, 0x0F, 0xFE, 0x00, 0x00, 0x03, 0xFF, 0x83, 0xFF, 0x80,
  0x00, 0x00, 0xFF, 0xE0, 0xFF, 0xE0, 0x00, 0x00, 0x3F, 0xF8, 0x7F, 0xF8,
  0x00, 0x00, 0x0F, 0xFE, 0x1F, 0xFC, 0x00, 0x00, 0x03, 0xFF, 0x87, 0xFF,
  0x00, 0x00, 0x00, 0xFF, 0xE1, 0xFF, 0xC0, 0x00, 0x00, 0x3F, 0xF8, 0x7F,
  0xF0, 0x00, 0x00, 0x0F, 0xFE, 0x1F, 0xFC, 0x00, 0x00, 0x03, 0xFF, 0x87,
  0xFF, 0x00, 0x00, 0x01, 0xFF, 0xE1, 0xFF, 0xC0, 0x00, 0x00, 0x7F, 0xF8,
  0x7F, 0xF0, 0x00, 0x00, 0x1F, 0xFE, 0x1F, 0xFC, 0x00, 0x00, 0x07, 0xFF,
  0x07, 0xFF, 0x00, 0x00, 0x01, 0xFF, 0xC1, 0xFF, 0xC0, 0x00, 0x00, 0x7F,
  0xF0, 0x7F, 0xF0, 0x00, 0x00, 0x1F, 0xFC, 0x1F, 0xFC, 0x00, 0x00, 0x07,
  0xFF, 0x07, 0xFF, 0x00, 0x00, 0x01, 0xFF, 0xC1, 0xFF, 0x80, 0x00, 0x00,
  0x7F, 0xF0, 0x7F, 0xC0, 0x00, 0x00, 0x1F, 0xFC, 0x3F, 0xE3, 0xFF, 0xFF,
  0xE3, 0xFF, 0x0F, 0xF1, 0xFF, 0xFF, 0xFC, 0xFF, 0xC1, 0xF8, 0xFF, 0xFF,
  0xFF, 0x3F, 0xF0, 0x7C, 0x7F, 0xFF, 0xFF, 0xC7, 0xF8, 0x1E, 0x3F, 0xFF,
  0xFF, 0xF9, 0xFE, 0x07, 0x1F, 0xFF, 0xFF, 0xFE, 0x7F, 0x00, 0x8F, 0xFF,
  0xFF, 0xFF, 0x9F, 0xC0, 0x07, 0xFF, 0xFF, 0xFF, 0xE3, 0xE0, 0x03, 0xFF,
  0xFF, 0xFF, 0xFC, 0xF0, 0x00, 0x7F, 0xFF, 0xFF, 0xFF, 0x30, 0x00, 0x07,
  0xFF, 0xFF, 0xFF, 0xC0, 0x00, 0x00, 0x7F, 0xFF, 0xFF, 0xFC, 0x03, 0xFF,
  0xFF, 0xFF, 0xF0, 0x1F, 0xFF, 0xFF, 0xFF, 0xE0, 0x1F, 0xFF, 0xFF, 0xFF,
  0xC0, 0x1F, 0xFF, 0xFF, 0xFF, 0x00, 0x1F, 0xFF, 0xFF, 0xFE, 0x00, 0x1F,
  0xFF, 0xFF, 0xF8, 0x00, 0x1F, 0xFF, 0xFF, 0xF0, 0x00, 0x1F, 0xFF, 0xFF,
  0xC0, 0x00, 0x1F, 0xFF, 0xFF, 0x80, 0x00, 0x1F, 0xFF, 0xFF, 0x00, 0x00,
  0x00, 0x00, 0x00, 0x00, 0x00, 0x00, 0x00, 0x00, 0x00, 0x00, 0x00, 0x00,
  0x00, 0x00, 0x00, 0x00, 0x00, 0x00, 0x00, 0x00, 0x00, 0x00, 0x00, 0x00,
  0x00, 0x00, 0x00, 0x00, 0x00, 0x00, 0x00, 0x00, 0x00, 0x00, 0x00, 0x00,
  0x00, 0x00, 0x00, 0x00, 0x00, 0x00, 0x00, 0x00, 0x00, 0x00, 0x00, 0x00,
  0x00, 0x00, 0x00, 0x00, 0x00, 0x00, 0x00, 0x00, 0x00, 0x00, 0x00, 0x00,
  0x00, 0x00, 0x00, 0x00, 0x00, 0x00, 0x00, 0x00, 0x00, 0x00, 0x00, 0x00,
  0x00, 0x00, 0x00, 0x00, 0x00, 0x00, 0x00, 0x00, 0x00, 0x00, 0x00, 0x00,
  0x00, 0x00, 0x00, 0x00, 0x00, 0x00, 0x00, 0x00, 0x00, 0x00, 0x00, 0x00,
  0x00, 0x00, 0x00, 0x00, 0x00, 0x00, 0x00, 0x00, 0x00, 0x00, 0x00, 0x00,
  0x00, 0x00, 0x00, 0x00, 0x00, 0x00, 0x00, 0x00, 0x00, 0x00, 0x00, 0x00,
  0x00, 0x00, 0x00, 0x00, 0x00, 0x00, 0x00, 0x00, 0x00, 0x00, 0x00, 0x00,
  0x00, 0x00, 0x00, 0x00, 0x0F, 0xFF, 0xFF, 0x80, 0x00, 0x7F, 0xFF, 0xFF,
  0xC0, 0x01, 0xFF, 0xFF, 0xFF, 0xC0, 0x07, 0xFF, 0xFF, 0xFF, 0xC0, 0x3F,
  0xFF, 0xFF, 0xFF, 0xC0, 0xFF, 0xFF, 0xFF, 0xFF, 0xE0, 0xFF, 0xFF, 0xFF,
  0xFF, 0x00, 0xFF, 0xFF, 0xFF, 0xFC, 0x00, 0x7F, 0xFF, 0xFF, 0xF0, 0x00,
  0x7F, 0xFF, 0xFF, 0x80, 0x00, 0x7F, 0xFF, 0xFE, 0x00, 0x00, 0x00, 0x00,
  0x00, 0x00, 0x00, 0x00, 0x00, 0x00, 0x00, 0x00, 0x00, 0x00, 0x00, 0x00,
  0x00, 0x00, 0x00, 0x00, 0x00, 0x00, 0x00, 0x00, 0x00, 0x00, 0x00, 0x00,
  0x00, 0x00, 0x00, 0x00, 0x00, 0x00, 0x00, 0x00, 0x00, 0x00, 0x00, 0x00,
  0x00, 0x00, 0x00, 0x00, 0x00, 0x00, 0x00, 0x00, 0x00, 0x00, 0x00, 0x00,
  0x00, 0x00, 0x00, 0x00, 0x00, 0x00, 0x00, 0x00, 0x00, 0x00, 0x00, 0x00,
  0x00, 0x00, 0x00, 0x00, 0x00, 0x00, 0x00, 0x00, 0x00, 0x00, 0x00, 0x00,
  0x00, 0x00, 0x00, 0x00, 0x00, 0x00, 0x00, 0x00, 0x00, 0x00, 0x00, 0x00,
  0x00, 0x00, 0x00, 0x00, 0x00, 0x00, 0x00, 0x00, 0x00, 0x00, 0x00, 0x00,
  0x00, 0x00, 0x00, 0x00, 0x00, 0x00, 0x00, 0x00, 0x00, 0x00, 0x00, 0x00,
  0x00, 0x00, 0x00, 0x00, 0x00, 0x00, 0x00, 0x00, 0x00, 0x00, 0x00, 0x00,
  0x00, 0x00, 0x00, 0x00, 0x00, 0x00, 0x00, 0x00, 0x00, 0x00, 0x00, 0x00,
  0x00, 0x00, 0x3F, 0xFF, 0xFE, 0x00, 0x00, 0xFF, 0xFF, 0xFE, 0x00, 0x03,
  0xFF, 0xFF, 0xFC, 0x00, 0x0F, 0xFF, 0xFF, 0xF8, 0x00, 0x3F, 0xFF, 0xFF,
  0xF8, 0x00, 0xFF, 0xFF, 0xFF, 0xF0, 0x03, 0xFF, 0xFF, 0xFF, 0xE0, 0x0F,
  0xFF, 0xFF, 0xFF, 0xC0, 0x3F, 0xFF, 0xFF, 0xFF, 0xC0, 0x3F, 0xFF, 0xFF,
  0xFF, 0x80, 0x1F, 0xFF, 0xFF, 0xFF, 0x00, 0x00, 0x00, 0x00, 0x00, 0x00,
  0x40, 0x00, 0x00, 0x00, 0x00, 0x01, 0xE0, 0x00, 0x00, 0x00, 0x00, 0x03,
  0xE0, 0x40, 0x00, 0x00, 0x00, 0x07, 0xC1, 0xC0, 0x00, 0x00, 0x00, 0x1F,
  0xC3, 0xC0, 0x00, 0x00, 0x00, 0x3F, 0x8F, 0xC0, 0x00, 0x00, 0x00, 0xFF,
  0x9F, 0xC0, 0x00, 0x00, 0x01, 0xFF, 0x3F, 0xC0, 0x00, 0x00, 0x07, 0xFE,
  0x7F, 0xC0, 0x00, 0x00, 0x0F, 0xFC, 0xFF, 0x80, 0x00, 0x00, 0x1F, 0xF9,
  0xFF, 0x80, 0x00, 0x00, 0x7F, 0xF7, 0xFF, 0x80, 0x00, 0x00, 0xFF, 0xEF,
  0xFF, 0x00, 0x00, 0x01, 0xFF, 0xDF, 0xFC, 0x00, 0x00, 0x03, 0xFF, 0xBF,
  0xF8, 0x00, 0x00, 0x07, 0xFF, 0x7F, 0xF0, 0x00, 0x00, 0x0F, 0xFE, 0xFF,
  0xE0, 0x00, 0x00, 0x1F, 0xFD, 0xFF, 0xC0, 0x00, 0x00, 0x3F, 0xFB, 0xFF,
  0x80, 0x00, 0x00, 0x7F, 0xF7, 0xFF, 0x00, 0x00, 0x01, 0xFF, 0xCF, 0xFE,
  0x00, 0x00, 0x03, 0xFF, 0x9F, 0xFC, 0x00, 0x00, 0x07, 0xFF, 0x3F, 0xF8,
  0x00, 0x00, 0x0F, 0xFE, 0x7F, 0xF0, 0x00, 0x00, 0x1F, 0xFC, 0xFF, 0xE0,
  0x00, 0x00, 0x3F, 0xF9, 0xFF, 0xC0, 0x00, 0x00, 0x7F, 0xF3, 0xFF, 0x80,
  0x00, 0x00, 0xFF, 0xEF, 0xFF, 0x00, 0x00, 0x01, 0xFF, 0xDF, 0xFC, 0x00,
  0x00, 0x03, 0xFF, 0xBF, 0xF8, 0x00, 0x00, 0x07, 0xFF, 0x7F, 0xF0, 0x00,
  0x00, 0x0F, 0xFE, 0xFF, 0xE0, 0x00, 0x00, 0x1F, 0xFD, 0xFF, 0xC0, 0x00,
  0x00, 0x3F, 0xFB, 0xFF, 0x80, 0x00, 0x00, 0x7F, 0xF7, 0xFF, 0x00, 0x00,
  0x01, 0xFF, 0xEF, 0xFE, 0x00, 0x00, 0x03, 0xFF, 0x9F, 0xF8, 0x00, 0x00,
  0x01, 0xFF, 0x3F, 0xC3, 0xFF, 0xFF, 0xE1, 0xFE, 0x7F, 0x1F, 0xFF, 0xFF,
  0xF1, 0xFC, 0x38, 0x7F, 0xFF, 0xFF, 0xF1, 0xE0, 0x21, 0xFF, 0xFF, 0xFF,
  0xF0, 0x80, 0x0F, 0xFF, 0xFF, 0xFF, 0xF0, 0x00, 0x3F, 0xFF, 0xFF, 0xFF,
  0xF8, 0x00, 0x3F, 0xFF, 0xFF, 0xFF, 0xC0, 0x00, 0x3F, 0xFF, 0xFF, 0xFF,
  0x18, 0x00, 0x1F, 0xFF, 0xFF, 0xFC, 0x78, 0x00, 0x1F, 0xFF, 0xFF, 0xE1,
  0xF8, 0x00, 0x1F, 0xFF, 0xFF, 0x8F, 0xF8, 0x00, 0x00, 0x00, 0x00, 0x3F,
  0xF0, 0x00, 0x00, 0x00, 0x00, 0xFF, 0xE0, 0x00, 0x00, 0x00, 0x03, 0xFF,
  0xC0, 0x00, 0x00, 0x00, 0x07, 0xFF, 0x00, 0x00, 0x00, 0x00, 0x0F, 0xFE,
  0x00, 0x00, 0x00, 0x00, 0x1F, 0xFC, 0x00, 0x00, 0x00, 0x00, 0x3F, 0xF8,
  0x00, 0x00, 0x00, 0x00, 0x7F, 0xF0, 0x00, 0x00, 0x00, 0x00, 0xFF, 0xE0,
  0x00, 0x00, 0x00, 0x01, 0xFF, 0xC0, 0x00, 0x00, 0x00, 0x03, 0xFF, 0x80,
  0x00, 0x00, 0x00, 0x07, 0xFF, 0x00, 0x00, 0x00, 0x00, 0x0F, 0xFE, 0x00,
  0x00, 0x00, 0x00, 0x1F, 0xFC, 0x00, 0x00, 0x00, 0x00, 0x3F, 0xF8, 0x00,
  0x00, 0x00, 0x00, 0x7F, 0xF0, 0x00, 0x00, 0x00, 0x00, 0xFF, 0xE0, 0x00,
  0x00, 0x00, 0x03, 0xFF, 0xC0, 0x00, 0x00, 0x00, 0x07, 0xFF, 0x80, 0x00,
  0x00, 0x00, 0x0F, 0xFF, 0x00, 0x00, 0x00, 0x00, 0x1F, 0xFC, 0x00, 0x00,
  0x00, 0x00, 0x3F, 0xF8, 0x00, 0x00, 0x00, 0x00, 0x7F, 0xF0, 0x00, 0x00,
  0x00, 0x00, 0xFF, 0xE0, 0x00, 0x00, 0x00, 0x01, 0xFF, 0xC0, 0x00, 0x00,
  0x00, 0x03, 0xFF, 0x80, 0x00, 0x00, 0x00, 0x07, 0xFF, 0x00, 0x00, 0x00,
  0x00, 0x0F, 0xFE, 0x00, 0x0F, 0xFF, 0xFF, 0x8F, 0xFC, 0x00, 0x3F, 0xFF,
  0xFF, 0x9F, 0xF8, 0x00, 0xFF, 0xFF, 0xFF, 0x3F, 0xF0, 0x03, 0xFF, 0xFF,
  0xFE, 0x3F, 0xC0, 0x0F, 0xFF, 0xFF, 0xFE, 0x7F, 0x80, 0x3F, 0xFF, 0xFF,
  0xFC, 0xFE, 0x00, 0xFF, 0xFF, 0xFF, 0xF9, 0xFC, 0x03, 0xFF, 0xFF, 0xFF,
  0xF1, 0xF0, 0x0F, 0xFF, 0xFF, 0xFF, 0xF3, 0xC0, 0x0F, 0xFF, 0xFF, 0xFF,
  0xE6, 0x00, 0x07, 0xFF, 0xFF, 0xFF, 0xC0, 0x00, 0x00, 0x07, 0xFF, 0xFF,
  0xFF, 0xC0, 0x00, 0x07, 0xFF, 0xFF, 0xFF, 0xE2, 0x00, 0x07, 0xFF, 0xFF,
  0xFF, 0xF9, 0xE0, 0x00, 0xFF, 0xFF, 0xFF, 0xFE, 0x7C, 0x00, 0x1F, 0xFF,
  0xFF, 0xFF, 0x1F, 0x00, 0x03, 0xFF, 0xFF, 0xFF, 0xCF, 0xE0, 0x00, 0x7F,
  0xFF, 0xFF, 0xE3, 0xF8, 0x00, 0x0F, 0xFF, 0xFF, 0xF9, 0xFF, 0x00, 0x01,
  0xFF, 0xFF, 0xFC, 0x7F, 0xC0, 0x00, 0x3F, 0xFF, 0xFF, 0x3F, 0xF0, 0x00,
  0x07, 0xFF, 0xFF, 0xCF, 0xFC, 0x00, 0x00, 0x00, 0x00, 0x03, 0xFF, 0x00,
  0x00, 0x00, 0x00, 0x01, 0xFF, 0xC0, 0x00, 0x00, 0x00, 0x00, 0x7F, 0xF0,
  0x00, 0x00, 0x00, 0x00, 0x1F, 0xFC, 0x00, 0x00, 0x00, 0x00, 0x07, 0xFF,
  0x00, 0x00, 0x00, 0x00, 0x01, 0xFF, 0xC0, 0x00, 0x00, 0x00, 0x00, 0x7F,
  0xF0, 0x00, 0x00, 0x00, 0x00, 0x1F, 0xFC, 0x00, 0x00, 0x00, 0x00, 0x07,
  0xFF, 0x00, 0x00, 0x00, 0x00, 0x01, 0xFF, 0xC0, 0x00, 0x00, 0x00, 0x00,
  0xFF, 0xE0, 0x00, 0x00, 0x00, 0x00, 0x3F, 0xF8, 0x00, 0x00, 0x00, 0x00,
  0x0F, 0xFE, 0x00, 0x00, 0x00, 0x00, 0x03, 0xFF, 0x80, 0x00, 0x00, 0x00,
  0x00, 0xFF, 0xE0, 0x00, 0x00, 0x00, 0x00, 0x3F, 0xF8, 0x00, 0x00, 0x00,
  0x00, 0x0F, 0xFE, 0x00, 0x00, 0x00, 0x00, 0x03, 0xFF, 0x80, 0x00, 0x00,
  0x00, 0x00, 0xFF, 0xE0, 0x00, 0x00, 0x00, 0x00, 0x3F, 0xF8, 0x00, 0x00,
  0x00, 0x00, 0x0F, 0xFE, 0x00, 0x00, 0x00, 0x00, 0x03, 0xFF, 0x80, 0x00,
  0x00, 0x00, 0x00, 0xFF, 0xE0, 0x00, 0x00, 0x00, 0x00, 0x3F, 0xF8, 0x00,
  0x00, 0x00, 0x00, 0x0F, 0xFE, 0x00, 0x00, 0x00, 0x00, 0x07, 0xFF, 0x80,
  0x00, 0x00, 0x00, 0x01, 0xFF, 0xC0, 0x00, 0x00, 0x00, 0x00, 0x1F, 0xF0,
  0x00, 0x07, 0xFF, 0xFF, 0xC3, 0xFC, 0x00, 0x07, 0xFF, 0xFF, 0xFC, 0x7F,
  0x00, 0x03, 0xFF, 0xFF, 0xFF, 0x8F, 0x00, 0x01, 0xFF, 0xFF, 0xFF, 0xF0,
  0x80, 0x01, 0xFF, 0xFF, 0xFF, 0xFE, 0x00, 0x00, 0xFF, 0xFF, 0xFF, 0xFF,
  0xE0, 0x00, 0x1F, 0xFF, 0xFF, 0xFF, 0xE0, 0x00, 0x63, 0xFF, 0xFF, 0xFF,
  0xF0, 0x00, 0x3C, 0x3F, 0xFF, 0xFF, 0xF8, 0x00, 0x1F, 0x87, 0xFF, 0xFF,
  0xF8, 0x00, 0x0F, 0xF8, 0xFF, 0xFF, 0xFC, 0x00, 0x03, 0xFF, 0x00, 0x00,
  0x00, 0x00, 0x00, 0xFF, 0xE0, 0x00, 0x00, 0x00, 0x00, 0x3F, 0xF8, 0x00,
  0x00, 0x00, 0x00, 0x0F, 0xFE, 0x00, 0x00, 0x00, 0x00, 0x03, 0xFF, 0x80,
  0x00, 0x00, 0x00, 0x00, 0xFF, 0xE0, 0x00, 0x00, 0x00, 0x00, 0x3F, 0xF8,
  0x00, 0x00, 0x00, 0x00, 0x0F, 0xFE, 0x00, 0x00, 0x00, 0x00, 0x03, 0xFF,
  0x80, 0x00, 0x00, 0x00, 0x00, 0xFF, 0xE0, 0x00, 0x00, 0x00, 0x00, 0x3F,
  0xF8, 0x00, 0x00, 0x00, 0x00, 0x1F, 0xFE, 0x00, 0x00, 0x00, 0x00, 0x07,
  0xFF, 0x00, 0x00, 0x00, 0x00, 0x01, 0xFF, 0xC0, 0x00, 0x00, 0x00, 0x00,
  0x7F, 0xF0, 0x00, 0x00, 0x00, 0x00, 0x1F, 0xFC, 0x00, 0x00, 0x00, 0x00,
  0x07, 0xFF, 0x00, 0x00, 0x00, 0x00, 0x01, 0xFF, 0xC0, 0x00, 0x00, 0x00,
  0x00, 0x7F, 0xF0, 0x00, 0x00, 0x00, 0x00, 0x1F, 0xFC, 0x00, 0x00, 0x00,
  0x00, 0x07, 0xFF, 0x00, 0x00, 0x00, 0x00, 0x01, 0xFF, 0xC0, 0x00, 0x00,
  0x00, 0x00, 0x7F, 0xF0, 0x00, 0x00, 0x00, 0x00, 0x1F, 0xFC, 0x00, 0x00,
  0x00, 0x00, 0x07, 0xFF, 0x00, 0x00, 0x00, 0x00, 0x01, 0xFF, 0xC0, 0x00,
  0x00, 0x00, 0x00, 0x7F, 0xE0, 0x00, 0x00, 0x00, 0x00, 0x1F, 0xF0, 0x00,
  0x00, 0x00, 0x00, 0x0F, 0xF8, 0xFF, 0xFF, 0xF8, 0x00, 0x03, 0xFC, 0x7F,
  0xFF, 0xFF, 0x00, 0x00, 0x7E, 0x3F, 0xFF, 0xFF, 0xC0, 0x00, 0x1F, 0x1F,
  0xFF, 0xFF, 0xF0, 0x00, 0x07, 0x8F, 0xFF, 0xFF, 0xFE, 0x00, 0x01, 0xC7,
  0xFF, 0xFF, 0xFF, 0x80, 0x00, 0x23, 0xFF, 0xFF, 0xFF, 0xE0, 0x00, 0x01,
  0xFF, 0xFF, 0xFF, 0xF8, 0x00, 0x00, 0xFF, 0xFF, 0xFF, 0xFF, 0x00, 0x00,
  0x1F, 0xFF, 0xFF, 0xFF, 0xC0, 0x00, 0x01, 0xFF, 0xFF, 0xFF, 0xF0, 0x00,
  0x00, 0x00, 0x07, 0xFF, 0xFF, 0xFF, 0xC0, 0x07, 0xFF, 0xFF, 0xFF, 0xE0,
  0x07, 0xFF, 0xFF, 0xFF, 0xF8, 0x00, 0xFF, 0xFF, 0xFF, 0xFE, 0x01, 0x1F,
  0xFF, 0xFF, 0xFF, 0x00, 0xE3, 0xFF, 0xFF, 0xFF, 0xC0, 0x3C, 0x7F, 0xFF,
  0xFF, 0xE0, 0x1F, 0x8F, 0xFF, 0xFF, 0xF8, 0x07, 0xF1, 0xFF, 0xFF, 0xFC,
  0x01, 0xFE, 0x3F, 0xFF, 0xFF, 0x00, 0x7F, 0xC7, 0xFF, 0xFF, 0xC0, 0x1F,
  0xF0, 0x00, 0x00, 0x00, 0x07, 0xFE, 0x00, 0x00, 0x00, 0x03, 0xFF, 0xC0,
  0x00, 0x00, 0x00, 0xFF, 0xF0, 0x00, 0x00, 0x00, 0x3F, 0xF8, 0x00, 0x00,
  0x00, 0x0F, 0xFE, 0x00, 0x00, 0x00, 0x03, 0xFF, 0x80, 0x00, 0x00, 0x00,
  0xFF, 0xE0, 0x00, 0x00, 0x00, 0x3F, 0xF8, 0x00, 0x00, 0x00, 0x0F, 0xFE,
  0x00, 0x00, 0x00, 0x03, 0xFF, 0x80, 0x00, 0x00, 0x00, 0xFF, 0xE0, 0x00,
  0x00, 0x00, 0x3F, 0xF8, 0x00, 0x00, 0x00, 0x0F, 0xFE, 0x00, 0x00, 0x00,
  0x03, 0xFF, 0x80, 0x00, 0x00, 0x00, 0xFF, 0xE0, 0x00, 0x00, 0x00, 0x3F,
  0xF8, 0x00, 0x00, 0x00, 0x0F, 0xFE, 0x00, 0x00, 0x00, 0x07, 0xFF, 0x80,
  0x00, 0x00, 0x01, 0xFF, 0xC0, 0x00, 0x00, 0x00, 0x7F, 0xF0, 0x00, 0x00,
  0x00, 0x1F, 0xFC, 0x00, 0x00, 0x00, 0x07, 0xFF, 0x00, 0x00, 0x00, 0x01,
  0xFF, 0xC0, 0x00, 0x00, 0x00, 0x7F, 0xF0, 0x00, 0x00, 0x00, 0x1F, 0xFC,
  0x00, 0x00, 0x00, 0x07, 0xFF, 0x00, 0x00, 0x00, 0x01, 0xFF, 0x80, 0x00,
  0x00, 0x00, 0x7F, 0x80, 0x00, 0x00, 0x00, 0x1F, 0xC0, 0x00, 0x00, 0x00,
  0x01, 0xC0, 0x00, 0x00, 0x00, 0x00, 0x20, 0x00, 0x00, 0x00, 0x00, 0x00,
  0x00, 0x00, 0x00, 0x00, 0x00, 0x00, 0x00, 0x00, 0x00, 0x00, 0x00, 0x00,
  0x00, 0x00, 0x00, 0x60, 0x00, 0x00, 0x00, 0x00, 0x3C, 0x00, 0x00, 0x00,
  0x00, 0x1F, 0x80, 0x00, 0x00, 0x00, 0x0F, 0xF8, 0x00, 0x00, 0x00, 0x03,
  0xFF, 0x00, 0x00, 0x00, 0x00, 0xFF, 0xE0, 0x00, 0x00, 0x00, 0x3F, 0xF8,
  0x00, 0x00, 0x00, 0x0F, 0xFE, 0x00, 0x00, 0x00, 0x03, 0xFF, 0x80, 0x00,
  0x00, 0x00, 0xFF, 0xE0, 0x00, 0x00, 0x00, 0x3F, 0xF8, 0x00, 0x00, 0x00,
  0x0F, 0xFE, 0x00, 0x00, 0x00, 0x03, 0xFF, 0x80, 0x00, 0x00, 0x00, 0xFF,
  0xE0, 0x00, 0x00, 0x00, 0x3F, 0xF8, 0x00, 0x00, 0x00, 0x1F, 0xFE, 0x00,
  0x00, 0x00, 0x07, 0xFF, 0x00, 0x00, 0x00, 0x01, 0xFF, 0xC0, 0x00, 0x00,
  0x00, 0x7F, 0xF0, 0x00, 0x00, 0x00, 0x1F, 0xFC, 0x00, 0x00, 0x00, 0x07,
  0xFF, 0x00, 0x00, 0x00, 0x01, 0xFF, 0xC0, 0x00, 0x00, 0x00, 0x7F, 0xF0,
  0x00, 0x00, 0x00, 0x1F, 0xFC, 0x00, 0x00, 0x00, 0x07, 0xFF, 0x00, 0x00,
  0x00, 0x01, 0xFF, 0xC0, 0x00, 0x00, 0x00, 0x7F, 0xF0, 0x00, 0x00, 0x00,
  0x1F, 0xFC, 0x00, 0x00, 0x00, 0x07, 0xFF, 0x00, 0x00, 0x00, 0x01, 0xFF,
  0xC0, 0x00, 0x00, 0x00, 0x7F, 0xE0, 0x00, 0x00, 0x00, 0x1F, 0xF0, 0x00,
  0x00, 0x00, 0x0F, 0xF8, 0xFF, 0xFF, 0xF8, 0x03, 0xFC, 0x7F, 0xFF, 0xFF,
  0x00, 0x7E, 0x3F, 0xFF, 0xFF, 0xC0, 0x1F, 0x1F, 0xFF, 0xFF, 0xF0, 0x07,
  0x8F, 0xFF, 0xFF, 0xFE, 0x01, 0xC7, 0xFF, 0xFF, 0xFF, 0x80, 0x23, 0xFF,
  0xFF, 0xFF, 0xE0, 0x01, 0xFF, 0xFF, 0xFF, 0xF8, 0x00, 0xFF, 0xFF, 0xFF,
  0xFF, 0x00, 0x1F, 0xFF, 0xFF, 0xFF, 0xC0, 0x01, 0xFF, 0xFF, 0xFF, 0xF0,
  0x00, 0x00, 0x00, 0x7F, 0xFF, 0xFF, 0xFC, 0x00, 0x07, 0xFF, 0xFF, 0xFF,
  0xE2, 0x00, 0x7F, 0xFF, 0xFF, 0xFF, 0x9E, 0x00, 0xFF, 0xFF, 0xFF, 0xFE,
  0x7C, 0x01, 0xFF, 0xFF, 0xFF, 0xF1, 0xF0, 0x03, 0xFF, 0xFF, 0xFF, 0xCF,
  0xE0, 0x07, 0xFF, 0xFF, 0xFE, 0x3F, 0x80, 0x0F, 0xFF, 0xFF, 0xF9, 0xFF,
  0x00, 0x1F, 0xFF, 0xFF, 0xC7, 0xFC, 0x00, 0x3F, 0xFF, 0xFF, 0x3F, 0xF0,
  0x00, 0x7F, 0xFF, 0xFC, 0xFF, 0xC0, 0x00, 0x00, 0x00, 0x03, 0xFF, 0x00,
  0x00, 0x00, 0x00, 0x1F, 0xFC, 0x00, 0x00, 0x00, 0x00, 0x7F, 0xF0, 0x00,
  0x00, 0x00, 0x01, 0xFF, 0xC0, 0x00, 0x00, 0x00, 0x07, 0xFF, 0x00, 0x00,
  0x00, 0x00, 0x1F, 0xFC, 0x00, 0x00, 0x00, 0x00, 0x7F, 0xF0, 0x00, 0x00,
  0x00, 0x01, 0xFF, 0xC0, 0x00, 0x00, 0x00, 0x07, 0xFF, 0x00, 0x00, 0x00,
  0x00, 0x1F, 0xFC, 0x00, 0x00, 0x00, 0x00, 0xFF, 0xE0, 0x00, 0x00, 0x00,
  0x03, 0xFF, 0x80, 0x00, 0x00, 0x00, 0x0F, 0xFE, 0x00, 0x00, 0x00, 0x00,
  0x3F, 0xF8, 0x00, 0x00, 0x00, 0x00, 0xFF, 0xE0, 0x00, 0x00, 0x00, 0x03,
  0xFF, 0x80, 0x00, 0x00, 0x00, 0x0F, 0xFE, 0x00, 0x00, 0x00, 0x00, 0x3F,
  0xF8, 0x00, 0x00, 0x00, 0x00, 0xFF, 0xE0, 0x00, 0x00, 0x00, 0x03, 0xFF,
  0x80, 0x00, 0x00, 0x00, 0x0F, 0xFE, 0x00, 0x00, 0x00, 0x00, 0x3F, 0xF8,
  0x00, 0x00, 0x00, 0x00, 0xFF, 0xE0, 0x00, 0x00, 0x00, 0x03, 0xFF, 0x80,
  0x00, 0x00, 0x00, 0x0F, 0xFE, 0x00, 0x00, 0x00, 0x00, 0x7F, 0xF8, 0x00,
  0x00, 0x00, 0x01, 0xFF, 0xC0, 0x00, 0x00, 0x00, 0x01, 0xFF, 0x00, 0x00,
  0x00, 0x00, 0x03, 0xFC, 0x00, 0x00, 0x00, 0x00, 0x07, 0xF0, 0x00, 0x00,
  0x00, 0x00, 0x0F, 0x00, 0x00, 0x00, 0x00, 0x00, 0x08, 0x00, 0x00, 0x00,
  0x00, 0x00, 0x00, 0x00, 0x00, 0x00, 0x00, 0x00, 0x00, 0x00, 0x00, 0x00,
  0x00, 0x00, 0x00, 0x00, 0x00, 0x00, 0x00, 0x18, 0x00, 0x00, 0x00, 0x00,
  0x00, 0xF0, 0x00, 0x00, 0x00, 0x00, 0x07, 0xE0, 0x00, 0x00, 0x00, 0x00,
  0x7F, 0xC0, 0x00, 0x00, 0x00, 0x03, 0xFF, 0x00, 0x00, 0x00, 0x00, 0x1F,
  0xFC, 0x00, 0x00, 0x00, 0x00, 0xFF, 0xF0, 0x00, 0x00, 0x00, 0x03, 0xFF,
  0x80, 0x00, 0x00, 0x00, 0x0F, 0xFE, 0x00, 0x00, 0x00, 0x00, 0x3F, 0xF8,
  0x00, 0x00, 0x00, 0x00, 0xFF, 0xE0, 0x00, 0x00, 0x00, 0x03, 0xFF, 0x80,
  0x00, 0x00, 0x00, 0x0F, 0xFE, 0x00, 0x00, 0x00, 0x00, 0x3F, 0xF8, 0x00,
  0x00, 0x00, 0x00, 0xFF, 0xE0, 0x00, 0x00, 0x00, 0x03, 0xFF, 0x80, 0x00,
  0x00, 0x00, 0x0F, 0xFE, 0x00, 0x00, 0x00, 0x00, 0x3F, 0xF8, 0x00, 0x00,
  0x00, 0x00, 0xFF, 0xE0, 0x00, 0x00, 0x00, 0x03, 0xFF, 0x80, 0x00, 0x00,
  0x00, 0x0F, 0xFE, 0x00, 0x00, 0x00, 0x00, 0x7F, 0xF8, 0x00, 0x00, 0x00,
  0x01, 0xFF, 0xE0, 0x00, 0x00, 0x00, 0x07, 0xFF, 0x80, 0x00, 0x00, 0x00,
  0x1F, 0xFC, 0x00, 0x00, 0x00, 0x00, 0x7F, 0xF0, 0x00, 0x00, 0x00, 0x01,
  0xFF, 0xC0, 0x00, 0x00, 0x00, 0x07, 0xFF, 0x00, 0x00, 0x00, 0x00, 0x1F,
  0xFC, 0x00, 0x00, 0x00, 0x00, 0x7F, 0xF0, 0x00, 0x00, 0x00, 0x01, 0xFF,
  0xC0, 0x00, 0x00, 0x00, 0x07, 0xFF, 0x00, 0x0F, 0xFF, 0xFF, 0x8F, 0xFC,
  0x00, 0x7F, 0xFF, 0xFF, 0x3F, 0xF0, 0x03, 0xFF, 0xFF, 0xFC, 0xFF, 0xC0,
  0x1F, 0xFF, 0xFF, 0xF1, 0xFE, 0x00, 0xFF, 0xFF, 0xFF, 0xE7, 0xF8, 0x07,
  0xFF, 0xFF, 0xFF, 0x9F, 0xC0, 0x3F, 0xFF, 0xFF, 0xFE, 0x7F, 0x01, 0xFF,
  0xFF, 0xFF, 0xF8, 0xF8, 0x0F, 0xFF, 0xFF, 0xFF, 0xF3, 0xC0, 0x1F, 0xFF,
  0xFF, 0xFF, 0xCC, 0x00, 0x1F, 0xFF, 0xFF, 0xFF, 0x00, 0x00, 0x00, 0x00,
  0xFF, 0xFF, 0xF8, 0x01, 0xFF, 0xFF, 0xFC, 0x03, 0xFF, 0xFF, 0xFC, 0x07,
  0xFF, 0xFF, 0xFC, 0x0F, 0xFF, 0xFF, 0xFE, 0x1F, 0xFF, 0xFF, 0xFE, 0x3F,
  0xFF, 0xFF, 0xFE, 0x7F, 0xFF, 0xFF, 0xFE, 0xFF, 0xFF, 0xFF, 0xFF, 0x7F,
  0xFF, 0xFF, 0xFF, 0x1F, 0xFF, 0xFF, 0xFF, 0x08, 0x00, 0xE0, 0x07, 0x80,
  0x7E, 0x03, 0xF8, 0x1F, 0xE0, 0xFF, 0x87, 0xFC, 0x3F, 0xF3, 0xFF, 0xDF,
  0xFE, 0xFF, 0xE7, 0xFF, 0x3F, 0xF9, 0xFF, 0xCF, 0xFE, 0x7F, 0xF3, 0xFF,
  0x9F, 0xFC, 0xFF, 0xE7, 0xFF, 0x3F, 0xF9, 0xFF, 0xCF, 0xFE, 0x7F, 0xF7,
  0xFF, 0xBF, 0xF9, 0xFF, 0xCF, 0xFE, 0x7F, 0xF3, 0xFF, 0x9F, 0xFC, 0xFF,
  0xE7, 0xFF, 0x3F, 0xF1, 0xFE, 0x0F, 0xE0, 0x1C, 0x00, 0x40, 0x00, 0x00,
  0x07, 0xFF, 0xFF, 0xFF, 0xC0, 0x00, 0x07, 0xFF, 0xFF, 0xFF, 0xE2, 0x00,
  0x07, 0xFF, 0xFF, 0xFF, 0xF9, 0xE0, 0x00, 0xFF, 0xFF, 0xFF, 0xFE, 0x7C,
  0x00, 0x1F, 0xFF, 0xFF, 0xFF, 0x1F, 0x00, 0x03, 0xFF, 0xFF, 0xFF, 0xCF,
  0xE0, 0x00, 0x7F, 0xFF, 0xFF, 0xE3, 0xF8, 0x00, 0x0F, 0xFF, 0xFF, 0xF9,
  0xFF, 0x00, 0x01, 0xFF, 0xFF, 0xFC, 0x7F, 0xC0, 0x00, 0x3F, 0xFF, 0xFF,
  0x3F, 0xF0, 0x00, 0x07, 0xFF, 0xFF, 0xCF, 0xFC, 0x00, 0x00, 0x00, 0x00,
  0x03, 0xFF, 0x00, 0x00, 0x00, 0x00, 0x01, 0xFF, 0xC0, 0x00, 0x00, 0x00,
  0x00, 0x7F, 0xF0, 0x00, 0x00, 0x00, 0x00, 0x1F, 0xFC, 0x00, 0x00, 0x00,
  0x00, 0x07, 0xFF, 0x00, 0x00, 0x00, 0x00, 0x01, 0xFF, 0xC0, 0x00, 0x00,
  0x00, 0x00, 0x7F, 0xF0, 0x00, 0x00, 0x00, 0x00, 0x1F, 0xFC, 0x00, 0x00,
  0x00, 0x00, 0x07, 0xFF, 0x00, 0x00, 0x00, 0x00, 0x01, 0xFF, 0xC0, 0x00,
  0x00, 0x00, 0x00, 0xFF, 0xE0, 0x00, 0x00, 0x00, 0x00, 0x3F, 0xF8, 0x00,
  0x00, 0x00, 0x00, 0x0F, 0xFE, 0x00, 0x00, 0x00, 0x00, 0x03, 0xFF, 0x80,
  0x00, 0x00, 0x00, 0x00, 0xFF, 0xE0, 0x00, 0x00, 0x00, 0x00, 0x3F, 0xF8,
  0x00, 0x00, 0x00, 0x00, 0x0F, 0xFE, 0x00, 0x00, 0x00, 0x00, 0x03, 0xFF,
  0x80, 0x00, 0x00, 0x00, 0x00, 0xFF, 0xE0, 0x00, 0x00, 0x00, 0x00, 0x3F,
  0xF8, 0x00, 0x00, 0x00, 0x00, 0x0F, 0xFE, 0x00, 0x00, 0x00, 0x00, 0x03,
  0xFF, 0x80, 0x00, 0x00, 0x00, 0x00, 0xFF, 0xE0, 0x00, 0x00, 0x00, 0x00,
  0x3F, 0xF8, 0x00, 0x00, 0x00, 0x00, 0x0F, 0xFE, 0x00, 0x00, 0x00, 0x00,
  0x07, 0xFF, 0x80, 0x00, 0x00, 0x00, 0x01, 0xFF, 0xC0, 0x00, 0x00, 0x00,
  0x00, 0x1F, 0xF0, 0x00, 0x07, 0xFF, 0xFF, 0xC3, 0xFC, 0x00, 0x07, 0xFF,
  0xFF, 0xFC, 0x7F, 0x00, 0x03, 0xFF, 0xFF, 0xFF, 0x8F, 0x00, 0x01, 0xFF,
  0xFF, 0xFF, 0xF0, 0x80, 0x01, 0xFF, 0xFF, 0xFF, 0xFE, 0x00, 0x00, 0xFF,
  0xFF, 0xFF, 0xFF, 0xE0, 0x00, 0x1F, 0xFF, 0xFF, 0xFF, 0xE0, 0x00, 0x63,
  0xFF, 0xFF, 0xFF, 0xF1, 0x80, 0x3C, 0x3F, 0xFF, 0xFF, 0xF8, 0xF0, 0x1F,
  0x87, 0xFF, 0xFF, 0xF8, 0x7E, 0x0F, 0xF8, 0xFF, 0xFF, 0xFC, 0x7F, 0xC3,
  0xFF, 0x00, 0x00, 0x00, 0x3F, 0xF0, 0xFF, 0xE0, 0x00, 0x00, 0x1F, 0xFC,
  0x3F, 0xF8, 0x00, 0x00, 0x0F, 0xFF, 0x0F, 0xFE, 0x00, 0x00, 0x03, 0xFF,
  0x83, 0xFF, 0x80, 0x00, 0x00, 0xFF, 0xE0, 0xFF, 0xE0, 0x00, 0x00, 0x3F,
  0xF8, 0x3F, 0xF8, 0x00, 0x00, 0x0F, 0xFE, 0x0F, 0xFE, 0x00, 0x00, 0x03,
  0xFF, 0x83, 0xFF, 0x80, 0x00, 0x00, 0xFF, 0xE0, 0xFF, 0xE0, 0x00, 0x00,
  0x3F, 0xF8, 0x3F, 0xF8, 0x00, 0x00, 0x0F, 0xFE, 0x1F, 0xFE, 0x00, 0x00,
  0x03, 0xFF, 0x87, 0xFF, 0x00, 0x00, 0x00, 0xFF, 0xE1, 0xFF, 0xC0, 0x00,
  0x00, 0x3F, 0xF8, 0x7F, 0xF0, 0x00, 0x00, 0x0F, 0xFE, 0x1F, 0xFC, 0x00,
  0x00, 0x03, 0xFF, 0x87, 0xFF, 0x00, 0x00, 0x00, 0xFF, 0xE1, 0xFF, 0xC0,
  0x00, 0x00, 0x7F, 0xF8, 0x7F, 0xF0, 0x00, 0x00, 0x1F, 0xFE, 0x1F, 0xFC,
  0x00, 0x00, 0x07, 0xFF, 0x87, 0xFF, 0x00, 0x00, 0x01, 0xFF, 0xC1, 0xFF,
  0xC0, 0x00, 0x00, 0x7F, 0xF0, 0x7F, 0xF0, 0x00, 0x00, 0x1F, 0xFC, 0x1F,
  0xFC, 0x00, 0x00, 0x07, 0xFF, 0x07, 0xFF, 0x00, 0x00, 0x01, 0xFF, 0xC1,
  0xFF, 0xC0, 0x00, 0x00, 0x7F, 0xF0, 0x7F, 0xE0, 0x00, 0x00, 0x1F, 0xFC,
  0x1F, 0xF0, 0x00, 0x00, 0x07, 0xFF, 0x0F, 0xF8, 0xFF, 0xFF, 0xF8, 0xFF,
  0xC3, 0xFC, 0x7F, 0xFF, 0xFF, 0x3F, 0xF0, 0x7E, 0x3F, 0xFF, 0xFF, 0xCF,
  0xFC, 0x1F, 0x1F, 0xFF, 0xFF, 0xF1, 0xFE, 0x07, 0x8F, 0xFF, 0xFF, 0xFE,
  0x7F, 0x81, 0xC7, 0xFF, 0xFF, 0xFF, 0x9F, 0xC0, 0x23, 0xFF, 0xFF, 0xFF,
  0xE7, 0xF0, 0x01, 0xFF, 0xFF, 0xFF, 0xF8, 0xF8, 0x00, 0xFF, 0xFF, 0xFF,
  0xFF, 0x3C, 0x00, 0x1F, 0xFF, 0xFF, 0xFF, 0xCC, 0x00, 0x01, 0xFF, 0xFF,
  0xFF, 0xF0, 0x00, 0x00, 0x01, 0x00, 0x00, 0x00, 0x00, 0x00, 0x03, 0x80,
  0x00, 0x00, 0x00, 0x00, 0x03, 0xC0, 0x00, 0x00, 0x00, 0x00, 0x07, 0xE0,
  0x00, 0x00, 0x00, 0x00, 0x07, 0xF0, 0x00, 0x00, 0x00, 0x00, 0x07, 0xF8,
  0x00, 0x00, 0x00, 0x00, 0x07, 0xFC, 0x00, 0x00, 0x00, 0x00, 0x07, 0xFC,
  0x00, 0x00, 0x00, 0x00, 0x07, 0xFE, 0x00, 0x00, 0x00, 0x00, 0x0F, 0xFF,
  0x00, 0x00, 0x00, 0x00, 0x0F, 0xFF, 0x00, 0x00, 0x00, 0x00, 0x0F, 0xFE,
  0x00, 0x00, 0x00, 0x00, 0x0F, 0xFE, 0x00, 0x00, 0x00, 0x00, 0x0F, 0xFE,
  0x00, 0x00, 0x00, 0x00, 0x0F, 0xFE, 0x00, 0x00, 0x00, 0x00, 0x0F, 0xFE,
  0x00, 0x00, 0x00, 0x00, 0x0F, 0xFE, 0x00, 0x00, 0x00, 0x00, 0x0F, 0xFE,
  0x00, 0x00, 0x00, 0x00, 0x0F, 0xFE, 0x00, 0x00, 0x00, 0x00, 0x0F, 0xFE,
  0x00, 0x00, 0x00, 0x00, 0x0F, 0xFE, 0x00, 0x00, 0x00, 0x00, 0x0F, 0xFE,
  0x00, 0x00, 0x00, 0x00, 0x0F, 0xFE, 0x00, 0x00, 0x00, 0x00, 0x0F, 0xFE,
  0x00, 0x00, 0x00, 0x00, 0x0F, 0xFE, 0x00, 0x00, 0x00, 0x00, 0x1F, 0xFE,
  0x00, 0x00, 0x00, 0x00, 0x1F, 0xFC, 0x00, 0x00, 0x00, 0x00, 0x1F, 0xFC,
  0x00, 0x00, 0x00, 0x00, 0x1F, 0xFC, 0x00, 0x00, 0x00, 0x00, 0x1F, 0xFC,
  0x00, 0x00, 0x00, 0x00, 0x1F, 0xFC, 0x00, 0x00, 0x00, 0x00, 0x1F, 0xFC,
  0x00, 0x00, 0x00, 0x00, 0x1F, 0xFC, 0x00, 0x00, 0x00, 0x00, 0x1F, 0xFC,
  0x00, 0x00, 0x00, 0x00, 0x1F, 0xF8, 0x00, 0x00, 0x00, 0x00, 0x1F, 0xE1,
  0xFF, 0xFF, 0xF0, 0x00, 0x1F, 0xC7, 0xFF, 0xFF, 0xFC, 0x00, 0x07, 0x0F,
  0xFF, 0xFF, 0xFE, 0x00, 0x02, 0x1F, 0xFF, 0xFF, 0xFF, 0x00, 0x00, 0x7F,
  0xFF, 0xFF, 0xFF, 0x80, 0x00, 0xFF, 0xFF, 0xFF, 0xFF, 0xE0, 0x00, 0x7F,
  0xFF, 0xFF, 0xFF, 0x80, 0x06, 0x3F, 0xFF, 0xFF, 0xFF, 0x18, 0x0F, 0x0F,
  0xFF, 0xFF, 0xFE, 0x3C, 0x1F, 0x87, 0xFF, 0xFF, 0xF8, 0x7E, 0x3F, 0xE3,
  0xFF, 0xFF, 0xF1, 0xFF, 0x3F, 0xF0, 0x00, 0x00, 0x03, 0xFF, 0x3F, 0xF8,
  0x00, 0x00, 0x07, 0xFF, 0x3F, 0xF8, 0x00, 0x00, 0x0F, 0xFF, 0x3F, 0xF8,
  0x00, 0x00, 0x0F, 0xFE, 0x3F, 0xF8, 0x00, 0x00, 0x0F, 0xFE, 0x3F, 0xF8,
  0x00, 0x00, 0x0F, 0xFE, 0x3F, 0xF8, 0x00, 0x00, 0x0F, 0xFE, 0x3F, 0xF8,
  0x00, 0x00, 0x0F, 0xFE, 0x3F, 0xF8, 0x00, 0x00, 0x0F, 0xFE, 0x3F, 0xF8,
  0x00, 0x00, 0x0F, 0xFE, 0x3F, 0xF8, 0x00, 0x00, 0x0F, 0xFE, 0x7F, 0xF8,
  0x00, 0x00, 0x0F, 0xFE, 0x7F, 0xF0, 0x00, 0x00, 0x0F, 0xFE, 0x7F, 0xF0,
  0x00, 0x00, 0x0F, 0xFE, 0x7F, 0xF0, 0x00, 0x00, 0x0F, 0xFE, 0x7F, 0xF0,
  0x00, 0x00, 0x0F, 0xFE, 0x7F, 0xF0, 0x00, 0x00, 0x0F, 0xFE, 0x7F, 0xF0,
  0x00, 0x00, 0x1F, 0xFE, 0x7F, 0xF0, 0x00, 0x00, 0x1F, 0xFE, 0x7F, 0xF0,
  0x00, 0x00, 0x1F, 0xFE, 0x7F, 0xF0, 0x00, 0x00, 0x1F, 0xFC, 0x7F, 0xF0,
  0x00, 0x00, 0x1F, 0xFC, 0x7F, 0xF0, 0x00, 0x00, 0x1F, 0xFC, 0x7F, 0xF0,
  0x00, 0x00, 0x1F, 0xFC, 0x7F, 0xF0, 0x00, 0x00, 0x1F, 0xFC, 0x7F, 0xF0,
  0x00, 0x00, 0x1F, 0xFC, 0x7F, 0xE0, 0x00, 0x00, 0x1F, 0xFC, 0x7F, 0xC0,
  0x00, 0x00, 0x1F, 0xFC, 0xFF, 0x8F, 0xFF, 0xFF, 0x8F, 0xFC, 0xFF, 0x1F,
  0xFF, 0xFF, 0xCF, 0xFC, 0x7E, 0x3F, 0xFF, 0xFF, 0xCF, 0xFC, 0x7C, 0x7F,
  0xFF, 0xFF, 0xC7, 0xF8, 0x78, 0xFF, 0xFF, 0xFF, 0xE7, 0xF8, 0x71, 0xFF,
  0xFF, 0xFF, 0xE7, 0xF0, 0x23, 0xFF, 0xFF, 0xFF, 0xE7, 0xF0, 0x07, 0xFF,
  0xFF, 0xFF, 0xE3, 0xE0, 0x0F, 0xFF, 0xFF, 0xFF, 0xF3, 0xC0, 0x07, 0xFF,
  0xFF, 0xFF, 0xF3, 0x00, 0x01, 0xFF, 0xFF, 0xFF, 0xF0, 0x00, 0x00, 0x01,
  0xFF, 0xFF, 0xF0, 0x00, 0x00, 0xFF, 0xFF, 0xFF, 0x80, 0x00, 0x3F, 0xFF,
  0xFF, 0xF8, 0x00, 0x0F, 0xFF, 0xFF, 0xFF, 0x80, 0x07, 0xFF, 0xFF, 0xFF,
  0xF8, 0x01, 0xFF, 0xFF, 0xFF, 0xFF, 0xC0, 0x1F, 0xFF, 0xFF, 0xFF, 0xE0,
  0x31, 0xFF, 0xFF, 0xFF, 0xF8, 0x0F, 0x0F, 0xFF, 0xFF, 0xFE, 0x03, 0xF0,
  0xFF, 0xFF, 0xFF, 0x00, 0xFF, 0x8F, 0xFF, 0xFF, 0xC0, 0x1F, 0xF8, 0x00,
  0x00, 0x00, 0x03, 0xFF, 0x80, 0x00, 0x00, 0x00, 0x7F, 0xF0, 0x00, 0x00,
  0x00, 0x0F, 0xFE, 0x00, 0x00, 0x00, 0x01, 0xFF, 0xC0, 0x00, 0x00, 0x00,
  0x3F, 0xF8, 0x00, 0x00, 0x00, 0x07, 0xFF, 0x00, 0x00, 0x00, 0x00, 0xFF,
  0xE0, 0x00, 0x00, 0x00, 0x1F, 0xFC, 0x00, 0x00, 0x00, 0x03, 0xFF, 0x80,
  0x00, 0x00, 0x00, 0x7F, 0xF0, 0x00, 0x00, 0x00, 0x1F, 0xFE, 0x00, 0x00,
  0x00, 0x03, 0xFF, 0x80, 0x00, 0x00, 0x00, 0x7F, 0xF0, 0x00, 0x00, 0x00,
  0x0F, 0xFE, 0x00, 0x00, 0x00, 0x01, 0xFF, 0xC0, 0x00, 0x00, 0x00, 0x3F,
  0xF8, 0x00, 0x00, 0x00, 0x07, 0xFF, 0x00, 0x00, 0x00, 0x00, 0xFF, 0xE0,
  0x00, 0x00, 0x00, 0x1F, 0xFC, 0x00, 0x00, 0x00, 0x03, 0xFF, 0x80, 0x00,
  0x00, 0x00, 0x7F, 0xF0, 0x00, 0x00, 0x00, 0x0F, 0xFE, 0x00, 0x00, 0x00,
  0x01, 0xFF, 0xC0, 0x00, 0x00, 0x00, 0x3F, 0xF8, 0x00, 0x00, 0x00, 0x07,
  0xFF, 0x00, 0x00, 0x00, 0x00, 0xFF, 0xC0, 0x00, 0x00, 0x00, 0x1F, 0xF0,
  0x00, 0x00, 0x00, 0x07, 0xFC, 0x7F, 0xFF, 0xFC, 0x00, 0xFF, 0x1F, 0xFF,
  0xFF, 0xC0, 0x0F, 0xC7, 0xFF, 0xFF, 0xF8, 0x01, 0xF1, 0xFF, 0xFF, 0xFF,
  0x00, 0x3C, 0x7F, 0xFF, 0xFF, 0xF0, 0x07, 0x1F, 0xFF, 0xFF, 0xFE, 0x00,
  0x47, 0xFF, 0xFF, 0xFF, 0xC0, 0x01, 0xFF, 0xFF, 0xFF, 0xF8, 0x00, 0x7F,
  0xFF, 0xFF, 0xFF, 0x80, 0x07, 0xFF, 0xFF, 0xFF, 0xF0, 0x00, 0x3F, 0xFF,
  0xFF, 0xFE, 0x00, 0x00, 0x00, 0x00, 0x00, 0x00, 0x08, 0x00, 0x00, 0x00,
  0x00, 0x00, 0x07, 0x80, 0x00, 0x00, 0x00, 0x00, 0x01, 0xF0, 0x00, 0x00,
  0x00, 0x00, 0x00, 0x7C, 0x00, 0x00, 0x00, 0x00, 0x00, 0x3F, 0x80, 0x00,
  0x00, 0x00, 0x00, 0x0F, 0xE0, 0x00, 0x00, 0x00, 0x00, 0x07, 0xFC, 0x00,
  0x00, 0x00, 0x00, 0x01, 0xFF, 0x00, 0x00, 0x00, 0x00, 0x00, 0xFF, 0xC0,
  0x00, 0x00, 0x00, 0x00, 0x3F, 0xF0, 0x00, 0x00, 0x00, 0x00, 0x0F, 0xFC,
  0x00, 0x00, 0x00, 0x00, 0x07, 0xFF, 0x00, 0x00, 0x00, 0x00, 0x01, 0xFF,
  0xC0, 0x00, 0x00, 0x00, 0x00, 0x7F, 0xF0, 0x00, 0x00, 0x00, 0x00, 0x1F,
  0xFC, 0x00, 0x00, 0x00, 0x00, 0x07, 0xFF, 0x00, 0x00, 0x00, 0x00, 0x01,
  0xFF, 0xC0, 0x00, 0x00, 0x00, 0x00, 0x7F, 0xF0, 0x00, 0x00, 0x00, 0x00,
  0x1F, 0xFC, 0x00, 0x00, 0x00, 0x00, 0x07, 0xFF, 0x00, 0x00, 0x00, 0x00,
  0x03, 0xFF, 0x80, 0x00, 0x00, 0x00, 0x00, 0xFF, 0xE0, 0x00, 0x00, 0x00,
  0x00, 0x3F, 0xF8, 0x00, 0x00, 0x00, 0x00, 0x0F, 0xFE, 0x00, 0x00, 0x00,
  0x00, 0x03, 0xFF, 0x80, 0x00, 0x00, 0x00, 0x00, 0xFF, 0xE0, 0x00, 0x00,
  0x00, 0x00, 0x3F, 0xF8, 0x00, 0x00, 0x00, 0x00, 0x0F, 0xFE, 0x00, 0x00,
  0x00, 0x00, 0x03, 0xFF, 0x80, 0x00, 0x00, 0x00, 0x00, 0xFF, 0xE0, 0x00,
  0x00, 0x00, 0x00, 0x3F, 0xF8, 0x00, 0x00, 0x00, 0x00, 0x0F, 0xFE, 0x00,
  0x00, 0x00, 0x00, 0x03, 0xFF, 0x80, 0x00, 0x00, 0x00, 0x00, 0xFF, 0xE0,
  0x00, 0x00, 0x00, 0x00, 0x3F, 0xF8, 0x00, 0x00, 0x00, 0x00, 0x1F, 0xFE,
  0x00, 0x00, 0x00, 0x00, 0x07, 0xFF, 0x00, 0x00, 0x00, 0x00, 0x00, 0x7F,
  0xC0, 0x00, 0x1F, 0xFF, 0xFF, 0x0F, 0xF0, 0x00, 0x1F, 0xFF, 0xFF, 0xF1,
  0xFC, 0x00, 0x0F, 0xFF, 0xFF, 0xFE, 0x3C, 0x00, 0x07, 0xFF, 0xFF, 0xFF,
  0xC2, 0x00, 0x07, 0xFF, 0xFF, 0xFF, 0xF8, 0x00, 0x03, 0xFF, 0xFF, 0xFF,
  0xFF, 0x80, 0x00, 0x7F, 0xFF, 0xFF, 0xFF, 0x80, 0x01, 0x8F, 0xFF, 0xFF,
  0xFF, 0xC6, 0x00, 0xF0, 0xFF, 0xFF, 0xFF, 0xE3, 0xC0, 0x7E, 0x1F, 0xFF,
  0xFF, 0xE1, 0xF8, 0x3F, 0xE3, 0xFF, 0xFF, 0xF1, 0xFF, 0x0F, 0xFC, 0x00,
  0x00, 0x00, 0xFF, 0xC3, 0xFF, 0x80, 0x00, 0x00, 0x7F, 0xF0, 0xFF, 0xE0,
  0x00, 0x00, 0x3F, 0xFC, 0x3F, 0xF8, 0x00, 0x00, 0x0F, 0xFE, 0x0F, 0xFE,
  0x00, 0x00, 0x03, 0xFF, 0x83, 0xFF, 0x80, 0x00, 0x00, 0xFF, 0xE0, 0xFF,
  0xE0, 0x00, 0x00, 0x3F, 0xF8, 0x3F, 0xF8, 0x00, 0x00, 0x0F, 0xFE, 0x0F,
  0xFE, 0x00, 0x00, 0x03, 0xFF, 0x83, 0xFF, 0x80, 0x00, 0x00, 0xFF, 0xE0,
  0xFF, 0xE0, 0x00, 0x00, 0x3F, 0xF8, 0x7F, 0xF8, 0x00, 0x00, 0x0F, 0xFE,
  0x1F, 0xFC, 0x00, 0x00, 0x03, 0xFF, 0x87, 0xFF, 0x00, 0x00, 0x00, 0xFF,
  0xE1, 0xFF, 0xC0, 0x00, 0x00, 0x3F, 0xF8, 0x7F, 0xF0, 0x00, 0x00, 0x0F,
  0xFE, 0x1F, 0xFC, 0x00, 0x00, 0x03, 0xFF, 0x87, 0xFF, 0x00, 0x00, 0x01,
  0xFF, 0xE1, 0xFF, 0xC0, 0x00, 0x00, 0x7F, 0xF8, 0x7F, 0xF0, 0x00, 0x00,
  0x1F, 0xFE, 0x1F, 0xFC, 0x00, 0x00, 0x07, 0xFF, 0x07, 0xFF, 0x00, 0x00,
  0x01, 0xFF, 0xC1, 0xFF, 0xC0, 0x00, 0x00, 0x7F, 0xF0, 0x7F, 0xF0, 0x00,
  0x00, 0x1F, 0xFC, 0x1F, 0xFC, 0x00, 0x00, 0x07, 0xFF, 0x07, 0xFF, 0x00,
  0x00, 0x01, 0xFF, 0xC1, 0xFF, 0x80, 0x00, 0x00, 0x7F, 0xF0, 0x7F, 0xC0,
  0x00, 0x00, 0x1F, 0xFC, 0x3F, 0xE3, 0xFF, 0xFF, 0xE3, 0xFF, 0x0F, 0xF1,
  0xFF, 0xFF, 0xFC, 0xFF, 0xC1, 0xF8, 0xFF, 0xFF, 0xFF, 0x3F, 0xF0, 0x7C,
  0x7F, 0xFF, 0xFF, 0xC7, 0xF8, 0x1E, 0x3F, 0xFF, 0xFF, 0xF9, 0xFE, 0x07,
  0x1F, 0xFF, 0xFF, 0xFE, 0x7F, 0x00, 0x8F, 0xFF, 0xFF, 0xFF, 0x9F, 0xC0,
  0x07, 0xFF, 0xFF, 0xFF, 0xE3, 0xE0, 0x03, 0xFF, 0xFF, 0xFF, 0xFC, 0xF0,
  0x00, 0x7F, 0xFF, 0xFF, 0xFF, 0x30, 0x00, 0x07, 0xFF, 0xFF, 0xFF, 0xC0,
  0x00, 0x00, 0x07, 0xFF, 0xFF, 0xFF, 0xC0, 0x00, 0x07, 0xFF, 0xFF, 0xFF,
  0xE2, 0x00, 0x07, 0xFF, 0xFF, 0xFF, 0xF9, 0xE0, 0x00, 0xFF, 0xFF, 0xFF,
  0xFE, 0x7C, 0x01, 0x1F, 0xFF, 0xFF, 0xFF, 0x1F, 0x00, 0xE3, 0xFF, 0xFF,
  0xFF, 0xCF, 0xE0, 0x3C, 0x7F, 0xFF, 0xFF, 0xE3, 0xF8, 0x1F, 0x8F, 0xFF,
  0xFF, 0xF9, 0xFF, 0x07, 0xF1, 0xFF, 0xFF, 0xFC, 0x7F, 0xC1, 0xFE, 0x3F,
  0xFF, 0xFF, 0x3F, 0xF0, 0x7F, 0xC7, 0xFF, 0xFF, 0xCF, 0xFC, 0x1F, 0xF0,
  0x00, 0x00, 0x03, 0xFF, 0x07, 0xFE, 0x00, 0x00, 0x01, 0xFF, 0xC3, 0xFF,
  0xC0, 0x00, 0x00, 0x7F, 0xF0, 0xFF, 0xF0, 0x00, 0x00, 0x1F, 0xFC, 0x3F,
  0xF8, 0x00, 0x00, 0x07, 0xFF, 0x0F, 0xFE, 0x00, 0x00, 0x01, 0xFF, 0xC3,
  0xFF, 0x80, 0x00, 0x00, 0x7F, 0xF0, 0xFF, 0xE0, 0x00, 0x00, 0x1F, 0xFC,
  0x3F, 0xF8, 0x00, 0x00, 0x07, 0xFF, 0x0F, 0xFE, 0x00, 0x00, 0x01, 0xFF,
  0xC3, 0xFF, 0x80, 0x00, 0x00, 0xFF, 0xE0, 0xFF, 0xE0, 0x00, 0x00, 0x3F,
  0xF8, 0x3F, 0xF8, 0x00, 0x00, 0x0F, 0xFE, 0x0F, 0xFE, 0x00, 0x00, 0x03,
  0xFF, 0x83, 0xFF, 0x80, 0x00, 0x00, 0xFF, 0xE0, 0xFF, 0xE0, 0x00, 0x00,
  0x3F, 0xF8, 0x3F, 0xF8, 0x00, 0x00, 0x0F, 0xFE, 0x0F, 0xFE, 0x00, 0x00,
  0x03, 0xFF, 0x87, 0xFF, 0x80, 0x00, 0x00, 0xFF, 0xE1, 0xFF, 0xC0, 0x00,
  0x00, 0x3F, 0xF8, 0x7F, 0xF0, 0x00, 0x00, 0x0F, 0xFE, 0x1F, 0xFC, 0x00,
  0x00, 0x03, 0xFF, 0x87, 0xFF, 0x00, 0x00, 0x00, 0xFF, 0xE1, 0xFF, 0xC0,
  0x00, 0x00, 0x3F, 0xF8, 0x7F, 0xF0, 0x00, 0x00, 0x0F, 0xFE, 0x1F, 0xFC,
  0x00, 0x00, 0x07, 0xFF, 0x87, 0xFF, 0x00, 0x00, 0x01, 0xFF, 0xC1, 0xFF,
  0x80, 0x00, 0x00, 0x1F, 0xF0, 0x7F, 0x87, 0xFF, 0xFF, 0xC3, 0xFC, 0x1F,
  0xC7, 0xFF, 0xFF, 0xFC, 0x7F, 0x01, 0xC3, 0xFF, 0xFF, 0xFF, 0x8F, 0x00,
  0x21, 0xFF, 0xFF, 0xFF, 0xF0, 0x80, 0x01, 0xFF, 0xFF, 0xFF, 0xFE, 0x00,
  0x00, 0xFF, 0xFF, 0xFF, 0xFF, 0xE0, 0x00, 0x1F, 0xFF, 0xFF, 0xFF, 0xE0,
  0x00, 0x63, 0xFF, 0xFF, 0xFF, 0xF0, 0x00, 0x3C, 0x3F, 0xFF, 0xFF, 0xF8,
  0x00, 0x1F, 0x87, 0xFF, 0xFF, 0xF8, 0x00, 0x0F, 0xF8, 0xFF, 0xFF, 0xFC,
  0x00, 0x03, 0xFF, 0x00, 0x00, 0x00, 0x00, 0x00, 0xFF, 0xE0, 0x00, 0x00,
  0x00, 0x00, 0x3F, 0xF8, 0x00, 0x00, 0x00, 0x00, 0x0F, 0xFE, 0x00, 0x00,
  0x00, 0x00, 0x03, 0xFF, 0x80, 0x00, 0x00, 0x00, 0x00, 0xFF, 0xE0, 0x00,
  0x00, 0x00, 0x00, 0x3F, 0xF8, 0x00, 0x00, 0x00, 0x00, 0x0F, 0xFE, 0x00,
  0x00, 0x00, 0x00, 0x03, 0xFF, 0x80, 0x00, 0x00, 0x00, 0x00, 0xFF, 0xE0,
  0x00, 0x00, 0x00, 0x00, 0x3F, 0xF8, 0x00, 0x00, 0x00, 0x00, 0x1F, 0xFE,
  0x00, 0x00, 0x00, 0x00, 0x07, 0xFF, 0x00, 0x00, 0x00, 0x00, 0x01, 0xFF,
  0xC0, 0x00, 0x00, 0x00, 0x00, 0x7F, 0xF0, 0x00, 0x00, 0x00, 0x00, 0x1F,
  0xFC, 0x00, 0x00, 0x00, 0x00, 0x07, 0xFF, 0x00, 0x00, 0x00, 0x00, 0x01,
  0xFF, 0xC0, 0x00, 0x00, 0x00, 0x00, 0x7F, 0xF0, 0x00, 0x00, 0x00, 0x00,
  0x1F, 0xFC, 0x00, 0x00, 0x00, 0x00, 0x07, 0xFF, 0x00, 0x00, 0x00, 0x00,
  0x01, 0xFF, 0xC0, 0x00, 0x00, 0x00, 0x00, 0x7F, 0xF0, 0x00, 0x00, 0x00,
  0x00, 0x1F, 0xFC, 0x00, 0x00, 0x00, 0x00, 0x07, 0xFF, 0x00, 0x00, 0x00,
  0x00, 0x01, 0xFF, 0xC0, 0x00, 0x00, 0x00, 0x00, 0x7F, 0xE0, 0x00, 0x00,
  0x00, 0x00, 0x1F, 0xF0, 0x00, 0x00, 0x00, 0x00, 0x0F, 0xF8, 0xFF, 0xFF,
  0xF8, 0x00, 0x03, 0xFC, 0x7F, 0xFF, 0xFF, 0x00, 0x00, 0x7E, 0x3F, 0xFF,
  0xFF, 0xC0, 0x00, 0x1F, 0x1F, 0xFF, 0xFF, 0xF0, 0x00, 0x07, 0x8F, 0xFF,
  0xFF, 0xFE, 0x00, 0x01, 0xC7, 0xFF, 0xFF, 0xFF, 0x80, 0x00, 0x23, 0xFF,
  0xFF, 0xFF, 0xE0, 0x00, 0x01, 0xFF, 0xFF, 0xFF, 0xF8, 0x00, 0x00, 0xFF,
  0xFF, 0xFF, 0xFF, 0x00, 0x00, 0x1F, 0xFF, 0xFF, 0xFF, 0xC0, 0x00, 0x01,
  0xFF, 0xFF, 0xFF, 0xF0, 0x00, 0x00, 0x00, 0x07, 0xFF, 0xFF, 0xFF, 0xC0,
  0x03, 0xFF, 0xFF, 0xFF, 0xF0, 0x01, 0xFF, 0xFF, 0xFF, 0xFE, 0x00, 0x1F,
  0xFF, 0xFF, 0xFF, 0xC0, 0x11, 0xFF, 0xFF, 0xFF, 0xF0, 0x07, 0x1F, 0xFF,
  0xFF, 0xFE, 0x00, 0xF1, 0xFF, 0xFF, 0xFF, 0x80, 0x3F, 0x1F, 0xFF, 0xFF,
  0xF0, 0x07, 0xF1, 0xFF, 0xFF, 0xFC, 0x00, 0xFF, 0x1F, 0xFF, 0xFF, 0x80,
  0x1F, 0xF1, 0xFF, 0xFF, 0xF0, 0x03, 0xFE, 0x00, 0x00, 0x00, 0x00, 0x7F,
  0xE0, 0x00, 0x00, 0x00, 0x1F, 0xFE, 0x00, 0x00, 0x00, 0x03, 0xFF, 0xC0,
  0x00, 0x00, 0x00, 0x7F, 0xF0, 0x00, 0x00, 0x00, 0x0F, 0xFE, 0x00, 0x00,
  0x00, 0x01, 0xFF, 0xC0, 0x00, 0x00, 0x00, 0x3F, 0xF8, 0x00, 0x00, 0x00,
  0x07, 0xFF, 0x00, 0x00, 0x00, 0x00, 0xFF, 0xE0, 0x00, 0x00, 0x00, 0x1F,
  0xFC, 0x00, 0x00, 0x00, 0x03, 0xFF, 0x80, 0x00, 0x00, 0x00, 0x7F, 0xF0,
  0x00, 0x00, 0x00, 0x0F, 0xFE, 0x00, 0x00, 0x00, 0x01, 0xFF, 0xC0, 0x00,
  0x00, 0x00, 0x3F, 0xF8, 0x00, 0x00, 0x00, 0x07, 0xFF, 0x00, 0x00, 0x00,
  0x00, 0xFF, 0xE0, 0x00, 0x00, 0x00, 0x3F, 0xFC, 0x00, 0x00, 0x00, 0x07,
  0xFF, 0x00, 0x00, 0x00, 0x00, 0xFF, 0xE0, 0x00, 0x00, 0x00, 0x1F, 0xFC,
  0x00, 0x00, 0x00, 0x03, 0xFF, 0x80, 0x00, 0x00, 0x00, 0x7F, 0xF0, 0x00,
  0x00, 0x00, 0x0F, 0xFE, 0x00, 0x00, 0x00, 0x01, 0xFF, 0xC0, 0x00, 0x00,
  0x00, 0x3F, 0xF8, 0x00, 0x00, 0x00, 0x07, 0xFE, 0x00, 0x00, 0x00, 0x00,
  0xFF, 0x0F, 0xFF, 0xFF, 0x80, 0x1F, 0xC7, 0xFF, 0xFF, 0xFC, 0x00, 0xE1,
  0xFF, 0xFF, 0xFF, 0xC0, 0x08, 0x7F, 0xFF, 0xFF, 0xFC, 0x00, 0x3F, 0xFF,
  0xFF, 0xFF, 0xC0, 0x0F, 0xFF, 0xFF, 0xFF, 0xFE, 0x00, 0xFF, 0xFF, 0xFF,
  0xFF, 0x01, 0x8F, 0xFF, 0xFF, 0xFF, 0xC0, 0x78, 0x7F, 0xFF, 0xFF, 0xF0,
  0x1F, 0x87, 0xFF, 0xFF, 0xF8, 0x07, 0xFC, 0x7F, 0xFF, 0xFE, 0x00, 0xFF,
  0xC0, 0x00, 0x00, 0x00, 0x1F, 0xFC, 0x00, 0x00, 0x00, 0x03, 0xFF, 0x80,
  0x00, 0x00, 0x00, 0x7F, 0xF0, 0x00, 0x00, 0x00, 0x0F, 0xFE, 0x00, 0x00,
  0x00, 0x01, 0xFF, 0xC0, 0x00, 0x00, 0x00, 0x3F, 0xF8, 0x00, 0x00, 0x00,
  0x07, 0xFF, 0x00, 0x00, 0x00, 0x00, 0xFF, 0xE0, 0x00, 0x00, 0x00, 0x1F,
  0xFC, 0x00, 0x00, 0x00, 0x03, 0xFF, 0x80, 0x00, 0x00, 0x00, 0xFF, 0xF0,
  0x00, 0x00, 0x00, 0x1F, 0xFC, 0x00, 0x00, 0x00, 0x03, 0xFF, 0x80, 0x00,
  0x00, 0x00, 0x7F, 0xF0, 0x00, 0x00, 0x00, 0x0F, 0xFE, 0x00, 0x00, 0x00,
  0x01, 0xFF, 0xC0, 0x00, 0x00, 0x00, 0x3F, 0xF8, 0x00, 0x00, 0x00, 0x07,
  0xFF, 0x00, 0x00, 0x00, 0x00, 0xFF, 0xE0, 0x00, 0x00, 0x00, 0x1F, 0xFC,
  0x00, 0x00, 0x00, 0x03, 0xFF, 0x80, 0x00, 0x00, 0x00, 0x7F, 0xF0, 0x00,
  0x00, 0x00, 0x0F, 0xFE, 0x00, 0x00, 0x00, 0x01, 0xFF, 0xC0, 0x00, 0x00,
  0x00, 0x3F, 0xF8, 0x00, 0x00, 0x00, 0x07, 0xFE, 0x00, 0x00, 0x00, 0x00,
  0xFF, 0x80, 0x00, 0x00, 0x00, 0x3F, 0xE0, 0x00, 0x00, 0x00, 0x07, 0xF8,
  0x00, 0x00, 0x00, 0x00, 0x7E, 0x00, 0x00, 0x00, 0x00, 0x0F, 0x80, 0x00,
  0x00, 0x00, 0x01, 0xE0, 0x00, 0x00, 0x00, 0x00, 0x38, 0x00, 0x00, 0x00,
  0x00, 0x02, 0x00, 0x00, 0x00, 0x00, 0x00, 0x00, 0x3F, 0xFF, 0xFF, 0xFE,
  0x00, 0x01, 0xFF, 0xFF, 0xFF, 0xF8, 0x80, 0x0F, 0xFF, 0xFF, 0xFF, 0xF3,
  0xC0, 0x0F, 0xFF, 0xFF, 0xFF, 0xE7, 0xC0, 0x8F, 0xFF, 0xFF, 0xFF, 0x8F,
  0x83, 0x8F, 0xFF, 0xFF, 0xFF, 0x3F, 0x87, 0x8F, 0xFF, 0xFF, 0xFC, 0x7F,
  0x1F, 0x8F, 0xFF, 0xFF, 0xF9, 0xFF, 0x3F, 0x8F, 0xFF, 0xFF, 0xE3, 0xFE,
  0x7F, 0x8F, 0xFF, 0xFF, 0xCF, 0xFC, 0xFF, 0x8F, 0xFF, 0xFF, 0x9F, 0xF9,
  0xFF, 0x00, 0x00, 0x00, 0x3F, 0xF3, 0xFF, 0x00, 0x00, 0x00, 0xFF, 0xEF,
  0xFF, 0x00, 0x00, 0x01, 0xFF, 0xDF, 0xFE, 0x00, 0x00, 0x03, 0xFF, 0xBF,
  0xF8, 0x00, 0x00, 0x07, 0xFF, 0x7F, 0xF0, 0x00, 0x00, 0x0F, 0xFE, 0xFF,
  0xE0, 0x00, 0x00, 0x1F, 0xFD, 0xFF, 0xC0, 0x00, 0x00, 0x3F, 0xFB, 0xFF,
  0x80, 0x00, 0x00, 0x7F, 0xF7, 0xFF, 0x00, 0x00, 0x00, 0xFF, 0xEF, 0xFE,
  0x00, 0x00, 0x03, 0xFF, 0x9F, 0xFC, 0x00, 0x00, 0x07, 0xFF, 0x3F, 0xF8,
  0x00, 0x00, 0x0F, 0xFE, 0x7F, 0xF0, 0x00, 0x00, 0x1F, 0xFC, 0xFF, 0xE0,
  0x00, 0x00, 0x3F, 0xF9, 0xFF, 0xC0, 0x00, 0x00, 0x7F, 0xF3, 0xFF, 0x80,
  0x00, 0x00, 0xFF, 0xE7, 0xFF, 0x00, 0x00, 0x01, 0xFF, 0xDF, 0xFE, 0x00,
  0x00, 0x03, 0xFF, 0xBF, 0xF8, 0x00, 0x00, 0x07, 0xFF, 0x7F, 0xF0, 0x00,
  0x00, 0x0F, 0xFE, 0xFF, 0xE0, 0x00, 0x00, 0x1F, 0xFD, 0xFF, 0xC0, 0x00,
  0x00, 0x3F, 0xFB, 0xFF, 0x80, 0x00, 0x00, 0x7F, 0xF7, 0xFF, 0x00, 0x00,
  0x00, 0xFF, 0xEF, 0xFE, 0x00, 0x00, 0x03, 0xFF, 0xDF, 0xFC, 0x00, 0x00,
  0x07, 0xFF, 0x3F, 0xF0, 0x00, 0x00, 0x03, 0xFE, 0x7F, 0x87, 0xFF, 0xFF,
  0xC3, 0xFC, 0xFE, 0x3F, 0xFF, 0xFF, 0xE3, 0xF8, 0x70, 0xFF, 0xFF, 0xFF,
  0xE3, 0xC0, 0x43, 0xFF, 0xFF, 0xFF, 0xE1, 0x00, 0x1F, 0xFF, 0xFF, 0xFF,
  0xE0, 0x00, 0x7F, 0xFF, 0xFF, 0xFF, 0xF0, 0x00, 0x7F, 0xFF, 0xFF, 0xFF,
  0x80, 0x00, 0x7F, 0xFF, 0xFF, 0xFE, 0x30, 0x00, 0x3F, 0xFF, 0xFF, 0xF8,
  0xF0, 0x00, 0x3F, 0xFF, 0xFF, 0xC3, 0xF0, 0x00, 0x3F, 0xFF, 0xFF, 0x1F,
  0xF0, 0x00, 0x00, 0x00, 0x00, 0x7F, 0xE0, 0x00, 0x00, 0x00, 0x01, 0xFF,
  0xC0, 0x00, 0x00, 0x00, 0x07, 0xFF, 0x80, 0x00, 0x00, 0x00, 0x0F, 0xFE,
  0x00, 0x00, 0x00, 0x00, 0x1F, 0xFC, 0x00, 0x00, 0x00, 0x00, 0x3F, 0xF8,
  0x00, 0x00, 0x00, 0x00, 0x7F, 0xF0, 0x00, 0x00, 0x00, 0x00, 0xFF, 0xE0,
  0x00, 0x00, 0x00, 0x01, 0xFF, 0xC0, 0x00, 0x00, 0x00, 0x03, 0xFF, 0x80,
  0x00, 0x00, 0x00, 0x07, 0xFF, 0x00, 0x00, 0x00, 0x00, 0x0F, 0xFE, 0x00,
  0x00, 0x00, 0x00, 0x1F, 0xFC, 0x00, 0x00, 0x00, 0x00, 0x3F, 0xF8, 0x00,
  0x00, 0x00, 0x00, 0x7F, 0xF0, 0x00, 0x00, 0x00, 0x00, 0xFF, 0xE0, 0x00,
  0x00, 0x00, 0x01, 0xFF, 0xC0, 0x00, 0x00, 0x00, 0x07, 0xFF, 0x80, 0x00,
  0x00, 0x00, 0x0F, 0xFF, 0x00, 0x00, 0x00, 0x00, 0x1F, 0xFE, 0x00, 0x00,
  0x00, 0x00, 0x3F, 0xF8, 0x00, 0x00, 0x00, 0x00, 0x7F, 0xF0, 0x00, 0x00,
  0x00, 0x00, 0xFF, 0xE0, 0x00, 0x00, 0x00, 0x01, 0xFF, 0xC0, 0x00, 0x00,
  0x00, 0x03, 0xFF, 0x80, 0x00, 0x00, 0x00, 0x07, 0xFF, 0x00, 0x00, 0x00,
  0x00, 0x0F, 0xFE, 0x00, 0x00, 0x00, 0x00, 0x1F, 0xFC, 0x00, 0x1F, 0xFF,
  0xFF, 0x1F, 0xF8, 0x00, 0x7F, 0xFF, 0xFF, 0x3F, 0xF0, 0x01, 0xFF, 0xFF,
  0xFE, 0x7F, 0xE0, 0x07, 0xFF, 0xFF, 0xFC, 0x7F, 0x80, 0x1F, 0xFF, 0xFF,
  0xFC, 0xFF, 0x00, 0x7F, 0xFF, 0xFF, 0xF9, 0xFC, 0x01, 0xFF, 0xFF, 0xFF,
  0xF3, 0xF8, 0x07, 0xFF, 0xFF, 0xFF, 0xE3, 0xE0, 0x1F, 0xFF, 0xFF, 0xFF,
  0xE7, 0x80, 0x1F, 0xFF, 0xFF, 0xFF, 0xCC, 0x00, 0x0F, 0xFF, 0xFF, 0xFF,
  0x80, 0x00, 0x01, 0x00, 0x00, 0x00, 0x00, 0x00, 0x03, 0x80, 0x00, 0x00,
  0x00, 0x00, 0x03, 0xC0, 0x00, 0x00, 0x00, 0x00, 0x07, 0xE0, 0x00, 0x00,
  0x00, 0x00, 0x07, 0xF0, 0x00, 0x00, 0x00, 0x00, 0x07, 0xF8, 0x00, 0x00,
  0x00, 0x00, 0x07, 0xFC, 0x00, 0x00, 0x00, 0x00, 0x07, 0xFC, 0x00, 0x00,
  0x00, 0x00, 0x07, 0xFE, 0x00, 0x00, 0x00, 0x00, 0x0F, 0xFF, 0x00, 0x00,
  0x00, 0x00, 0x0F, 0xFF, 0x00, 0x00, 0x00, 0x00, 0x0F, 0xFE, 0x00, 0x00,
  0x00, 0x00, 0x0F, 0xFE, 0x00, 0x00, 0x00, 0x00, 0x0F, 0xFE, 0x00, 0x00,
  0x00, 0x00, 0x0F, 0xFE, 0x00, 0x00, 0x00, 0x00, 0x0F, 0xFE, 0x00, 0x00,
  0x00, 0x00, 0x0F, 0xFE, 0x00, 0x00, 0x00, 0x00, 0x0F, 0xFE, 0x00, 0x00,
  0x00, 0x00, 0x0F, 0xFE, 0x00, 0x00, 0x00, 0x00, 0x0F, 0xFE, 0x00, 0x00,
  0x00, 0x00, 0x0F, 0xFE, 0x00, 0x00, 0x00, 0x00, 0x0F, 0xFE, 0x00, 0x00,
  0x00, 0x00, 0x0F, 0xFE, 0x00, 0x00, 0x00, 0x00, 0x0F, 0xFE, 0x00, 0x00,
  0x00, 0x00, 0x0F, 0xFE, 0x00, 0x00, 0x00, 0x00, 0x1F, 0xFE, 0x00, 0x00,
  0x00, 0x00, 0x1F, 0xFC, 0x00, 0x00, 0x00, 0x00, 0x1F, 0xFC, 0x00, 0x00,
  0x00, 0x00, 0x1F, 0xFC, 0x00, 0x00, 0x00, 0x00, 0x1F, 0xFC, 0x00, 0x00,
  0x00, 0x00, 0x1F, 0xFC, 0x00, 0x00, 0x00, 0x00, 0x1F, 0xFC, 0x00, 0x00,
  0x00, 0x00, 0x1F, 0xFC, 0x00, 0x00, 0x00, 0x00, 0x1F, 0xFC, 0x00, 0x00,
  0x00, 0x00, 0x1F, 0xF8, 0x00, 0x00, 0x00, 0x00, 0x1F, 0xE1, 0xFF, 0xFF,
  0xF0, 0x00, 0x1F, 0xC7, 0xFF, 0xFF, 0xFC, 0x00, 0x07, 0x0F, 0xFF, 0xFF,
  0xFE, 0x00, 0x02, 0x1F, 0xFF, 0xFF, 0xFF, 0x00, 0x00, 0x7F, 0xFF, 0xFF,
  0xFF, 0x80, 0x00, 0xFF, 0xFF, 0xFF, 0xFF, 0xE0, 0x00, 0x7F, 0xFF, 0xFF,
  0xFF, 0x80, 0x06, 0x3F, 0xFF, 0xFF, 0xFF, 0x18, 0x0F, 0x0F, 0xFF, 0xFF,
  0xFE, 0x3C, 0x1F, 0x87, 0xFF, 0xFF, 0xF8, 0x7E, 0x3F, 0xE3, 0xFF, 0xFF,
  0xF1, 0xFF, 0x3F, 0xF0, 0x00, 0x00, 0x03, 0xFF, 0x3F, 0xF8, 0x00, 0x00,
  0x07, 0xFF, 0x3F, 0xF8, 0x00, 0x00, 0x0F, 0xFF, 0x3F, 0xF8, 0x00, 0x00,
  0x0F, 0xFE, 0x3F, 0xF8, 0x00, 0x00, 0x0F, 0xFE, 0x3F, 0xF8, 0x00, 0x00,
  0x0F, 0xFE, 0x3F, 0xF8, 0x00, 0x00, 0x0F, 0xFE, 0x3F, 0xF8, 0x00, 0x00,
  0x0F, 0xFE, 0x3F, 0xF8, 0x00, 0x00, 0x0F, 0xFE, 0x3F, 0xF8, 0x00, 0x00,
  0x0F, 0xFE, 0x3F, 0xF8, 0x00, 0x00, 0x0F, 0xFE, 0x7F, 0xF8, 0x00, 0x00,
  0x0F, 0xFE, 0x7F, 0xF0, 0x00, 0x00, 0x0F, 0xFE, 0x7F, 0xF0, 0x00, 0x00,
  0x0F, 0xFE, 0x7F, 0xF0, 0x00, 0x00, 0x0F, 0xFE, 0x7F, 0xF0, 0x00, 0x00,
  0x0F, 0xFE, 0x7F, 0xF0, 0x00, 0x00, 0x0F, 0xFE, 0x7F, 0xF0, 0x00, 0x00,
  0x1F, 0xFE, 0x7F, 0xF0, 0x00, 0x00, 0x1F, 0xFE, 0x7F, 0xF0, 0x00, 0x00,
  0x1F, 0xFE, 0x7F, 0xF0, 0x00, 0x00, 0x1F, 0xFC, 0x7F, 0xF0, 0x00, 0x00,
  0x1F, 0xFC, 0x7F, 0xF0, 0x00, 0x00, 0x1F, 0xFC, 0x7F, 0xF0, 0x00, 0x00,
  0x1F, 0xFC, 0x7F, 0xF0, 0x00, 0x00, 0x1F, 0xFC, 0x7F, 0xF0, 0x00, 0x00,
  0x1F, 0xFC, 0x7F, 0xE0, 0x00, 0x00, 0x1F, 0xFC, 0x7F, 0xC0, 0x00, 0x00,
  0x1F, 0xFC, 0xFF, 0x80, 0x00, 0x00, 0x0F, 0xFC, 0xFF, 0x00, 0x00, 0x00,
  0x0F, 0xFC, 0x7E, 0x00, 0x00, 0x00, 0x0F, 0xFC, 0x7C, 0x00, 0x00, 0x00,
  0x07, 0xF8, 0x78, 0x00, 0x00, 0x00, 0x07, 0xF8, 0x70, 0x00, 0x00, 0x00,
  0x07, 0xF0, 0x20, 0x00, 0x00, 0x00, 0x07, 0xF0, 0x00, 0x00, 0x00, 0x00,
  0x03, 0xE0, 0x00, 0x00, 0x00, 0x00, 0x03, 0xC0, 0x00, 0x00, 0x00, 0x00,
  0x03, 0x00, 0x00, 0xC0, 0x0F, 0x00, 0xFC, 0x1F, 0xF1, 0xFF, 0x9F, 0xFD,
  0xFF, 0xEF, 0xFE, 0x7F, 0xF3, 0xFF, 0x9F, 0xFC, 0xFF, 0xE7, 0xFF, 0x3F,
  0xF9, 0xFF, 0xCF, 0xFE, 0x7F, 0xF3, 0xFF, 0x9F, 0xFC, 0xFF, 0xE7, 0xFF,
  0x7F, 0xFB, 0xFF, 0xDF, 0xFE, 0xFF, 0xE7, 0xFF, 0x3F, 0xF9, 0xFF, 0xCF,
  0xFE, 0x7F, 0xF3, 0xFF, 0x9F, 0xFC, 0x7F, 0xE3, 0xFF, 0x1F, 0xF8, 0x7F,
  0x83, 0xFC, 0x1F, 0xC0, 0xFE, 0x03, 0xE0, 0x1E, 0x00, 0xC0, 0x00, 0x00,
  0x00, 0x00, 0x00, 0x00, 0x80, 0x00, 0x00, 0x00, 0x00, 0x07, 0x80, 0x00,
  0x00, 0x00, 0x00, 0x1F, 0x00, 0x00, 0x00, 0x00, 0x00, 0x7C, 0x00, 0x00,
  0x00, 0x00, 0x03, 0xF8, 0x00, 0x00, 0x00, 0x00, 0x0F, 0xE0, 0x00, 0x00,
  0x00, 0x00, 0x7F, 0xC0, 0x00, 0x00, 0x00, 0x01, 0xFF, 0x00, 0x00, 0x00,
  0x00, 0x0F, 0xFC, 0x00, 0x00, 0x00, 0x00, 0x3F, 0xF0, 0x00, 0x00, 0x00,
  0x00, 0xFF, 0xC0, 0x00, 0x00, 0x00, 0x07, 0xFF, 0x00, 0x00, 0x00, 0x00,
  0x1F, 0xFC, 0x00, 0x00, 0x00, 0x00, 0x7F, 0xF0, 0x00, 0x00, 0x00, 0x01,
  0xFF, 0xC0, 0x00, 0x00, 0x00, 0x07, 0xFF, 0x00, 0x00, 0x00, 0x00, 0x1F,
  0xFC, 0x00, 0x00, 0x00, 0x00, 0x7F, 0xF0, 0x00, 0x00, 0x00, 0x01, 0xFF,
  0xC0, 0x00, 0x00, 0x00, 0x07, 0xFF, 0x00, 0x00, 0x00, 0x00, 0x3F, 0xF8,
  0x00, 0x00, 0x00, 0x00, 0xFF, 0xE0, 0x00, 0x00, 0x00, 0x03, 0xFF, 0x80,
  0x00, 0x00, 0x00, 0x0F, 0xFE, 0x00, 0x00, 0x00, 0x00, 0x3F, 0xF8, 0x00,
  0x00, 0x00, 0x00, 0xFF, 0xE0, 0x00, 0x00, 0x00, 0x03, 0xFF, 0x80, 0x00,
  0x00, 0x00, 0x0F, 0xFE, 0x00, 0x00, 0x00, 0x00, 0x3F, 0xF8, 0x00, 0x00,
  0x00, 0x00, 0xFF, 0xE0, 0x00, 0x00, 0x00, 0x03, 0xFF, 0x80, 0x00, 0x00,
  0x00, 0x0F, 0xFE, 0x00, 0x00, 0x00, 0x00, 0x3F, 0xF8, 0x00, 0x00, 0x00,
  0x00, 0xFF, 0xE0, 0x00, 0x00, 0x00, 0x03, 0xFF, 0x80, 0x00, 0x00, 0x00,
  0x1F, 0xFE, 0x00, 0x00, 0x00, 0x00, 0x7F, 0xF0, 0x00, 0x00, 0x00, 0x00,
  0x7F, 0xC0, 0x00, 0x00, 0x00, 0x00, 0xFF, 0x00, 0x00, 0x00, 0x00, 0x01,
  0xFC, 0x00, 0x00, 0x00, 0x00, 0x03, 0xC0, 0x00, 0x00, 0x00, 0x00, 0x02,
  0x00, 0x00, 0x00, 0x00, 0x00, 0x00, 0x00, 0x00, 0x00, 0x00, 0x00, 0x00,
  0x00, 0x00, 0x00, 0x00, 0x00, 0x00, 0x00, 0x00, 0x00, 0x00, 0x06, 0x00,
  0x00, 0x00, 0x00, 0x00, 0x3C, 0x00, 0x00, 0x00, 0x00, 0x01, 0xF8, 0x00,
  0x00, 0x00, 0x00, 0x1F, 0xF0, 0x00, 0x00, 0x00, 0x00, 0xFF, 0xC0, 0x00,
  0x00, 0x00, 0x07, 0xFF, 0x00, 0x00, 0x00, 0x00, 0x3F, 0xFC, 0x00, 0x00,
  0x00, 0x00, 0xFF, 0xE0, 0x00, 0x00, 0x00, 0x03, 0xFF, 0x80, 0x00, 0x00,
  0x00, 0x0F, 0xFE, 0x00, 0x00, 0x00, 0x00, 0x3F, 0xF8, 0x00, 0x00, 0x00,
  0x00, 0xFF, 0xE0, 0x00, 0x00, 0x00, 0x03, 0xFF, 0x80, 0x00, 0x00, 0x00,
  0x0F, 0xFE, 0x00, 0x00, 0x00, 0x00, 0x3F, 0xF8, 0x00, 0x00, 0x00, 0x00,
  0xFF, 0xE0, 0x00, 0x00, 0x00, 0x03, 0xFF, 0x80, 0x00, 0x00, 0x00, 0x0F,
  0xFE, 0x00, 0x00, 0x00, 0x00, 0x3F, 0xF8, 0x00, 0x00, 0x00, 0x00, 0xFF,
  0xE0, 0x00, 0x00, 0x00, 0x03, 0xFF, 0x80, 0x00, 0x00, 0x00, 0x1F, 0xFE,
  0x00, 0x00, 0x00, 0x00, 0x7F, 0xF8, 0x00, 0x00, 0x00, 0x01, 0xFF, 0xE0,
  0x00, 0x00, 0x00, 0x07, 0xFF, 0x00, 0x00, 0x00, 0x00, 0x1F, 0xFC, 0x00,
  0x00, 0x00, 0x00, 0x7F, 0xF0, 0x00, 0x00, 0x00, 0x01, 0xFF, 0xC0, 0x00,
  0x00, 0x00, 0x07, 0xFF, 0x00, 0x00, 0x00, 0x00, 0x1F, 0xFC, 0x00, 0x00,
  0x00, 0x00, 0x7F, 0xF0, 0x00, 0x00, 0x00, 0x01, 0xFF, 0xC0, 0x03, 0xFF,
  0xFF, 0xE3, 0xFF, 0x00, 0x1F, 0xFF, 0xFF, 0xCF, 0xFC, 0x00, 0xFF, 0xFF,
  0xFF, 0x3F, 0xF0, 0x07, 0xFF, 0xFF, 0xFC, 0x7F, 0x80, 0x3F, 0xFF, 0xFF,
  0xF9, 0xFE, 0x01, 0xFF, 0xFF, 0xFF, 0xE7, 0xF0, 0x0F, 0xFF, 0xFF, 0xFF,
  0x9F, 0xC0, 0x7F, 0xFF, 0xFF, 0xFE, 0x3E, 0x03, 0xFF, 0xFF, 0xFF, 0xFC,
  0xF0, 0x07, 0xFF, 0xFF, 0xFF, 0xF3, 0x00, 0x07, 0xFF, 0xFF, 0xFF, 0xC0,
  0x00, 0x00, 0x07, 0xFF, 0xFF, 0xFF, 0xC0, 0x00, 0x1F, 0xFF, 0xFF, 0xFF,
  0x80, 0x00, 0x7F, 0xFF, 0xFF, 0xFF, 0x80, 0x00, 0x3F, 0xFF, 0xFF, 0xFF,
  0x80, 0x01, 0x1F, 0xFF, 0xFF, 0xFF, 0x00, 0x03, 0x8F, 0xFF, 0xFF, 0xFF,
  0x00, 0x03, 0xC7, 0xFF, 0xFF, 0xFE, 0x00, 0x07, 0xE3, 0xFF, 0xFF, 0xFE,
  0x00, 0x07, 0xF1, 0xFF, 0xFF, 0xFC, 0x00, 0x07, 0xF8, 0xFF, 0xFF, 0xFC,
  0x00, 0x07, 0xFC, 0x7F, 0xFF, 0xFC, 0x00, 0x07, 0xFC, 0x00, 0x00, 0x00,
  0x00, 0x07, 0xFE, 0x00, 0x00, 0x00, 0x00, 0x0F, 0xFF, 0x00, 0x00, 0x00,
  0x00, 0x0F, 0xFF, 0x00, 0x00, 0x00, 0x00, 0x0F, 0xFE, 0x00, 0x00, 0x00,
  0x00, 0x0F, 0xFE, 0x00, 0x00, 0x00, 0x00, 0x0F, 0xFE, 0x00, 0x00, 0x00,
  0x00, 0x0F, 0xFE, 0x00, 0x00, 0x00, 0x00, 0x0F, 0xFE, 0x00, 0x00, 0x00,
  0x00, 0x0F, 0xFE, 0x00, 0x00, 0x00, 0x00, 0x0F, 0xFE, 0x00, 0x00, 0x00,
  0x00, 0x0F, 0xFE, 0x00, 0x00, 0x00, 0x00, 0x0F, 0xFE, 0x00, 0x00, 0x00,
  0x00, 0x0F, 0xFE, 0x00, 0x00, 0x00, 0x00, 0x0F, 0xFE, 0x00, 0x00, 0x00,
  0x00, 0x0F, 0xFE, 0x00, 0x00, 0x00, 0x00, 0x0F, 0xFE, 0x00, 0x00, 0x00,
  0x00, 0x0F, 0xFE, 0x00, 0x00, 0x00, 0x00, 0x1F, 0xFE, 0x00, 0x00, 0x00,
  0x00, 0x1F, 0xFC, 0x00, 0x00, 0x00, 0x00, 0x1F, 0xFC, 0x00, 0x00, 0x00,
  0x00, 0x1F, 0xFC, 0x00, 0x00, 0x00, 0x00, 0x1F, 0xFC, 0x00, 0x00, 0x00,
  0x00, 0x1F, 0xFC, 0x00, 0x00, 0x00, 0x00, 0x1F, 0xFC, 0x00, 0x00, 0x00,
  0x00, 0x1F, 0xFC, 0x00, 0x00, 0x00, 0x00, 0x1F, 0xFC, 0x00, 0x00, 0x00,
  0x00, 0x1F, 0xF8, 0x00, 0x00, 0x00, 0x00, 0x1F, 0xE1, 0xFF, 0xFF, 0xF0,
  0x00, 0x1F, 0xC7, 0xFF, 0xFF, 0xFC, 0x00, 0x07, 0x0F, 0xFF, 0xFF, 0xFE,
  0x00, 0x02, 0x1F, 0xFF, 0xFF, 0xFF, 0x00, 0x00, 0x7F, 0xFF, 0xFF, 0xFF,
  0x80, 0x00, 0xFF, 0xFF, 0xFF, 0xFF, 0xE0, 0x00, 0x7F, 0xFF, 0xFF, 0xFF,
  0x80, 0x06, 0x3F, 0xFF, 0xFF, 0xFF, 0x18, 0x0F, 0x0F, 0xFF, 0xFF, 0xFE,
  0x3C, 0x1F, 0x87, 0xFF, 0xFF, 0xF8, 0x7E, 0x3F, 0xE3, 0xFF, 0xFF, 0xF1,
  0xFF, 0x3F, 0xF0, 0x00, 0x00, 0x03, 0xFF, 0x3F, 0xF8, 0x00, 0x00, 0x07,
  0xFF, 0x3F, 0xF8, 0x00, 0x00, 0x0F, 0xFF, 0x3F, 0xF8, 0x00, 0x00, 0x0F,
  0xFE, 0x3F, 0xF8, 0x00, 0x00, 0x0F, 0xFE, 0x3F, 0xF8, 0x00, 0x00, 0x0F,
  0xFE, 0x3F, 0xF8, 0x00, 0x00, 0x0F, 0xFE, 0x3F, 0xF8, 0x00, 0x00, 0x0F,
  0xFE, 0x3F, 0xF8, 0x00, 0x00, 0x0F, 0xFE, 0x3F, 0xF8, 0x00, 0x00, 0x0F,
  0xFE, 0x3F, 0xF8, 0x00, 0x00, 0x0F, 0xFE, 0x7F, 0xF8, 0x00, 0x00, 0x0F,
  0xFE, 0x7F, 0xF0, 0x00, 0x00, 0x0F, 0xFE, 0x7F, 0xF0, 0x00, 0x00, 0x0F,
  0xFE, 0x7F, 0xF0, 0x00, 0x00, 0x0F, 0xFE, 0x7F, 0xF0, 0x00, 0x00, 0x0F,
  0xFE, 0x7F, 0xF0, 0x00, 0x00, 0x0F, 0xFE, 0x7F, 0xF0, 0x00, 0x00, 0x1F,
  0xFE, 0x7F, 0xF0, 0x00, 0x00, 0x1F, 0xFE, 0x7F, 0xF0, 0x00, 0x00, 0x1F,
  0xFE, 0x7F, 0xF0, 0x00, 0x00, 0x1F, 0xFC, 0x7F, 0xF0, 0x00, 0x00, 0x1F,
  0xFC, 0x7F, 0xF0, 0x00, 0x00, 0x1F, 0xFC, 0x7F, 0xF0, 0x00, 0x00, 0x1F,
  0xFC, 0x7F, 0xF0, 0x00, 0x00, 0x1F, 0xFC, 0x7F, 0xF0, 0x00, 0x00, 0x1F,
  0xFC, 0x7F, 0xE0, 0x00, 0x00, 0x1F, 0xFC, 0x7F, 0xC0, 0x00, 0x00, 0x1F,
  0xFC, 0xFF, 0x80, 0x00, 0x00, 0x0F, 0xFC, 0xFF, 0x00, 0x00, 0x00, 0x0F,
  0xFC, 0x7E, 0x00, 0x00, 0x00, 0x0F, 0xFC, 0x7C, 0x00, 0x00, 0x00, 0x07,
  0xF8, 0x78, 0x00, 0x00, 0x00, 0x07, 0xF8, 0x70, 0x00, 0x00, 0x00, 0x07,
  0xF0, 0x20, 0x00, 0x00, 0x00, 0x07, 0xF0, 0x00, 0x00, 0x00, 0x00, 0x03,
  0xE0, 0x00, 0x00, 0x00, 0x00, 0x03, 0xC0, 0x00, 0x00, 0x00, 0x00, 0x03,
  0x00, 0x01, 0x00, 0x00, 0x00, 0x00, 0x38, 0x00, 0x00, 0x00, 0x03, 0xC0,
  0x00, 0x00, 0x00, 0x7E, 0x00, 0x00, 0x00, 0x07, 0xF0, 0x00, 0x00, 0x00,
  0x7F, 0x80, 0x00, 0x00, 0x07, 0xFC, 0x00, 0x00, 0x00, 0x7F, 0xC0, 0x00,
  0x00, 0x07, 0xFE, 0x00, 0x00, 0x00, 0xFF, 0xF0, 0x00, 0x00, 0x0F, 0xFF,
  0x00, 0x00, 0x00, 0xFF, 0xE0, 0x00, 0x00, 0x0F, 0xFE, 0x00, 0x00, 0x00,
  0xFF, 0xE0, 0x00, 0x00, 0x0F, 0xFE, 0x00, 0x00, 0x00, 0xFF, 0xE0, 0x00,
  0x00, 0x0F, 0xFE, 0x00, 0x00, 0x00, 0xFF, 0xE0, 0x00, 0x00, 0x0F, 0xFE,
  0x00, 0x00, 0x00, 0xFF, 0xE0, 0x00, 0x00, 0x0F, 0xFE, 0x00, 0x00, 0x00,
  0xFF, 0xE0, 0x00, 0x00, 0x0F, 0xFE, 0x00, 0x00, 0x00, 0xFF, 0xE0, 0x00,
  0x00, 0x0F, 0xFE, 0x00, 0x00, 0x01, 0xFF, 0xE0, 0x00, 0x00, 0x1F, 0xFC,
  0x00, 0x00, 0x01, 0xFF, 0xC0, 0x00, 0x00, 0x1F, 0xFC, 0x00, 0x00, 0x01,
  0xFF, 0xC0, 0x00, 0x00, 0x1F, 0xFC, 0x00, 0x00, 0x01, 0xFF, 0xC0, 0x00,
  0x00, 0x1F, 0xFC, 0x00, 0x00, 0x01, 0xFF, 0xC0, 0x00, 0x00, 0x1F, 0xF8,
  0x00, 0x00, 0x01, 0xFE, 0x00, 0x00, 0x00, 0x1F, 0xC0, 0x00, 0x00, 0x00,
  0x70, 0x00, 0x00, 0x00, 0x02, 0x00, 0x00, 0x00, 0x00, 0x00, 0x00, 0x00,
  0x00, 0x00, 0x00, 0x00, 0x00, 0x00, 0x00, 0x00, 0x00, 0x00, 0x06, 0x00,
  0x00, 0x00, 0x00, 0xF0, 0x00, 0x00, 0x00, 0x1F, 0x80, 0x00, 0x00, 0x03,
  0xFE, 0x00, 0x00, 0x00, 0x3F, 0xF0, 0x00, 0x00, 0x03, 0xFF, 0x80, 0x00,
  0x00, 0x3F, 0xF8, 0x00, 0x00, 0x03, 0xFF, 0x80, 0x00, 0x00, 0x3F, 0xF8,
  0x00, 0x00, 0x03, 0xFF, 0x80, 0x00, 0x00, 0x3F, 0xF8, 0x00, 0x00, 0x03,
  0xFF, 0x80, 0x00, 0x00, 0x3F, 0xF8, 0x00, 0x00, 0x03, 0xFF, 0x80, 0x00,
  0x00, 0x3F, 0xF8, 0x00, 0x00, 0x07, 0xFF, 0x80, 0x00, 0x00, 0x7F, 0xF0,
  0x00, 0x00, 0x07, 0xFF, 0x00, 0x00, 0x00, 0x7F, 0xF0, 0x00, 0x00, 0x07,
  0xFF, 0x00, 0x00, 0x00, 0x7F, 0xF0, 0x00, 0x00, 0x07, 0xFF, 0x00, 0x00,
  0x00, 0x7F, 0xF0, 0x00, 0x00, 0x07, 0xFF, 0x00, 0x00, 0x00, 0x7F, 0xF0,
  0x00, 0x00, 0x07, 0xFF, 0x00, 0x00, 0x00, 0x7F, 0xF0, 0x00, 0x00, 0x07,
  0xFF, 0x00, 0x00, 0x00, 0x7F, 0xF0, 0x00, 0x00, 0x07, 0xFF, 0x00, 0x00,
  0x00, 0x7F, 0xE0, 0x00, 0x00, 0x07, 0xFC, 0x00, 0x00, 0x00, 0xFF, 0x8F,
  0xFF, 0xFF, 0x8F, 0xF1, 0xFF, 0xFF, 0xFC, 0x7E, 0x3F, 0xFF, 0xFF, 0xC7,
  0xC7, 0xFF, 0xFF, 0xFC, 0x78, 0xFF, 0xFF, 0xFF, 0xE7, 0x1F, 0xFF, 0xFF,
  0xFE, 0x23, 0xFF, 0xFF, 0xFF, 0xE0, 0x7F, 0xFF, 0xFF, 0xFE, 0x0F, 0xFF,
  0xFF, 0xFF, 0xF0, 0x7F, 0xFF, 0xFF, 0xFF, 0x01, 0xFF, 0xFF, 0xFF, 0xF0,
  0x00, 0x07, 0xFF, 0xFF, 0xFF, 0xC0, 0x00, 0x1F, 0xFF, 0xFF, 0xFF, 0x80,
  0x00, 0x7F, 0xFF, 0xFF, 0xFF, 0x80, 0x00, 0x3F, 0xFF, 0xFF, 0xFF, 0x80,
  0x00, 0x1F, 0xFF, 0xFF, 0xFF, 0x00, 0x00, 0x0F, 0xFF, 0xFF, 0xFF, 0x00,
  0x00, 0x07, 0xFF, 0xFF, 0xFE, 0x00, 0x00, 0x03, 0xFF, 0xFF, 0xFE, 0x00,
  0x00, 0x01, 0xFF, 0xFF, 0xFC, 0x00, 0x00, 0x00, 0xFF, 0xFF, 0xFC, 0x00,
  0x00, 0x00, 0x7F, 0xFF, 0xFC, 0x00, 0x00, 0x00, 0x00, 0x00, 0x00, 0x00,
  0x00, 0x00, 0x00, 0x00, 0x00, 0x00, 0x00, 0x00, 0x00, 0x00, 0x00, 0x00,
  0x00, 0x00, 0x00, 0x00, 0x00, 0x00, 0x00, 0x00, 0x00, 0x00, 0x00, 0x00,
  0x00, 0x00, 0x00, 0x00, 0x00, 0x00, 0x00, 0x00, 0x00, 0x00, 0x00, 0x00,
  0x00, 0x00, 0x00, 0x00, 0x00, 0x00, 0x00, 0x00, 0x00, 0x00, 0x00, 0x00,
  0x00, 0x00, 0x00, 0x00, 0x00, 0x00, 0x00, 0x00, 0x00, 0x00, 0x00, 0x00,
  0x00, 0x00, 0x00, 0x00, 0x00, 0x00, 0x00, 0x00, 0x00, 0x00, 0x00, 0x00,
  0x00, 0x00, 0x00, 0x00, 0x00, 0x00, 0x00, 0x00, 0x00, 0x00, 0x00, 0x00,
  0x00, 0x00, 0x00, 0x00, 0x00, 0x00, 0x00, 0x00, 0x00, 0x00, 0x00, 0x00,
  0x00, 0x00, 0x00, 0x00, 0x00, 0x00, 0x00, 0x00, 0x00, 0x00, 0x00, 0x00,
  0x00, 0x00, 0x00, 0x00, 0x00, 0x00, 0x00, 0x00, 0x00, 0x00, 0x00, 0x00,
  0x00, 0x00, 0x00, 0x00, 0x00, 0x00, 0x00, 0x00, 0x00, 0x00, 0x00, 0x00,
  0x00, 0x00, 0x00, 0x00, 0x00, 0x00, 0x00, 0x00, 0x00, 0x00, 0x00, 0x00,
  0x00, 0x00, 0x00, 0x00, 0x00, 0x00, 0x00, 0x00, 0x00, 0x00, 0x00, 0x00,
  0x00, 0x00, 0x00, 0x00, 0x00, 0x00, 0x00, 0x01, 0xFF, 0xFF, 0xF0, 0x00,
  0x00, 0x07, 0xFF, 0xFF, 0xFC, 0x00, 0x00, 0x0F, 0xFF, 0xFF, 0xFE, 0x00,
  0x00, 0x1F, 0xFF, 0xFF, 0xFF, 0x00, 0x00, 0x7F, 0xFF, 0xFF, 0xFF, 0x80,
  0x00, 0xFF, 0xFF, 0xFF, 0xFF, 0xE0, 0x00, 0x7F, 0xFF, 0xFF, 0xFF, 0x80,
  0x06, 0x3F, 0xFF, 0xFF, 0xFF, 0x18, 0x0F, 0x0F, 0xFF, 0xFF, 0xFE, 0x3C,
  0x1F, 0x87, 0xFF, 0xFF, 0xF8, 0x7E, 0x3F, 0xE3, 0xFF, 0xFF, 0xF1, 0xFF,
  0x3F, 0xF0, 0x00, 0x00, 0x03, 0xFF, 0x3F, 0xF8, 0x00, 0x00, 0x07, 0xFF,
  0x3F, 0xF8, 0x00, 0x00, 0x0F, 0xFF, 0x3F, 0xF8, 0x00, 0x00, 0x0F, 0xFE,
  0x3F, 0xF8, 0x00, 0x00, 0x0F, 0xFE, 0x3F, 0xF8, 0x00, 0x00, 0x0F, 0xFE,
  0x3F, 0xF8, 0x00, 0x00, 0x0F, 0xFE, 0x3F, 0xF8, 0x00, 0x00, 0x0F, 0xFE,
  0x3F, 0xF8, 0x00, 0x00, 0x0F, 0xFE, 0x3F, 0xF8, 0x00, 0x00, 0x0F, 0xFE,
  0x3F, 0xF8, 0x00, 0x00, 0x0F, 0xFE, 0x7F, 0xF8, 0x00, 0x00, 0x0F, 0xFE,
  0x7F, 0xF0, 0x00, 0x00, 0x0F, 0xFE, 0x7F, 0xF0, 0x00, 0x00, 0x0F, 0xFE,
  0x7F, 0xF0, 0x00, 0x00, 0x0F, 0xFE, 0x7F, 0xF0, 0x00, 0x00, 0x0F, 0xFE,
  0x7F, 0xF0, 0x00, 0x00, 0x0F, 0xFE, 0x7F, 0xF0, 0x00, 0x00, 0x1F, 0xFE,
  0x7F, 0xF0, 0x00, 0x00, 0x1F, 0xFE, 0x7F, 0xF0, 0x00, 0x00, 0x1F, 0xFE,
  0x7F, 0xF0, 0x00, 0x00, 0x1F, 0xFC, 0x7F, 0xF0, 0x00, 0x00, 0x1F, 0xFC,
  0x7F, 0xF0, 0x00, 0x00, 0x1F, 0xFC, 0x7F, 0xF0, 0x00, 0x00, 0x1F, 0xFC,
  0x7F, 0xF0, 0x00, 0x00, 0x1F, 0xFC, 0x7F, 0xF0, 0x00, 0x00, 0x1F, 0xFC,
  0x7F, 0xE0, 0x00, 0x00, 0x1F, 0xFC, 0x7F, 0xC0, 0x00, 0x00, 0x1F, 0xFC,
  0xFF, 0x80, 0x00, 0x00, 0x0F, 0xFC, 0xFF, 0x00, 0x00, 0x00, 0x0F, 0xFC,
  0x7E, 0x00, 0x00, 0x00, 0x0F, 0xFC, 0x7C, 0x00, 0x00, 0x00, 0x07, 0xF8,
  0x78, 0x00, 0x00, 0x00, 0x07, 0xF8, 0x70, 0x00, 0x00, 0x00, 0x07, 0xF0,
  0x20, 0x00, 0x00, 0x00, 0x07, 0xF0, 0x00, 0x00, 0x00, 0x00, 0x03, 0xE0,
  0x00, 0x00, 0x00, 0x00, 0x03, 0xC0, 0x00, 0x00, 0x00, 0x00, 0x03, 0x00,
  0x00, 0x01, 0xFF, 0xFF, 0xF0, 0x00, 0x00, 0x07, 0xFF, 0xFF, 0xFC, 0x00,
  0x00, 0x0F, 0xFF, 0xFF, 0xFE, 0x00, 0x00, 0x1F, 0xFF, 0xFF, 0xFF, 0x00,
  0x00, 0x7F, 0xFF, 0xFF, 0xFF, 0x80, 0x00, 0xFF, 0xFF, 0xFF, 0xFF, 0xE0,
  0x00, 0x7F, 0xFF, 0xFF, 0xFF, 0x80, 0x06, 0x3F, 0xFF, 0xFF, 0xFF, 0x18,
  0x0F, 0x0F, 0xFF, 0xFF, 0xFE, 0x3C, 0x1F, 0x87, 0xFF, 0xFF, 0xF8, 0x7E,
  0x3F, 0xE3, 0xFF, 0xFF, 0xF1, 0xFF, 0x3F, 0xF0, 0x00, 0x00, 0x03, 0xFF,
  0x3F, 0xF8, 0x00, 0x00, 0x07, 0xFF, 0x3F, 0xF8, 0x00, 0x00, 0x0F, 0xFF,
  0x3F, 0xF8, 0x00, 0x00, 0x0F, 0xFE, 0x3F, 0xF8, 0x00, 0x00, 0x0F, 0xFE,
  0x3F, 0xF8, 0x00, 0x00, 0x0F, 0xFE, 0x3F, 0xF8, 0x00, 0x00, 0x0F, 0xFE,
  0x3F, 0xF8, 0x00, 0x00, 0x0F, 0xFE, 0x3F, 0xF8, 0x00, 0x00, 0x0F, 0xFE,
  0x3F, 0xF8, 0x00, 0x00, 0x0F, 0xFE, 0x3F, 0xF8, 0x00, 0x00, 0x0F, 0xFE,
  0x7F, 0xF8, 0x00, 0x00, 0x0F, 0xFE, 0x7F, 0xF0, 0x00, 0x00, 0x0F, 0xFE,
  0x7F, 0xF0, 0x00, 0x00, 0x0F, 0xFE, 0x7F, 0xF0, 0x00, 0x00, 0x0F, 0xFE,
  0x7F, 0xF0, 0x00, 0x00, 0x0F, 0xFE, 0x7F, 0xF0, 0x00, 0x00, 0x0F, 0xFE,
  0x7F, 0xF0, 0x00, 0x00, 0x1F, 0xFE, 0x7F, 0xF0, 0x00, 0x00, 0x1F, 0xFE,
  0x7F, 0xF0, 0x00, 0x00, 0x1F, 0xFE, 0x7F, 0xF0, 0x00, 0x00, 0x1F, 0xFC,
  0x7F, 0xF0, 0x00, 0x00, 0x1F, 0xFC, 0x7F, 0xF0, 0x00, 0x00, 0x1F, 0xFC,
  0x7F, 0xF0, 0x00, 0x00, 0x1F, 0xFC, 0x7F, 0xF0, 0x00, 0x00, 0x1F, 0xFC,
  0x7F, 0xF0, 0x00, 0x00, 0x1F, 0xFC, 0x7F, 0xE0, 0x00, 0x00, 0x1F, 0xFC,
  0x7F, 0xC0, 0x00, 0x00, 0x1F, 0xFC, 0xFF, 0x80, 0x00, 0x00, 0x0F, 0xFC,
  0xFF, 0x00, 0x00, 0x00, 0x0F, 0xFC, 0x7E, 0x00, 0x00, 0x00, 0x0F, 0xFC,
  0x7C, 0x00, 0x00, 0x00, 0x07, 0xF8, 0x78, 0x00, 0x00, 0x00, 0x07, 0xF8,
  0x70, 0x00, 0x00, 0x00, 0x07, 0xF0, 0x20, 0x00, 0x00, 0x00, 0x07, 0xF0,
  0x00, 0x00, 0x00, 0x00, 0x03, 0xE0, 0x00, 0x00, 0x00, 0x00, 0x03, 0xC0,
  0x00, 0x00, 0x00, 0x00, 0x03, 0x00, 0x00, 0x01, 0xFF, 0xFF, 0xF0, 0x00,
  0x00, 0x07, 0xFF, 0xFF, 0xFC, 0x00, 0x00, 0x0F, 0xFF, 0xFF, 0xFE, 0x00,
  0x00, 0x1F, 0xFF, 0xFF, 0xFF, 0x00, 0x00, 0x7F, 0xFF, 0xFF, 0xFF, 0x80,
  0x00, 0xFF, 0xFF, 0xFF, 0xFF, 0xE0, 0x00, 0x7F, 0xFF, 0xFF, 0xFF, 0x80,
  0x06, 0x3F, 0xFF, 0xFF, 0xFF, 0x18, 0x0F, 0x0F, 0xFF, 0xFF, 0xFE, 0x3C,
  0x1F, 0x87, 0xFF, 0xFF, 0xF8, 0x7E, 0x3F, 0xE3, 0xFF, 0xFF, 0xF1, 0xFF,
  0x3F, 0xF0, 0x00, 0x00, 0x03, 0xFF, 0x3F, 0xF8, 0x00, 0x00, 0x07, 0xFF,
  0x3F, 0xF8, 0x00, 0x00, 0x0F, 0xFF, 0x3F, 0xF8, 0x00, 0x00, 0x0F, 0xFE,
  0x3F, 0xF8, 0x00, 0x00, 0x0F, 0xFE, 0x3F, 0xF8, 0x00, 0x00, 0x0F, 0xFE,
  0x3F, 0xF8, 0x00, 0x00, 0x0F, 0xFE, 0x3F, 0xF8, 0x00, 0x00, 0x0F, 0xFE,
  0x3F, 0xF8, 0x00, 0x00, 0x0F, 0xFE, 0x3F, 0xF8, 0x00, 0x00, 0x0F, 0xFE,
  0x3F, 0xF8, 0x00, 0x00, 0x0F, 0xFE, 0x7F, 0xF8, 0x00, 0x00, 0x0F, 0xFE,
  0x7F, 0xF0, 0x00, 0x00, 0x0F, 0xFE, 0x7F, 0xF0, 0x00, 0x00, 0x0F, 0xFE,
  0x7F, 0xF0, 0x00, 0x00, 0x0F, 0xFE, 0x7F, 0xF0, 0x00, 0x00, 0x0F, 0xFE,
  0x7F, 0xF0, 0x00, 0x00, 0x0F, 0xFE, 0x7F, 0xF0, 0x00, 0x00, 0x1F, 0xFE,
  0x7F, 0xF0, 0x00, 0x00, 0x1F, 0xFE, 0x7F, 0xF0, 0x00, 0x00, 0x1F, 0xFE,
  0x7F, 0xF0, 0x00, 0x00, 0x1F, 0xFC, 0x7F, 0xF0, 0x00, 0x00, 0x1F, 0xFC,
  0x7F, 0xF0, 0x00, 0x00, 0x1F, 0xFC, 0x7F, 0xF0, 0x00, 0x00, 0x1F, 0xFC,
  0x7F, 0xF0, 0x00, 0x00, 0x1F, 0xFC, 0x7F, 0xF0, 0x00, 0x00, 0x1F, 0xFC,
  0x7F, 0xE0, 0x00, 0x00, 0x1F, 0xFC, 0x7F, 0xC0, 0x00, 0x00, 0x1F, 0xFC,
  0xFF, 0x8F, 0xFF, 0xFF, 0x8F, 0xFC, 0xFF, 0x1F, 0xFF, 0xFF, 0xCF, 0xFC,
  0x7E, 0x3F, 0xFF, 0xFF, 0xCF, 0xFC, 0x7C, 0x7F, 0xFF, 0xFF, 0xC7, 0xF8,
  0x78, 0xFF, 0xFF, 0xFF, 0xE7, 0xF8, 0x71, 0xFF, 0xFF, 0xFF, 0xE7, 0xF0,
  0x23, 0xFF, 0xFF, 0xFF, 0xE7, 0xF0, 0x07, 0xFF, 0xFF, 0xFF, 0xE3, 0xE0,
  0x0F, 0xFF, 0xFF, 0xFF, 0xF3, 0xC0, 0x07, 0xFF, 0xFF, 0xFF, 0xF3, 0x00,
  0x01, 0xFF, 0xFF, 0xFF, 0xF0, 0x00, 0x00, 0x07, 0xFF, 0xFF, 0xFF, 0xC0,
  0x00, 0x07, 0xFF, 0xFF, 0xFF, 0xE2, 0x00, 0x07, 0xFF, 0xFF, 0xFF, 0xF9,
  0xE0, 0x00, 0xFF, 0xFF, 0xFF, 0xFE, 0x7C, 0x01, 0x1F, 0xFF, 0xFF, 0xFF,
  0x1F, 0x00, 0xE3, 0xFF, 0xFF, 0xFF, 0xCF, 0xE0, 0x3C, 0x7F, 0xFF, 0xFF,
  0xE3, 0xF8, 0x1F, 0x8F, 0xFF, 0xFF, 0xF9, 0xFF, 0x07, 0xF1, 0xFF, 0xFF,
  0xFC, 0x7F, 0xC1, 0xFE, 0x3F, 0xFF, 0xFF, 0x3F, 0xF0, 0x7F, 0xC7, 0xFF,
  0xFF, 0xCF, 0xFC, 0x1F, 0xF0, 0x00, 0x00, 0x03, 0xFF, 0x07, 0xFE, 0x00,
  0x00, 0x01, 0xFF, 0xC3, 0xFF, 0xC0, 0x00, 0x00, 0x7F, 0xF0, 0xFF, 0xF0,
  0x00, 0x00, 0x1F, 0xFC, 0x3F, 0xF8, 0x00, 0x00, 0x07, 0xFF, 0x0F, 0xFE,
  0x00, 0x00, 0x01, 0xFF, 0xC3, 0xFF, 0x80, 0x00, 0x00, 0x7F, 0xF0, 0xFF,
  0xE0, 0x00, 0x00, 0x1F, 0xFC, 0x3F, 0xF8, 0x00, 0x00, 0x07, 0xFF, 0x0F,
  0xFE, 0x00, 0x00, 0x01, 0xFF, 0xC3, 0xFF, 0x80, 0x00, 0x00, 0xFF, 0xE0,
  0xFF, 0xE0, 0x00, 0x00, 0x3F, 0xF8, 0x3F, 0xF8, 0x00, 0x00, 0x0F, 0xFE,
  0x0F, 0xFE, 0x00, 0x00, 0x03, 0xFF, 0x83, 0xFF, 0x80, 0x00, 0x00, 0xFF,
  0xE0, 0xFF, 0xE0, 0x00, 0x00, 0x3F, 0xF8, 0x3F, 0xF8, 0x00, 0x00, 0x0F,
  0xFE, 0x0F, 0xFE, 0x00, 0x00, 0x03, 0xFF, 0x87, 0xFF, 0x80, 0x00, 0x00,
  0xFF, 0xE1, 0xFF, 0xC0, 0x00, 0x00, 0x3F, 0xF8, 0x7F, 0xF0, 0x00, 0x00,
  0x0F, 0xFE, 0x1F, 0xFC, 0x00, 0x00, 0x03, 0xFF, 0x87, 0xFF, 0x00, 0x00,
  0x00, 0xFF, 0xE1, 0xFF, 0xC0, 0x00, 0x00, 0x3F, 0xF8, 0x7F, 0xF0, 0x00,
  0x00, 0x0F, 0xFE, 0x1F, 0xFC, 0x00, 0x00, 0x07, 0xFF, 0x87, 0xFF, 0x00,
  0x00, 0x01, 0xFF, 0xC1, 0xFF, 0x80, 0x00, 0x00, 0x1F, 0xF0, 0x7F, 0x87,
  0xFF, 0xFF, 0xC3, 0xFC, 0x1F, 0xC7, 0xFF, 0xFF, 0xFC, 0x7F, 0x01, 0xC3,
  0xFF, 0xFF, 0xFF, 0x8F, 0x00, 0x21, 0xFF, 0xFF, 0xFF, 0xF0, 0x80, 0x01,
  0xFF, 0xFF, 0xFF, 0xFE, 0x00, 0x00, 0xFF, 0xFF, 0xFF, 0xFF, 0xE0, 0x00,
  0x1F, 0xFF, 0xFF, 0xFF, 0xE0, 0x00, 0x63, 0xFF, 0xFF, 0xFF, 0xF0, 0x00,
  0x3C, 0x3F, 0xFF, 0xFF, 0xF8, 0x00, 0x1F, 0x87, 0xFF, 0xFF, 0xF8, 0x00,
  0x0F, 0xF8, 0xFF, 0xFF, 0xFC, 0x00, 0x03, 0xFF, 0x00, 0x00, 0x00, 0x00,
  0x00, 0xFF, 0xE0, 0x00, 0x00, 0x00, 0x00, 0x3F, 0xF8, 0x00, 0x00, 0x00,
  0x00, 0x0F, 0xFE, 0x00, 0x00, 0x00, 0x00, 0x03, 0xFF, 0x80, 0x00, 0x00,
  0x00, 0x00, 0xFF, 0xE0, 0x00, 0x00, 0x00, 0x00, 0x3F, 0xF8, 0x00, 0x00,
  0x00, 0x00, 0x0F, 0xFE, 0x00, 0x00, 0x00, 0x00, 0x03, 0xFF, 0x80, 0x00,
  0x00, 0x00, 0x00, 0xFF, 0xE0, 0x00, 0x00, 0x00, 0x00, 0x3F, 0xF8, 0x00,
  0x00, 0x00, 0x00, 0x1F, 0xFE, 0x00, 0x00, 0x00, 0x00, 0x07, 0xFF, 0x00,
  0x00, 0x00, 0x00, 0x01, 0xFF, 0xC0, 0x00, 0x00, 0x00, 0x00, 0x7F, 0xF0,
  0x00, 0x00, 0x00, 0x00, 0x1F, 0xFC, 0x00, 0x00, 0x00, 0x00, 0x07, 0xFF,
  0x00, 0x00, 0x00, 0x00, 0x01, 0xFF, 0xC0, 0x00, 0x00, 0x00, 0x00, 0x7F,
  0xF0, 0x00, 0x00, 0x00, 0x00, 0x1F, 0xFC, 0x00, 0x00, 0x00, 0x00, 0x07,
  0xFF, 0x00, 0x00, 0x00, 0x00, 0x01, 0xFF, 0xC0, 0x00, 0x00, 0x00, 0x00,
  0x7F, 0xF0, 0x00, 0x00, 0x00, 0x00, 0x1F, 0xFC, 0x00, 0x00, 0x00, 0x00,
  0x07, 0xFF, 0x00, 0x00, 0x00, 0x00, 0x01, 0xFF, 0xC0, 0x00, 0x00, 0x00,
  0x00, 0x7F, 0xE0, 0x00, 0x00, 0x00, 0x00, 0x1F, 0xF0, 0x00, 0x00, 0x00,
  0x00, 0x0F, 0xF8, 0x00, 0x00, 0x00, 0x00, 0x03, 0xFC, 0x00, 0x00, 0x00,
  0x00, 0x00, 0x7E, 0x00, 0x00, 0x00, 0x00, 0x00, 0x1F, 0x00, 0x00, 0x00,
  0x00, 0x00, 0x07, 0x80, 0x00, 0x00, 0x00, 0x00, 0x01, 0xC0, 0x00, 0x00,
  0x00, 0x00, 0x00, 0x20, 0x00, 0x00, 0x00, 0x00, 0x00, 0x00, 0x00, 0x3F,
  0xFF, 0xFF, 0xFE, 0x00, 0x01, 0xFF, 0xFF, 0xFF, 0xF8, 0x80, 0x0F, 0xFF,
  0xFF, 0xFF, 0xF3, 0xC0, 0x0F, 0xFF, 0xFF, 0xFF, 0xE7, 0xC0, 0x8F, 0xFF,
  0xFF, 0xFF, 0x8F, 0x83, 0x8F, 0xFF, 0xFF, 0xFF, 0x3F, 0x87, 0x8F, 0xFF,
  0xFF, 0xFC, 0x7F, 0x1F, 0x8F, 0xFF, 0xFF, 0xF9, 0xFF, 0x3F, 0x8F, 0xFF,
  0xFF, 0xE3, 0xFE, 0x7F, 0x8F, 0xFF, 0xFF, 0xCF, 0xFC, 0xFF, 0x8F, 0xFF,
  0xFF, 0x9F, 0xF9, 0xFF, 0x00, 0x00, 0x00, 0x3F, 0xF3, 0xFF, 0x00, 0x00,
  0x00, 0xFF, 0xEF, 0xFF, 0x00, 0x00, 0x01, 0xFF, 0xDF, 0xFE, 0x00, 0x00,
  0x03, 0xFF, 0xBF, 0xF8, 0x00, 0x00, 0x07, 0xFF, 0x7F, 0xF0, 0x00, 0x00,
  0x0F, 0xFE, 0xFF, 0xE0, 0x00, 0x00, 0x1F, 0xFD, 0xFF, 0xC0, 0x00, 0x00,
  0x3F, 0xFB, 0xFF, 0x80, 0x00, 0x00, 0x7F, 0xF7, 0xFF, 0x00, 0x00, 0x00,
  0xFF, 0xEF, 0xFE, 0x00, 0x00, 0x03, 0xFF, 0x9F, 0xFC, 0x00, 0x00, 0x07,
  0xFF, 0x3F, 0xF8, 0x00, 0x00, 0x0F, 0xFE, 0x7F, 0xF0, 0x00, 0x00, 0x1F,
  0xFC, 0xFF, 0xE0, 0x00, 0x00, 0x3F, 0xF9, 0xFF, 0xC0, 0x00, 0x00, 0x7F,
  0xF3, 0xFF, 0x80, 0x00, 0x00, 0xFF, 0xE7, 0xFF, 0x00, 0x00, 0x01, 0xFF,
  0xDF, 0xFE, 0x00, 0x00, 0x03, 0xFF, 0xBF, 0xF8, 0x00, 0x00, 0x07, 0xFF,
  0x7F, 0xF0, 0x00, 0x00, 0x0F, 0xFE, 0xFF, 0xE0, 0x00, 0x00, 0x1F, 0xFD,
  0xFF, 0xC0, 0x00, 0x00, 0x3F, 0xFB, 0xFF, 0x80, 0x00, 0x00, 0x7F, 0xF7,
  0xFF, 0x00, 0x00, 0x00, 0xFF, 0xEF, 0xFE, 0x00, 0x00, 0x03, 0xFF, 0xDF,
  0xFC, 0x00, 0x00, 0x07, 0xFF, 0x3F, 0xF0, 0x00, 0x00, 0x03, 0xFE, 0x7F,
  0x87, 0xFF, 0xFF, 0xC3, 0xFC, 0xFE, 0x3F, 0xFF, 0xFF, 0xE3, 0xF8, 0x70,
  0xFF, 0xFF, 0xFF, 0xE3, 0xC0, 0x43, 0xFF, 0xFF, 0xFF, 0xE1, 0x00, 0x1F,
  0xFF, 0xFF, 0xFF, 0xE0, 0x00, 0x7F, 0xFF, 0xFF, 0xFF, 0xF0, 0x00, 0x7F,
  0xFF, 0xFF, 0xFF, 0x80, 0x00, 0x7F, 0xFF, 0xFF, 0xFE, 0x30, 0x00, 0x3F,
  0xFF, 0xFF, 0xF8, 0xF0, 0x00, 0x3F, 0xFF, 0xFF, 0xC3, 0xF0, 0x00, 0x3F,
  0xFF, 0xFF, 0x1F, 0xF0, 0x00, 0x00, 0x00, 0x00, 0x7F, 0xE0, 0x00, 0x00,
  0x00, 0x01, 0xFF, 0xC0, 0x00, 0x00, 0x00, 0x07, 0xFF, 0x80, 0x00, 0x00,
  0x00, 0x0F, 0xFE, 0x00, 0x00, 0x00, 0x00, 0x1F, 0xFC, 0x00, 0x00, 0x00,
  0x00, 0x3F, 0xF8, 0x00, 0x00, 0x00, 0x00, 0x7F, 0xF0, 0x00, 0x00, 0x00,
  0x00, 0xFF, 0xE0, 0x00, 0x00, 0x00, 0x01, 0xFF, 0xC0, 0x00, 0x00, 0x00,
  0x03, 0xFF, 0x80, 0x00, 0x00, 0x00, 0x07, 0xFF, 0x00, 0x00, 0x00, 0x00,
  0x0F, 0xFE, 0x00, 0x00, 0x00, 0x00, 0x1F, 0xFC, 0x00, 0x00, 0x00, 0x00,
  0x3F, 0xF8, 0x00, 0x00, 0x00, 0x00, 0x7F, 0xF0, 0x00, 0x00, 0x00, 0x00,
  0xFF, 0xE0, 0x00, 0x00, 0x00, 0x01, 0xFF, 0xC0, 0x00, 0x00, 0x00, 0x07,
  0xFF, 0x80, 0x00, 0x00, 0x00, 0x0F, 0xFF, 0x00, 0x00, 0x00, 0x00, 0x1F,
  0xFE, 0x00, 0x00, 0x00, 0x00, 0x3F, 0xF8, 0x00, 0x00, 0x00, 0x00, 0x7F,
  0xF0, 0x00, 0x00, 0x00, 0x00, 0xFF, 0xE0, 0x00, 0x00, 0x00, 0x01, 0xFF,
  0xC0, 0x00, 0x00, 0x00, 0x03, 0xFF, 0x80, 0x00, 0x00, 0x00, 0x07, 0xFF,
  0x00, 0x00, 0x00, 0x00, 0x0F, 0xFE, 0x00, 0x00, 0x00, 0x00, 0x1F, 0xFC,
  0x00, 0x00, 0x00, 0x00, 0x1F, 0xF8, 0x00, 0x00, 0x00, 0x00, 0x3F, 0xF0,
  0x00, 0x00, 0x00, 0x00, 0x7F, 0xE0, 0x00, 0x00, 0x00, 0x00, 0x7F, 0x80,
  0x00, 0x00, 0x00, 0x00, 0xFF, 0x00, 0x00, 0x00, 0x00, 0x01, 0xFC, 0x00,
  0x00, 0x00, 0x00, 0x03, 0xF8, 0x00, 0x00, 0x00, 0x00, 0x03, 0xE0, 0x00,
  0x00, 0x00, 0x00, 0x07, 0x80, 0x00, 0x00, 0x00, 0x00, 0x0C, 0x00, 0x00,
  0x01, 0xFF, 0xFF, 0xF0, 0x00, 0x00, 0xFF, 0xFF, 0xFF, 0x80, 0x00, 0x3F,
  0xFF, 0xFF, 0xF8, 0x00, 0x0F, 0xFF, 0xFF, 0xFF, 0x80, 0x07, 0xFF, 0xFF,
  0xFF, 0xF8, 0x01, 0xFF, 0xFF, 0xFF, 0xFF, 0xC0, 0x1F, 0xFF, 0xFF, 0xFF,
  0xE0, 0x31, 0xFF, 0xFF, 0xFF, 0xF8, 0x0F, 0x0F, 0xFF, 0xFF, 0xFE, 0x03,
  0xF0, 0xFF, 0xFF, 0xFF, 0x00, 0xFF, 0x8F, 0xFF, 0xFF, 0xC0, 0x1F, 0xF8,
  0x00, 0x00, 0x00, 0x03, 0xFF, 0x80, 0x00, 0x00, 0x00, 0x7F, 0xF0, 0x00,
  0x00, 0x00, 0x0F, 0xFE, 0x00, 0x00, 0x00, 0x01, 0xFF, 0xC0, 0x00, 0x00,
  0x00, 0x3F, 0xF8, 0x00, 0x00, 0x00, 0x07, 0xFF, 0x00, 0x00, 0x00, 0x00,
  0xFF, 0xE0, 0x00, 0x00, 0x00, 0x1F, 0xFC, 0x00, 0x00, 0x00, 0x03, 0xFF,
  0x80, 0x00, 0x00, 0x00, 0x7F, 0xF0, 0x00, 0x00, 0x00, 0x1F, 0xFE, 0x00,
  0x00, 0x00, 0x03, 0xFF, 0x80, 0x00, 0x00, 0x00, 0x7F, 0xF0, 0x00, 0x00,
  0x00, 0x0F, 0xFE, 0x00, 0x00, 0x00, 0x01, 0xFF, 0xC0, 0x00, 0x00, 0x00,
  0x3F, 0xF8, 0x00, 0x00, 0x00, 0x07, 0xFF, 0x00, 0x00, 0x00, 0x00, 0xFF,
  0xE0, 0x00, 0x00, 0x00, 0x1F, 0xFC, 0x00, 0x00, 0x00, 0x03, 0xFF, 0x80,
  0x00, 0x00, 0x00, 0x7F, 0xF0, 0x00, 0x00, 0x00, 0x0F, 0xFE, 0x00, 0x00,
  0x00, 0x01, 0xFF, 0xC0, 0x00, 0x00, 0x00, 0x3F, 0xF8, 0x00, 0x00, 0x00,
  0x07, 0xFF, 0x00, 0x00, 0x00, 0x00, 0xFF, 0xC0, 0x00, 0x00, 0x00, 0x1F,
  0xF0, 0x00, 0x00, 0x00, 0x07, 0xFC, 0x00, 0x00, 0x00, 0x00, 0xFF, 0x00,
  0x00, 0x00, 0x00, 0x0F, 0xC0, 0x00, 0x00, 0x00, 0x01, 0xF0, 0x00, 0x00,
  0x00, 0x00, 0x3C, 0x00, 0x00, 0x00, 0x00, 0x07, 0x00, 0x00, 0x00, 0x00,
  0x00, 0x40, 0x00, 0x00, 0x00, 0x00, 0x00, 0x08, 0x00, 0x00, 0x00, 0x00,
  0x00, 0xE0, 0x00, 0x00, 0x00, 0x00, 0x07, 0x80, 0x00, 0x00, 0x00, 0x00,
  0x7E, 0x00, 0x00, 0x00, 0x00, 0x03, 0xF8, 0x00, 0x00, 0x00, 0x00, 0x1F,
  0xE0, 0x00, 0x00, 0x00, 0x00, 0xFF, 0x80, 0x00, 0x00, 0x00, 0x07, 0xFC,
  0x00, 0x00, 0x00, 0x00, 0x3F, 0xF0, 0x00, 0x00, 0x00, 0x03, 0xFF, 0xC0,
  0x00, 0x00, 0x00, 0x1F, 0xFE, 0x00, 0x00, 0x00, 0x00, 0xFF, 0xE0, 0x00,
  0x00, 0x00, 0x07, 0xFF, 0x00, 0x00, 0x00, 0x00, 0x3F, 0xF8, 0x00, 0x00,
  0x00, 0x01, 0xFF, 0xC0, 0x00, 0x00, 0x00, 0x0F, 0xFE, 0x00, 0x00, 0x00,
  0x00, 0x7F, 0xF0, 0x00, 0x00, 0x00, 0x03, 0xFF, 0x80, 0x00, 0x00, 0x00,
  0x1F, 0xFC, 0x00, 0x00, 0x00, 0x00, 0xFF, 0xE0, 0x00, 0x00, 0x00, 0x07,
  0xFF, 0x00, 0x00, 0x00, 0x00, 0x3F, 0xF8, 0x00, 0x00, 0x00, 0x01, 0xFF,
  0xC0, 0x00, 0x00, 0x00, 0x0F, 0xFE, 0x00, 0x00, 0x00, 0x00, 0x7F, 0xF0,
  0x00, 0x00, 0x00, 0x07, 0xFF, 0x80, 0x00, 0x00, 0x00, 0x3F, 0xF8, 0x00,
  0x00, 0x00, 0x01, 0xFF, 0xC0, 0x00, 0x00, 0x00, 0x0F, 0xFE, 0x00, 0x00,
  0x00, 0x00, 0x7F, 0xF0, 0x00, 0x00, 0x00, 0x03, 0xFF, 0x80, 0x00, 0x00,
  0x00, 0x1F, 0xFC, 0x00, 0x00, 0x00, 0x00, 0xFF, 0xE0, 0x00, 0x00, 0x00,
  0x07, 0xFF, 0x00, 0x00, 0x00, 0x00, 0x3F, 0xF0, 0x00, 0x00, 0x00, 0x01,
  0xFE, 0x1F, 0xFF, 0xFF, 0x00, 0x0F, 0xE3, 0xFF, 0xFF, 0xFE, 0x00, 0x1C,
  0x3F, 0xFF, 0xFF, 0xF8, 0x00, 0x43, 0xFF, 0xFF, 0xFF, 0xE0, 0x00, 0x7F,
  0xFF, 0xFF, 0xFF, 0x80, 0x07, 0xFF, 0xFF, 0xFF, 0xFF, 0x00, 0x1F, 0xFF,
  0xFF, 0xFF, 0xE0, 0x00, 0x7F, 0xFF, 0xFF, 0xFE, 0x30, 0x00, 0xFF, 0xFF,
  0xFF, 0xE3, 0xC0, 0x03, 0xFF, 0xFF, 0xFC, 0x3F, 0x00, 0x0F, 0xFF, 0xFF,
  0xC7, 0xFC, 0x00, 0x00, 0x00, 0x00, 0x7F, 0xE0, 0x00, 0x00, 0x00, 0x07,
  0xFF, 0x00, 0x00, 0x00, 0x00, 0x7F, 0xF8, 0x00, 0x00, 0x00, 0x03, 0xFF,
  0x80, 0x00, 0x00, 0x00, 0x1F, 0xFC, 0x00, 0x00, 0x00, 0x00, 0xFF, 0xE0,
  0x00, 0x00, 0x00, 0x07, 0xFF, 0x00, 0x00, 0x00, 0x00, 0x3F, 0xF8, 0x00,
  0x00, 0x00, 0x01, 0xFF, 0xC0, 0x00, 0x00, 0x00, 0x0F, 0xFE, 0x00, 0x00,
  0x00, 0x00, 0x7F, 0xF0, 0x00, 0x00, 0x00, 0x03, 0xFF, 0x80, 0x00, 0x00,
  0x00, 0x1F, 0xFC, 0x00, 0x00, 0x00, 0x00, 0xFF, 0xE0, 0x00, 0x00, 0x00,
  0x07, 0xFF, 0x00, 0x00, 0x00, 0x00, 0x3F, 0xF8, 0x00, 0x00, 0x00, 0x01,
  0xFF, 0xC0, 0x00, 0x00, 0x00, 0x1F, 0xFE, 0x00, 0x00, 0x00, 0x00, 0xFF,
  0xF0, 0x00, 0x00, 0x00, 0x07, 0xFF, 0x80, 0x00, 0x00, 0x00, 0x3F, 0xF8,
  0x00, 0x00, 0x00, 0x01, 0xFF, 0xC0, 0x00, 0x00, 0x00, 0x0F, 0xFE, 0x00,
  0x00, 0x00, 0x00, 0x7F, 0xF0, 0x00, 0x00, 0x00, 0x03, 0xFF, 0x80, 0x00,
  0x00, 0x00, 0x1F, 0xFC, 0x00, 0x00, 0x00, 0x00, 0xFF, 0xE0, 0x00, 0x00,
  0x00, 0x07, 0xFF, 0x00, 0x00, 0x00, 0x00, 0x1F, 0xF8, 0x00, 0x00, 0x00,
  0x00, 0xFF, 0xC0, 0x00, 0x00, 0x00, 0x07, 0xFE, 0x00, 0x00, 0x00, 0x00,
  0x1F, 0xE0, 0x00, 0x00, 0x00, 0x00, 0xFF, 0x00, 0x00, 0x00, 0x00, 0x07,
  0xF0, 0x00, 0x00, 0x00, 0x00, 0x3F, 0x80, 0x00, 0x00, 0x00, 0x00, 0xF8,
  0x00, 0x00, 0x00, 0x00, 0x07, 0x80, 0x00, 0x00, 0x00, 0x00, 0x30, 0x00,
  0x01, 0x00, 0x00, 0x00, 0x00, 0x00, 0x70, 0x00, 0x00, 0x00, 0x00, 0x0F,
  0x00, 0x00, 0x00, 0x00, 0x03, 0xF0, 0x00, 0x00, 0x00, 0x00, 0x7F, 0x00,
  0x00, 0x00, 0x00, 0x0F, 0xF0, 0x00, 0x00, 0x00, 0x01, 0xFF, 0x00, 0x00,
  0x00, 0x00, 0x3F, 0xE0, 0x00, 0x00, 0x00, 0x07, 0xFE, 0x00, 0x00, 0x00,
  0x01, 0xFF, 0xE0, 0x00, 0x00, 0x00, 0x3F, 0xFC, 0x00, 0x00, 0x00, 0x07,
  0xFF, 0x00, 0x00, 0x00, 0x00, 0xFF, 0xE0, 0x00, 0x00, 0x00, 0x1F, 0xFC,
  0x00, 0x00, 0x00, 0x03, 0xFF, 0x80, 0x00, 0x00, 0x00, 0x7F, 0xF0, 0x00,
  0x00, 0x00, 0x0F, 0xFE, 0x00, 0x00, 0x00, 0x01, 0xFF, 0xC0, 0x00, 0x00,
  0x00, 0x3F, 0xF8, 0x00, 0x00, 0x00, 0x07, 0xFF, 0x00, 0x00, 0x00, 0x00,
  0xFF, 0xE0, 0x00, 0x00, 0x00, 0x1F, 0xFC, 0x00, 0x00, 0x00, 0x03, 0xFF,
  0x80, 0x00, 0x00, 0x00, 0x7F, 0xF0, 0x00, 0x00, 0x00, 0x0F, 0xFE, 0x00,
  0x00, 0x00, 0x03, 0xFF, 0xC0, 0x00, 0x00, 0x00, 0x7F, 0xF0, 0x00, 0x00,
  0x00, 0x0F, 0xFE, 0x00, 0x00, 0x00, 0x01, 0xFF, 0xC0, 0x00, 0x00, 0x00,
  0x3F, 0xF8, 0x00, 0x00, 0x00, 0x07, 0xFF, 0x00, 0x00, 0x00, 0x00, 0xFF,
  0xE0, 0x00, 0x00, 0x00, 0x1F, 0xFC, 0x00, 0x00, 0x00, 0x03, 0xFF, 0x80,
  0x00, 0x00, 0x00, 0x7F, 0xE0, 0x00, 0x00, 0x00, 0x0F, 0xF0, 0xFF, 0xFF,
  0xF8, 0x01, 0xFC, 0x7F, 0xFF, 0xFF, 0xC0, 0x0E, 0x1F, 0xFF, 0xFF, 0xFC,
  0x00, 0x87, 0xFF, 0xFF, 0xFF, 0xC0, 0x03, 0xFF, 0xFF, 0xFF, 0xFC, 0x00,
  0xFF, 0xFF, 0xFF, 0xFF, 0xE0, 0x0F, 0xFF, 0xFF, 0xFF, 0xF0, 0x18, 0xFF,
  0xFF, 0xFF, 0xFC, 0x07, 0x87, 0xFF, 0xFF, 0xFF, 0x01, 0xF8, 0x7F, 0xFF,
  0xFF, 0x80, 0x7F, 0xC7, 0xFF, 0xFF, 0xE0, 0x0F, 0xFC, 0x00, 0x00, 0x00,
  0x01, 0xFF, 0xC0, 0x00, 0x00, 0x00, 0x3F, 0xF8, 0x00, 0x00, 0x00, 0x07,
  0xFF, 0x00, 0x00, 0x00, 0x00, 0xFF, 0xE0, 0x00, 0x00, 0x00, 0x1F, 0xFC,
  0x00, 0x00, 0x00, 0x03, 0xFF, 0x80, 0x00, 0x00, 0x00, 0x7F, 0xF0, 0x00,
  0x00, 0x00, 0x0F, 0xFE, 0x00, 0x00, 0x00, 0x01, 0xFF, 0xC0, 0x00, 0x00,
  0x00, 0x3F, 0xF8, 0x00, 0x00, 0x00, 0x0F, 0xFF, 0x00, 0x00, 0x00, 0x01,
  0xFF, 0xC0, 0x00, 0x00, 0x00, 0x3F, 0xF8, 0x00, 0x00, 0x00, 0x07, 0xFF,
  0x00, 0x00, 0x00, 0x00, 0xFF, 0xE0, 0x00, 0x00, 0x00, 0x1F, 0xFC, 0x00,
  0x00, 0x00, 0x03, 0xFF, 0x80, 0x00, 0x00, 0x00, 0x7F, 0xF0, 0x00, 0x00,
  0x00, 0x0F, 0xFE, 0x00, 0x00, 0x00, 0x01, 0xFF, 0xC0, 0x00, 0x00, 0x00,
  0x3F, 0xF8, 0x00, 0x00, 0x00, 0x07, 0xFF, 0x00, 0x00, 0x00, 0x00, 0xFF,
  0xE0, 0x00, 0x00, 0x00, 0x1F, 0xFC, 0x00, 0x00, 0x00, 0x03, 0xFF, 0x80,
  0x00, 0x00, 0x00, 0x7F, 0xE0, 0x00, 0x00, 0x00, 0x0F, 0xF8, 0x00, 0x00,
  0x00, 0x03, 0xFE, 0x3F, 0xFF, 0xFE, 0x00, 0x7F, 0x8F, 0xFF, 0xFF, 0xE0,
  0x07, 0xE3, 0xFF, 0xFF, 0xFC, 0x00, 0xF8, 0xFF, 0xFF, 0xFF, 0x80, 0x1E,
  0x3F, 0xFF, 0xFF, 0xF8, 0x03, 0x8F, 0xFF, 0xFF, 0xFF, 0x00, 0x23, 0xFF,
  0xFF, 0xFF, 0xE0, 0x00, 0xFF, 0xFF, 0xFF, 0xFC, 0x00, 0x3F, 0xFF, 0xFF,
  0xFF, 0xC0, 0x03, 0xFF, 0xFF, 0xFF, 0xF8, 0x00, 0x1F, 0xFF, 0xFF, 0xFF,
  0x00, 0x06, 0x00, 0x00, 0x00, 0x00, 0x18, 0x0F, 0x00, 0x00, 0x00, 0x00,
  0x3C, 0x1F, 0x80, 0x00, 0x00, 0x00, 0x7E, 0x3F, 0xE0, 0x00, 0x00, 0x01,
  0xFF, 0x3F, 0xF0, 0x00, 0x00, 0x03, 0xFF, 0x3F, 0xF8, 0x00, 0x00, 0x07,
  0xFF, 0x3F, 0xF8, 0x00, 0x00, 0x0F, 0xFF, 0x3F, 0xF8, 0x00, 0x00, 0x0F,
  0xFE, 0x3F, 0xF8, 0x00, 0x00, 0x0F, 0xFE, 0x3F, 0xF8, 0x00, 0x00, 0x0F,
  0xFE, 0x3F, 0xF8, 0x00, 0x00, 0x0F, 0xFE, 0x3F, 0xF8, 0x00, 0x00, 0x0F,
  0xFE, 0x3F, 0xF8, 0x00, 0x00, 0x0F, 0xFE, 0x3F, 0xF8, 0x00, 0x00, 0x0F,
  0xFE, 0x3F, 0xF8, 0x00, 0x00, 0x0F, 0xFE, 0x7F, 0xF8, 0x00, 0x00, 0x0F,
  0xFE, 0x7F, 0xF0, 0x00, 0x00, 0x0F, 0xFE, 0x7F, 0xF0, 0x00, 0x00, 0x0F,
  0xFE, 0x7F, 0xF0, 0x00, 0x00, 0x0F, 0xFE, 0x7F, 0xF0, 0x00, 0x00, 0x0F,
  0xFE, 0x7F, 0xF0, 0x00, 0x00, 0x0F, 0xFE, 0x7F, 0xF0, 0x00, 0x00, 0x1F,
  0xFE, 0x7F, 0xF0, 0x00, 0x00, 0x1F, 0xFE, 0x7F, 0xF0, 0x00, 0x00, 0x1F,
  0xFE, 0x7F, 0xF0, 0x00, 0x00, 0x1F, 0xFC, 0x7F, 0xF0, 0x00, 0x00, 0x1F,
  0xFC, 0x7F, 0xF0, 0x00, 0x00, 0x1F, 0xFC, 0x7F, 0xF0, 0x00, 0x00, 0x1F,
  0xFC, 0x7F, 0xF0, 0x00, 0x00, 0x1F, 0xFC, 0x7F, 0xF0, 0x00, 0x00, 0x1F,
  0xFC, 0x7F, 0xE0, 0x00, 0x00, 0x1F, 0xFC, 0x7F, 0xC0, 0x00, 0x00, 0x1F,
  0xFC, 0xFF, 0x8F, 0xFF, 0xFF, 0x8F, 0xFC, 0xFF, 0x1F, 0xFF, 0xFF, 0xCF,
  0xFC, 0x7E, 0x3F, 0xFF, 0xFF, 0xCF, 0xFC, 0x7C, 0x7F, 0xFF, 0xFF, 0xC7,
  0xF8, 0x78, 0xFF, 0xFF, 0xFF, 0xE7, 0xF8, 0x71, 0xFF, 0xFF, 0xFF, 0xE7,
  0xF0, 0x23, 0xFF, 0xFF, 0xFF, 0xE7, 0xF0, 0x07, 0xFF, 0xFF, 0xFF, 0xE3,
  0xE0, 0x0F, 0xFF, 0xFF, 0xFF, 0xF3, 0xC0, 0x07, 0xFF, 0xFF, 0xFF, 0xF3,
  0x00, 0x01, 0xFF, 0xFF, 0xFF, 0xF0, 0x00, 0x00, 0x00, 0x00, 0x00, 0x00,
  0x40, 0x00, 0x00, 0x00, 0x00, 0x01, 0xE0, 0x00, 0x00, 0x00, 0x00, 0x03,
  0xE0, 0x40, 0x00, 0x00, 0x00, 0x07, 0xC1, 0xC0, 0x00, 0x00, 0x00, 0x1F,
  0xC3, 0xC0, 0x00, 0x00, 0x00, 0x3F, 0x8F, 0xC0, 0x00, 0x00, 0x00, 0xFF,
  0x9F, 0xC0, 0x00, 0x00, 0x01, 0xFF, 0x3F, 0xC0, 0x00, 0x00, 0x07, 0xFE,
  0x7F, 0xC0, 0x00, 0x00, 0x0F, 0xFC, 0xFF, 0x80, 0x00, 0x00, 0x1F, 0xF9,
  0xFF, 0x80, 0x00, 0x00, 0x7F, 0xF7, 0xFF, 0x80, 0x00, 0x00, 0xFF, 0xEF,
  0xFF, 0x00, 0x00, 0x01, 0xFF, 0xDF, 0xFC, 0x00, 0x00, 0x03, 0xFF, 0xBF,
  0xF8, 0x00, 0x00, 0x07, 0xFF, 0x7F, 0xF0, 0x00, 0x00, 0x0F, 0xFE, 0xFF,
  0xE0, 0x00, 0x00, 0x1F, 0xFD, 0xFF, 0xC0, 0x00, 0x00, 0x3F, 0xFB, 0xFF,
  0x80, 0x00, 0x00, 0x7F, 0xF7, 0xFF, 0x00, 0x00, 0x01, 0xFF, 0xCF, 0xFE,
  0x00, 0x00, 0x03, 0xFF, 0x9F, 0xFC, 0x00, 0x00, 0x07, 0xFF, 0x3F, 0xF8,
  0x00, 0x00, 0x0F, 0xFE, 0x7F, 0xF0, 0x00, 0x00, 0x1F, 0xFC, 0xFF, 0xE0,
  0x00, 0x00, 0x3F, 0xF9, 0xFF, 0xC0, 0x00, 0x00, 0x7F, 0xF3, 0xFF, 0x80,
  0x00, 0x00, 0xFF, 0xEF, 0xFF, 0x00, 0x00, 0x01, 0xFF, 0xDF, 0xFC, 0x00,
  0x00, 0x03, 0xFF, 0xBF, 0xF8, 0x00, 0x00, 0x07, 0xFF, 0x7F, 0xF0, 0x00,
  0x00, 0x0F, 0xFE, 0xFF, 0xE0, 0x00, 0x00, 0x1F, 0xFD, 0xFF, 0xC0, 0x00,
  0x00, 0x3F, 0xFB, 0xFF, 0x80, 0x00, 0x00, 0x7F, 0xF7, 0xFF, 0x00, 0x00,
  0x01, 0xFF, 0xEF, 0xFE, 0x00, 0x00, 0x03, 0xFF, 0x9F, 0xF8, 0x00, 0x00,
  0x01, 0xFF, 0x3F, 0xC0, 0x00, 0x00, 0x01, 0xFE, 0x7F, 0x00, 0x00, 0x00,
  0x01, 0xFC, 0x38, 0x00, 0x00, 0x00, 0x01, 0xE0, 0x20, 0x00, 0x00, 0x00,
  0x00, 0x80, 0x00, 0x00, 0x00, 0x00, 0x00, 0x00, 0x00, 0x00, 0x00, 0x00,
  0x00, 0x00, 0x00, 0x00, 0x00, 0x00, 0x00, 0x00, 0x00, 0x00, 0x00, 0x00,
  0x00, 0x00, 0x00, 0x00, 0x00, 0x00, 0x00, 0x00, 0x00, 0x00, 0x00, 0x00,
  0x00, 0x00, 0x00, 0x00, 0x00, 0x00, 0x00, 0x00, 0x00, 0x00, 0x00, 0x00,
  0x00, 0x00, 0x00, 0x00, 0x00, 0x00, 0x00, 0x00, 0x00, 0x00, 0x00, 0x00,
  0x00, 0x00, 0x00, 0x00, 0x00, 0x00, 0x00, 0x00, 0x00, 0x00, 0x00, 0x00,
  0x00, 0x00, 0x00, 0x00, 0x00, 0x00, 0x00, 0x00, 0x00, 0x00, 0x00, 0x00,
  0x00, 0x00, 0x00, 0x00, 0x00, 0x00, 0x00, 0x00, 0x00, 0x00, 0x00, 0x00,
  0x00, 0x00, 0x00, 0x00, 0x00, 0x00, 0x00, 0x00, 0x00, 0x00, 0x00, 0x00,
  0x00, 0x00, 0x00, 0x00, 0x00, 0x00, 0x00, 0x00, 0x00, 0x00, 0x00, 0x00,
  0x00, 0x00, 0x00, 0x00, 0x00, 0x00, 0x00, 0x00, 0x00, 0x00, 0x00, 0x00,
  0x00, 0x00, 0x00, 0x00, 0x00, 0x00, 0x00, 0x00, 0x00, 0x00, 0x00, 0x00,
  0x00, 0x00, 0x00, 0x00, 0x00, 0x00, 0x00, 0x00, 0x00, 0x00, 0x00, 0x00,
  0x00, 0x00, 0x00, 0x00, 0x00, 0x00, 0x00, 0x00, 0x00, 0x00, 0x00, 0x00,
  0x00, 0x00, 0x00, 0x00, 0x00, 0x00, 0x00, 0x00, 0x00, 0x00, 0x00, 0x00,
  0x00, 0x00, 0x00, 0x00, 0x00, 0x00, 0x00, 0x00, 0x00, 0x00, 0x00, 0x00,
  0x00, 0x00, 0x00, 0x00, 0x00, 0x00, 0x00, 0x00, 0x00, 0x00, 0x00, 0x00,
  0x00, 0x00, 0x00, 0x00, 0x0F, 0xFF, 0xFF, 0x80, 0x00, 0x00, 0x3F, 0xFF,
  0xFF, 0x80, 0x00, 0x00, 0xFF, 0xFF, 0xFF, 0x00, 0x00, 0x03, 0xFF, 0xFF,
  0xFE, 0x00, 0x00, 0x0F, 0xFF, 0xFF, 0xFE, 0x00, 0x00, 0x3F, 0xFF, 0xFF,
  0xFC, 0x00, 0x00, 0xFF, 0xFF, 0xFF, 0xF8, 0x00, 0x03, 0xFF, 0xFF, 0xFF,
  0xF0, 0x00, 0x0F, 0xFF, 0xFF, 0xFF, 0xF0, 0x00, 0x0F, 0xFF, 0xFF, 0xFF,
  0xE0, 0x00, 0x07, 0xFF, 0xFF, 0xFF, 0xC0, 0x00, 0x00, 0x00, 0x00, 0x00,
  0x00, 0x08, 0x00, 0x00, 0x00, 0x00, 0x00, 0x07, 0x80, 0x00, 0x00, 0x00,
  0x00, 0x01, 0xF0, 0x04, 0x00, 0x00, 0x00, 0x00, 0x7C, 0x03, 0x80, 0x00,
  0x00, 0x00, 0x3F, 0x80, 0xF0, 0x00, 0x00, 0x00, 0x0F, 0xE0, 0x7E, 0x00,
  0x00, 0x00, 0x07, 0xFC, 0x1F, 0xC0, 0x00, 0x00, 0x01, 0xFF, 0x07, 0xF8,
  0x00, 0x00, 0x00, 0xFF, 0xC1, 0xFF, 0x00, 0x00, 0x00, 0x3F, 0xF0, 0x7F,
  0xC0, 0x00, 0x00, 0x0F, 0xFC, 0x1F, 0xF8, 0x00, 0x00, 0x07, 0xFF, 0x0F,
  0xFF, 0x00, 0x00, 0x01, 0xFF, 0xC3, 0xFF, 0xC0, 0x00, 0x00, 0x7F, 0xF0,
  0xFF, 0xE0, 0x00, 0x00, 0x1F, 0xFC, 0x3F, 0xF8, 0x00, 0x00, 0x07, 0xFF,
  0x0F, 0xFE, 0x00, 0x00, 0x01, 0xFF, 0xC3, 0xFF, 0x80, 0x00, 0x00, 0x7F,
  0xF0, 0xFF, 0xE0, 0x00, 0x00, 0x1F, 0xFC, 0x3F, 0xF8, 0x00, 0x00, 0x07,
  0xFF, 0x0F, 0xFE, 0x00, 0x00, 0x03, 0xFF, 0x83, 0xFF, 0x80, 0x00, 0x00,
  0xFF, 0xE0, 0xFF, 0xE0, 0x00, 0x00, 0x3F, 0xF8, 0x3F, 0xF8, 0x00, 0x00,
  0x0F, 0xFE, 0x0F, 0xFE, 0x00, 0x00, 0x03, 0xFF, 0x83, 0xFF, 0x80, 0x00,
  0x00, 0xFF, 0xE0, 0xFF, 0xE0, 0x00, 0x00, 0x3F, 0xF8, 0x3F, 0xF8, 0x00,
  0x00, 0x0F, 0xFE, 0x1F, 0xFE, 0x00, 0x00, 0x03, 0xFF, 0x87, 0xFF, 0x00,
  0x00, 0x00, 0xFF, 0xE1, 0xFF, 0xC0, 0x00, 0x00, 0x3F, 0xF8, 0x7F, 0xF0,
  0x00, 0x00, 0x0F, 0xFE, 0x1F, 0xFC, 0x00, 0x00, 0x03, 0xFF, 0x87, 0xFF,
  0x00, 0x00, 0x00, 0xFF, 0xE1, 0xFF, 0xC0, 0x00, 0x00, 0x3F, 0xF8, 0x7F,
  0xF0, 0x00, 0x00, 0x1F, 0xFE, 0x1F, 0xFC, 0x00, 0x00, 0x07, 0xFF, 0x07,
  0xFE, 0x00, 0x00, 0x00, 0x7F, 0xC1, 0xFE, 0x1F, 0xFF, 0xFF, 0x0F, 0xF0,
  0x7F, 0x1F, 0xFF, 0xFF, 0xF1, 0xFC, 0x07, 0x0F, 0xFF, 0xFF, 0xFE, 0x3C,
  0x00, 0x87, 0xFF, 0xFF, 0xFF, 0xC2, 0x00, 0x07, 0xFF, 0xFF, 0xFF, 0xF8,
  0x00, 0x03, 0xFF, 0xFF, 0xFF, 0xFF, 0x80, 0x00, 0x7F, 0xFF, 0xFF, 0xFF,
  0x80, 0x01, 0x8F, 0xFF, 0xFF, 0xFF, 0xC6, 0x00, 0xF0, 0xFF, 0xFF, 0xFF,
  0xE3, 0xC0, 0x7E, 0x1F, 0xFF, 0xFF, 0xE1, 0xF8, 0x3F, 0xE3, 0xFF, 0xFF,
  0xF1, 0xFF, 0x0F, 0xFC, 0x00, 0x00, 0x00, 0xFF, 0xC3, 0xFF, 0x80, 0x00,
  0x00, 0x7F, 0xF0, 0xFF, 0xE0, 0x00, 0x00, 0x3F, 0xFC, 0x3F, 0xF8, 0x00,
  0x00, 0x0F, 0xFE, 0x0F, 0xFE, 0x00, 0x00, 0x03, 0xFF, 0x83, 0xFF, 0x80,
  0x00, 0x00, 0xFF, 0xE0, 0xFF, 0xE0, 0x00, 0x00, 0x3F, 0xF8, 0x3F, 0xF8,
  0x00, 0x00, 0x0F, 0xFE, 0x0F, 0xFE, 0x00, 0x00, 0x03, 0xFF, 0x83, 0xFF,
  0x80, 0x00, 0x00, 0xFF, 0xE0, 0xFF, 0xE0, 0x00, 0x00, 0x3F, 0xF8, 0x7F,
  0xF8, 0x00, 0x00, 0x0F, 0xFE, 0x1F, 0xFC, 0x00, 0x00, 0x03, 0xFF, 0x87,
  0xFF, 0x00, 0x00, 0x00, 0xFF, 0xE1, 0xFF, 0xC0, 0x00, 0x00, 0x3F, 0xF8,
  0x7F, 0xF0, 0x00, 0x00, 0x0F, 0xFE, 0x1F, 0xFC, 0x00, 0x00, 0x03, 0xFF,
  0x87, 0xFF, 0x00, 0x00, 0x01, 0xFF, 0xE1, 0xFF, 0xC0, 0x00, 0x00, 0x7F,
  0xF8, 0x7F, 0xF0, 0x00, 0x00, 0x1F, 0xFE, 0x1F, 0xFC, 0x00, 0x00, 0x07,
  0xFF, 0x07, 0xFF, 0x00, 0x00, 0x01, 0xFF, 0xC1, 0xFF, 0xC0, 0x00, 0x00,
  0x7F, 0xF0, 0x7F, 0xF0, 0x00, 0x00, 0x1F, 0xFC, 0x1F, 0xFC, 0x00, 0x00,
  0x07, 0xFF, 0x07, 0xFF, 0x00, 0x00, 0x01, 0xFF, 0xC1, 0xFF, 0x80, 0x00,
  0x00, 0x7F, 0xF0, 0x7F, 0xC0, 0x00, 0x00, 0x1F, 0xFC, 0x3F, 0xE3, 0xFF,
  0xFF, 0xE3, 0xFF, 0x0F, 0xF1, 0xFF, 0xFF, 0xFC, 0xFF, 0xC1, 0xF8, 0xFF,
  0xFF, 0xFF, 0x3F, 0xF0, 0x7C, 0x7F, 0xFF, 0xFF, 0xC7, 0xF8, 0x1E, 0x3F,
  0xFF, 0xFF, 0xF9, 0xFE, 0x07, 0x1F, 0xFF, 0xFF, 0xFE, 0x7F, 0x00, 0x8F,
  0xFF, 0xFF, 0xFF, 0x9F, 0xC0, 0x07, 0xFF, 0xFF, 0xFF, 0xE3, 0xE0, 0x03,
  0xFF, 0xFF, 0xFF, 0xFC, 0xF0, 0x00, 0x7F, 0xFF, 0xFF, 0xFF, 0x30, 0x00,
  0x07, 0xFF, 0xFF, 0xFF, 0xC0, 0x00, 0x00, 0x7F, 0xFF, 0xFF, 0xFC, 0x03,
  0xFF, 0xFF, 0xFF, 0xF0, 0x1F, 0xFF, 0xFF, 0xFF, 0xE0, 0x1F, 0xFF, 0xFF,
  0xFF, 0xC0, 0x1F, 0xFF, 0xFF, 0xFF, 0x00, 0x1F, 0xFF, 0xFF, 0xFE, 0x00,
  0x1F, 0xFF, 0xFF, 0xF8, 0x00, 0x1F, 0xFF, 0xFF, 0xF0, 0x00, 0x1F, 0xFF,
  0xFF, 0xC0, 0x00, 0x1F, 0xFF, 0xFF, 0x80, 0x00, 0x1F, 0xFF, 0xFF, 0x00,
  0x00, 0x00, 0x00, 0x00, 0x00, 0x00, 0x00, 0x00, 0x00, 0x00, 0x00, 0x00,
  0x00, 0x00, 0x00, 0x00, 0x00, 0x00, 0x00, 0x00, 0x00, 0x00, 0x00, 0x00,
  0x00, 0x00, 0x00, 0x00, 0x00, 0x00, 0x00, 0x00, 0x00, 0x00, 0x00, 0x00,
  0x00, 0x00, 0x00, 0x00, 0x00, 0x00, 0x00, 0x00, 0x00, 0x00, 0x00, 0x00,
  0x00, 0x00, 0x00, 0x00, 0x00, 0x00, 0x00, 0x00, 0x00, 0x00, 0x00, 0x00,
  0x00, 0x00, 0x00, 0x00, 0x00, 0x00, 0x00, 0x00, 0x00, 0x00, 0x00, 0x00,
  0x00, 0x00, 0x00, 0x00, 0x00, 0x00, 0x00, 0x00, 0x00, 0x00, 0x00, 0x00,
  0x00, 0x00, 0x00, 0x00, 0x00, 0x00, 0x00, 0x00, 0x00, 0x00, 0x00, 0x00,
  0x00, 0x00, 0x00, 0x00, 0x00, 0x00, 0x00, 0x00, 0x00, 0x00, 0x00, 0x00,
  0x00, 0x00, 0x00, 0x00, 0x00, 0x00, 0x00, 0x00, 0x00, 0x00, 0x00, 0x00,
  0x00, 0x00, 0x00, 0x00, 0x00, 0x00, 0x00, 0x00, 0x00, 0x00, 0x00, 0x00,
  0x00, 0x00, 0x00, 0x00, 0x00, 0x0F, 0xFF, 0xFF, 0x80, 0x00, 0x7F, 0xFF,
  0xFF, 0xC0, 0x01, 0xFF, 0xFF, 0xFF, 0xC0, 0x07, 0xFF, 0xFF, 0xFF, 0xC0,
  0x3F, 0xFF, 0xFF, 0xFF, 0xC0, 0xFF, 0xFF, 0xFF, 0xFF, 0xE0, 0xFF, 0xFF,
  0xFF, 0xFF, 0x00, 0xFF, 0xFF, 0xFF, 0xFC, 0x00, 0x7F, 0xFF, 0xFF, 0xF0,
  0x00, 0x7F, 0xFF, 0xFF, 0x80, 0x00, 0x7F, 0xFF, 0xFE, 0x00, 0x00, 0x00,
  0x00, 0x00, 0x00, 0x00, 0x00, 0x00, 0x00, 0x00, 0x00, 0x00, 0x00, 0x00,
  0x00, 0x00, 0x00, 0x00, 0x00, 0x00, 0x00, 0x00, 0x00, 0x00, 0x00, 0x00,
  0x00, 0x00, 0x00, 0x00, 0x00, 0x00, 0x00, 0x00, 0x00, 0x00, 0x00, 0x00,
  0x00, 0x00, 0x00, 0x00, 0x00, 0x00, 0x00, 0x00, 0x00, 0x00, 0x00, 0x00,
  0x00, 0x00, 0x00, 0x00, 0x00, 0x00, 0x00, 0x00, 0x00, 0x00, 0x00, 0x00,
  0x00, 0x00, 0x00, 0x00, 0x00, 0x00, 0x00, 0x00, 0x00, 0x00, 0x00, 0x00,
  0x00, 0x00, 0x00, 0x00, 0x00, 0x00, 0x00, 0x00, 0x00, 0x00, 0x00, 0x00,
  0x00, 0x00, 0x00, 0x00, 0x00, 0x00, 0x00, 0x00, 0x00, 0x00, 0x00, 0x00,
  0x00, 0x00, 0x00, 0x00, 0x00, 0x00, 0x00, 0x00, 0x00, 0x00, 0x00, 0x00,
  0x00, 0x00, 0x00, 0x00, 0x00, 0x00, 0x00, 0x00, 0x00, 0x00, 0x00, 0x00,
  0x00, 0x00, 0x00, 0x00, 0x00, 0x00, 0x00, 0x00, 0x00, 0x00, 0x00, 0x00,
  0x00, 0x00, 0x00, 0x3F, 0xFF, 0xFE, 0x00, 0x00, 0xFF, 0xFF, 0xFE, 0x00,
  0x03, 0xFF, 0xFF, 0xFC, 0x00, 0x0F, 0xFF, 0xFF, 0xF8, 0x00, 0x3F, 0xFF,
  0xFF, 0xF8, 0x00, 0xFF, 0xFF, 0xFF, 0xF0, 0x03, 0xFF, 0xFF, 0xFF, 0xE0,
  0x0F, 0xFF, 0xFF, 0xFF, 0xC0, 0x3F, 0xFF, 0xFF, 0xFF, 0xC0, 0x3F, 0xFF,
  0xFF, 0xFF, 0x80, 0x1F, 0xFF, 0xFF, 0xFF, 0x00, 0x00, 0x00, 0x00, 0x00,
  0x00, 0x40, 0x00, 0x00, 0x00, 0x00, 0x01, 0xE0, 0x00, 0x00, 0x00, 0x00,
  0x03, 0xE0, 0x40, 0x00, 0x00, 0x00, 0x07, 0xC1, 0xC0, 0x00, 0x00, 0x00,
  0x1F, 0xC3, 0xC0, 0x00, 0x00, 0x00, 0x3F, 0x8F, 0xC0, 0x00, 0x00, 0x00,
  0xFF, 0x9F, 0xC0, 0x00, 0x00, 0x01, 0xFF, 0x3F, 0xC0, 0x00, 0x00, 0x07,
  0xFE, 0x7F, 0xC0, 0x00, 0x00, 0x0F, 0xFC, 0xFF, 0x80, 0x00, 0x00, 0x1F,
  0xF9, 0xFF, 0x80, 0x00, 0x00, 0x7F, 0xF7, 0xFF, 0x80, 0x00, 0x00, 0xFF,
  0xEF, 0xFF, 0x00, 0x00, 0x01, 0xFF, 0xDF, 0xFC, 0x00, 0x00, 0x03, 0xFF,
  0xBF, 0xF8, 0x00, 0x00, 0x07, 0xFF, 0x7F, 0xF0, 0x00, 0x00, 0x0F, 0xFE,
  0xFF, 0xE0, 0x00, 0x00, 0x1F, 0xFD, 0xFF, 0xC0, 0x00, 0x00, 0x3F, 0xFB,
  0xFF, 0x80, 0x00, 0x00, 0x7F, 0xF7, 0xFF, 0x00, 0x00, 0x01, 0xFF, 0xCF,
  0xFE, 0x00, 0x00, 0x03, 0xFF, 0x9F, 0xFC, 0x00, 0x00, 0x07, 0xFF, 0x3F,
  0xF8, 0x00, 0x00, 0x0F, 0xFE, 0x7F, 0xF0, 0x00, 0x00, 0x1F, 0xFC, 0xFF,
  0xE0, 0x00, 0x00, 0x3F, 0xF9, 0xFF, 0xC0, 0x00, 0x00, 0x7F, 0xF3, 0xFF,
  0x80, 0x00, 0x00, 0xFF, 0xEF, 0xFF, 0x00, 0x00, 0x01, 0xFF, 0xDF, 0xFC,
  0x00, 0x00, 0x03, 0xFF, 0xBF, 0xF8, 0x00, 0x00, 0x07, 0xFF, 0x7F, 0xF0,
  0x00, 0x00, 0x0F, 0xFE, 0xFF, 0xE0, 0x00, 0x00, 0x1F, 0xFD, 0xFF, 0xC0,
  0x00, 0x00, 0x3F, 0xFB, 0xFF, 0x80, 0x00, 0x00, 0x7F, 0xF7, 0xFF, 0x00,
  0x00, 0x01, 0xFF, 0xEF, 0xFE, 0x00, 0x00, 0x03, 0xFF, 0x9F, 0xF8, 0x00,
  0x00, 0x01, 0xFF, 0x3F, 0xC3, 0xFF, 0xFF, 0xE1, 0xFE, 0x7F, 0x1F, 0xFF,
  0xFF, 0xF1, 0xFC, 0x38, 0x7F, 0xFF, 0xFF, 0xF1, 0xE0, 0x21, 0xFF, 0xFF,
  0xFF, 0xF0, 0x80, 0x0F, 0xFF, 0xFF, 0xFF, 0xF0, 0x00, 0x3F, 0xFF, 0xFF,
  0xFF, 0xF8, 0x00, 0x3F, 0xFF, 0xFF, 0xFF, 0xC0, 0x00, 0x3F, 0xFF, 0xFF,
  0xFF, 0x18, 0x00, 0x1F, 0xFF, 0xFF, 0xFC, 0x78, 0x00, 0x1F, 0xFF, 0xFF,
  0xE1, 0xF8, 0x00, 0x1F, 0xFF, 0xFF, 0x8F, 0xF8, 0x00, 0x00, 0x00, 0x00,
  0x3F, 0xF0, 0x00, 0x00, 0x00, 0x00, 0xFF, 0xE0, 0x00, 0x00, 0x00, 0x03,
  0xFF, 0xC0, 0x00, 0x00, 0x00, 0x07, 0xFF, 0x00, 0x00, 0x00, 0x00, 0x0F,
  0xFE, 0x00, 0x00, 0x00, 0x00, 0x1F, 0xFC, 0x00, 0x00, 0x00, 0x00, 0x3F,
  0xF8, 0x00, 0x00, 0x00, 0x00, 0x7F, 0xF0, 0x00, 0x00, 0x00, 0x00, 0xFF,
  0xE0, 0x00, 0x00, 0x00, 0x01, 0xFF, 0xC0, 0x00, 0x00, 0x00, 0x03, 0xFF,
  0x80, 0x00, 0x00, 0x00, 0x07, 0xFF, 0x00, 0x00, 0x00, 0x00, 0x0F, 0xFE,
  0x00, 0x00, 0x00, 0x00, 0x1F, 0xFC, 0x00, 0x00, 0x00, 0x00, 0x3F, 0xF8,
  0x00, 0x00, 0x00, 0x00, 0x7F, 0xF0, 0x00, 0x00, 0x00, 0x00, 0xFF, 0xE0,
  0x00, 0x00, 0x00, 0x03, 0xFF, 0xC0, 0x00, 0x00, 0x00, 0x07, 0xFF, 0x80,
  0x00, 0x00, 0x00, 0x0F, 0xFF, 0x00, 0x00, 0x00, 0x00, 0x1F, 0xFC, 0x00,
  0x00, 0x00, 0x00, 0x3F, 0xF8, 0x00, 0x00, 0x00, 0x00, 0x7F, 0xF0, 0x00,
  0x00, 0x00, 0x00, 0xFF, 0xE0, 0x00, 0x00, 0x00, 0x01, 0xFF, 0xC0, 0x00,
  0x00, 0x00, 0x03, 0xFF, 0x80, 0x00, 0x00, 0x00, 0x07, 0xFF, 0x00, 0x00,
  0x00, 0x00, 0x0F, 0xFE, 0x00, 0x0F, 0xFF, 0xFF, 0x8F, 0xFC, 0x00, 0x3F,
  0xFF, 0xFF, 0x9F, 0xF8, 0x00, 0xFF, 0xFF, 0xFF, 0x3F, 0xF0, 0x03, 0xFF,
  0xFF, 0xFE, 0x3F, 0xC0, 0x0F, 0xFF, 0xFF, 0xFE, 0x7F, 0x80, 0x3F, 0xFF,
  0xFF, 0xFC, 0xFE, 0x00, 0xFF, 0xFF, 0xFF, 0xF9, 0xFC, 0x03, 0xFF, 0xFF,
  0xFF, 0xF1, 0xF0, 0x0F, 0xFF, 0xFF, 0xFF, 0xF3, 0xC0, 0x0F, 0xFF, 0xFF,
  0xFF, 0xE6, 0x00, 0x07, 0xFF, 0xFF, 0xFF, 0xC0, 0x00, 0x00, 0x07, 0xFF,
  0xFF, 0xFF, 0xC0, 0x00, 0x07, 0xFF, 0xFF, 0xFF, 0xE2, 0x00, 0x07, 0xFF,
  0xFF, 0xFF, 0xF9, 0xE0, 0x00, 0xFF, 0xFF, 0xFF, 0xFE, 0x7C, 0x00, 0x1F,
  0xFF, 0xFF, 0xFF, 0x1F, 0x00, 0x03, 0xFF, 0xFF, 0xFF, 0xCF, 0xE0, 0x00,
  0x7F, 0xFF, 0xFF, 0xE3, 0xF8, 0x00, 0x0F, 0xFF, 0xFF, 0xF9, 0xFF, 0x00,
  0x01, 0xFF, 0xFF, 0xFC, 0x7F, 0xC0, 0x00, 0x3F, 0xFF, 0xFF, 0x3F, 0xF0,
  0x00, 0x07, 0xFF, 0xFF, 0xCF, 0xFC, 0x00, 0x00, 0x00, 0x00, 0x03, 0xFF,
  0x00, 0x00, 0x00, 0x00, 0x01, 0xFF, 0xC0, 0x00, 0x00, 0x00, 0x00, 0x7F,
  0xF0, 0x00, 0x00, 0x00, 0x00, 0x1F, 0xFC, 0x00, 0x00, 0x00, 0x00, 0x07,
  0xFF, 0x00, 0x00, 0x00, 0x00, 0x01, 0xFF, 0xC0, 0x00, 0x00, 0x00, 0x00,
  0x7F, 0xF0, 0x00, 0x00, 0x00, 0x00, 0x1F, 0xFC, 0x00, 0x00, 0x00, 0x00,
  0x07, 0xFF, 0x00, 0x00, 0x00, 0x00, 0x01, 0xFF, 0xC0, 0x00, 0x00, 0x00,
  0x00, 0xFF, 0xE0, 0x00, 0x00, 0x00, 0x00, 0x3F, 0xF8, 0x00, 0x00, 0x00,
  0x00, 0x0F, 0xFE, 0x00, 0x00, 0x00, 0x00, 0x03, 0xFF, 0x80, 0x00, 0x00,
  0x00, 0x00, 0xFF, 0xE0, 0x00, 0x00, 0x00, 0x00, 0x3F, 0xF8, 0x00, 0x00,
  0x00, 0x00, 0x0F, 0xFE, 0x00, 0x00, 0x00, 0x00, 0x03, 0xFF, 0x80, 0x00,
  0x00, 0x00, 0x00, 0xFF, 0xE0, 0x00, 0x00, 0x00, 0x00, 0x3F, 0xF8, 0x00,
  0x00, 0x00, 0x00, 0x0F, 0xFE, 0x00, 0x00, 0x00, 0x00, 0x03, 0xFF, 0x80,
  0x00, 0x00, 0x00, 0x00, 0xFF, 0xE0, 0x00, 0x00, 0x00, 0x00, 0x3F, 0xF8,
  0x00, 0x00, 0x00, 0x00, 0x0F, 0xFE, 0x00, 0x00, 0x00, 0x00, 0x07, 0xFF,
  0x80, 0x00, 0x00, 0x00, 0x01, 0xFF, 0xC0, 0x00, 0x00, 0x00, 0x00, 0x1F,
  0xF0, 0x00, 0x07, 0xFF, 0xFF, 0xC3, 0xFC, 0x00, 0x07, 0xFF, 0xFF, 0xFC,
  0x7F, 0x00, 0x03, 0xFF, 0xFF, 0xFF, 0x8F, 0x00, 0x01, 0xFF, 0xFF, 0xFF,
  0xF0, 0x80, 0x01, 0xFF, 0xFF, 0xFF, 0xFE, 0x00, 0x00, 0xFF, 0xFF, 0xFF,
  0xFF, 0xE0, 0x00, 0x1F, 0xFF, 0xFF, 0xFF, 0xE0, 0x00, 0x63, 0xFF, 0xFF,
  0xFF, 0xF0, 0x00, 0x3C, 0x3F, 0xFF, 0xFF, 0xF8, 0x00, 0x1F, 0x87, 0xFF,
  0xFF, 0xF8, 0x00, 0x0F, 0xF8, 0xFF, 0xFF, 0xFC, 0x00, 0x03, 0xFF, 0x00,
  0x00, 0x00, 0x00, 0x00, 0xFF, 0xE0, 0x00, 0x00, 0x00, 0x00, 0x3F, 0xF8,
  0x00, 0x00, 0x00, 0x00, 0x0F, 0xFE, 0x00, 0x00, 0x00, 0x00, 0x03, 0xFF,
  0x80, 0x00, 0x00, 0x00, 0x00, 0xFF, 0xE0, 0x00, 0x00, 0x00, 0x00, 0x3F,
  0xF8, 0x00, 0x00, 0x00, 0x00, 0x0F, 0xFE, 0x00, 0x00, 0x00, 0x00, 0x03,
  0xFF, 0x80, 0x00, 0x00, 0x00, 0x00, 0xFF, 0xE0, 0x00, 0x00, 0x00, 0x00,
  0x3F, 0xF8, 0x00, 0x00, 0x00, 0x00, 0x1F, 0xFE, 0x00, 0x00, 0x00, 0x00,
  0x07, 0xFF, 0x00, 0x00, 0x00, 0x00, 0x01, 0xFF, 0xC0, 0x00, 0x00, 0x00,
  0x00, 0x7F, 0xF0, 0x00, 0x00, 0x00, 0x00, 0x1F, 0xFC, 0x00, 0x00, 0x00,
  0x00, 0x07, 0xFF, 0x00, 0x00, 0x00, 0x00, 0x01, 0xFF, 0xC0, 0x00, 0x00,
  0x00, 0x00, 0x7F, 0xF0, 0x00, 0x00, 0x00, 0x00, 0x1F, 0xFC, 0x00, 0x00,
  0x00, 0x00, 0x07, 0xFF, 0x00, 0x00, 0x00, 0x00, 0x01, 0xFF, 0xC0, 0x00,
  0x00, 0x00, 0x00, 0x7F, 0xF0, 0x00, 0x00, 0x00, 0x00, 0x1F, 0xFC, 0x00,
  0x00, 0x00, 0x00, 0x07, 0xFF, 0x00, 0x00, 0x00, 0x00, 0x01, 0xFF, 0xC0,
  0x00, 0x00, 0x00, 0x00, 0x7F, 0xE0, 0x00, 0x00, 0x00, 0x00, 0x1F, 0xF0,
  0x00, 0x00, 0x00, 0x00, 0x0F, 0xF8, 0xFF, 0xFF, 0xF8, 0x00, 0x03, 0xFC,
  0x7F, 0xFF, 0xFF, 0x00, 0x00, 0x7E, 0x3F, 0xFF, 0xFF, 0xC0, 0x00, 0x1F,
  0x1F, 0xFF, 0xFF, 0xF0, 0x00, 0x07, 0x8F, 0xFF, 0xFF, 0xFE, 0x00, 0x01,
  0xC7, 0xFF, 0xFF, 0xFF, 0x80, 0x00, 0x23, 0xFF, 0xFF, 0xFF, 0xE0, 0x00,
  0x01, 0xFF, 0xFF, 0xFF, 0xF8, 0x00, 0x00, 0xFF, 0xFF, 0xFF, 0xFF, 0x00,
  0x00, 0x1F, 0xFF, 0xFF, 0xFF, 0xC0, 0x00, 0x01, 0xFF, 0xFF, 0xFF, 0xF0,
  0x00, 0x00, 0x00, 0x01, 0x00, 0x03, 0x80, 0x03, 0xC0, 0x07, 0xE0, 0x07,
  0xF0, 0x07, 0xF8, 0x07, 0xFC, 0x07, 0xFC, 0x07, 0xFE, 0x0F, 0xFF, 0x0F,
  0xFF, 0x0F, 0xFE, 0x0F, 0xFE, 0x0F, 0xFE, 0x0F, 0xFE, 0x0F, 0xFE, 0x0F,
  0xFE, 0x0F, 0xFE, 0x0F, 0xFE, 0x0F, 0xFE, 0x0F, 0xFE, 0x0F, 0xFE, 0x0F,
  0xFE, 0x0F, 0xFE, 0x0F, 0xFE, 0x1F, 0xFE, 0x1F, 0xFC, 0x1F, 0xFC, 0x1F,
  0xFC, 0x1F, 0xFC, 0x1F, 0xFC, 0x1F, 0xFC, 0x1F, 0xFC, 0x1F, 0xFC, 0x1F,
  0xF8, 0x1F, 0xE0, 0x1F, 0xC0, 0x07, 0x00, 0x02, 0x00, 0x00, 0x00, 0x00,
  0x00, 0x00, 0x00, 0x06, 0x00, 0x0F, 0x00, 0x1F, 0x80, 0x3F, 0xE0, 0x3F,
  0xF0, 0x3F, 0xF8, 0x3F, 0xF8, 0x3F, 0xF8, 0x3F, 0xF8, 0x3F, 0xF8, 0x3F,
  0xF8, 0x3F, 0xF8, 0x3F, 0xF8, 0x3F, 0xF8, 0x3F, 0xF8, 0x7F, 0xF8, 0x7F,
  0xF0, 0x7F, 0xF0, 0x7F, 0xF0, 0x7F, 0xF0, 0x7F, 0xF0, 0x7F, 0xF0, 0x7F,
  0xF0, 0x7F, 0xF0, 0x7F, 0xF0, 0x7F, 0xF0, 0x7F, 0xF0, 0x7F, 0xF0, 0x7F,
  0xF0, 0x7F, 0xF0, 0x7F, 0xE0, 0x7F, 0xC0, 0xFF, 0x80, 0xFF, 0x00, 0x7E,
  0x00, 0x7C, 0x00, 0x78, 0x00, 0x70, 0x00, 0x20, 0x00, 0x00, 0x00 };

const GFXglyph segment60pt7bGlyphs[] PROGMEM = {
  {     0,   1,   1,  55,    0,    0 },   // 0x20 ' '
  {     1,   1,   1,   0,    0,    0 },   // 0x21 '!'
  {     2,  47,  42,  55,    8,  -87 },   // 0x22 '"'
  {   249,   1,   1,   0,    0,    0 },   // 0x23 '#'
  {   250,   1,   1,   0,    0,    0 },   // 0x24 '$'
  {   251,   1,   1,   0,    0,    0 },   // 0x25 '%'
  {   252,   1,   1,   0,    0,    0 },   // 0x26 '&'
  {   253,  13,  39,  55,    8,  -84 },   // 0x27 '''
  {   317,  42,  89,  55,    5,  -88 },   // 0x28 '('
  {   785,  46,  89,  55,    9,  -88 },   // 0x29 ')'
  {  1297,   1,   1,   0,    0,    0 },   // 0x2A '*'
  {  1298,   1,   1,   0,    0,    0 },   // 0x2B '+'
  {  1299,  13,  42,  55,   40,  -42 },   // 0x2C ','
  {  1368,  35,  11,  55,   13,  -49 },   // 0x2D '-'
  {  1417,   8,  12,   0,   -4,   -5 },   // 0x2E '.'
  {  1429,   1,   1,   0,    0,    0 },   // 0x2F '/'
  {  1430,  50,  89,  55,    5,  -88 },   // 0x30 '0'
  {  1987,  15,  87,  55,   40,  -87 },   // 0x31 '1'
  {  2151,  50,  89,  55,    5,  -88 },   // 0x32 '2'
  {  2708,  46,  89,  55,    9,  -88 },   // 0x33 '3'
  {  3220,  47,  87,  55,    8,  -87 },   // 0x34 '4'
  {  3732,  45,  89,  55,    8,  -88 },   // 0x35 '5'
  {  4233,  48,  89,  55,    5,  -88 },   // 0x36 '6'
  {  4767,  41,  88,  55,   14,  -88 },   // 0x37 '7'
  {  5218,  50,  89,  55,    5,  -88 },   // 0x38 '8'
  {  5775,  47,  89,  55,    8,  -88 },   // 0x39 '9'
  {  6298,  14,  50,  21,    6,  -68 },   // 0x3A ':'
  {  6386,   1,   1,   0,    0,    0 },   // 0x3B ';'
  {  6387,   1,   1,   0,    0,    0 },   // 0x3C '<'
  {  6388,  39,  50,  55,    9,  -49 },   // 0x3D '='
  {  6632,   1,   1,   0,    0,    0 },   // 0x3E '>'
  {  6633,  50,  85,  55,    5,  -88 },   // 0x3F '?'
  {  7165,   1,   1,   0,    0,    0 },   // 0x40 '@'
  {  7166,  50,  88,  55,    5,  -88 },   // 0x41 'A'
  {  7716,  50,  89,  55,    5,  -88 },   // 0x42 'B'
  {  8273,  42,  89,  55,    5,  -88 },   // 0x43 'C'
  {  8741,  50,  89,  55,    5,  -88 },   // 0x44 'D'
  {  9298,  43,  89,  55,    5,  -88 },   // 0x45 'E'
  {  9777,  43,  85,  55,    5,  -88 },   // 0x46 'F'
  { 10234,  48,  89,  55,    5,  -88 },   // 0x47 'G'
  { 10768,  50,  87,  55,    5,  -87 },   // 0x48 'H'
  { 11312,  15,  87,  55,   40,  -87 },   // 0x49 'I'
  { 11476,  50,  88,  55,    5,  -87 },   // 0x4A 'J'
  { 12026,  50,  88,  55,    5,  -87 },   // 0x4B 'K'
  { 12576,  36,  85,  55,    5,  -84 },   // 0x4C 'L'
  { 12959,  48,  88,  55,    5,  -88 },   // 0x4D 'M'
  { 13487,  50,  88,  55,    5,  -88 },   // 0x4E 'N'
  { 14037,  50,  89,  55,    5,  -88 },   // 0x4F 'O'
  { 14594,  50,  85,  55,    5,  -88 },   // 0x50 'P'
  { 15126,  47,  89,  55,    8,  -88 },   // 0x51 'Q'
  { 15649,  42,  85,  55,    5,  -88 },   // 0x52 'R'
  { 16096,  45,  89,  55,    8,  -88 },   // 0x53 'S'
  { 16597,  41,  88,  55,   14,  -88 },   // 0x54 'T'
  { 17048,  50,  88,  55,    5,  -87 },   // 0x55 'U'
  { 17598,  47,  88,  55,    8,  -87 },   // 0x56 'V'
  { 18115,  50,  88,  55,    5,  -87 },   // 0x57 'W'
  { 18665,  39,  89,  55,    9,  -88 },   // 0x58 'X'
  { 19099,  47,  88,  55,    8,  -87 },   // 0x59 'Y'
  { 19616,  50,  89,  55,    5,  -88 },   // 0x5A 'Z'
  { 20173,  42,  89,  55,    5,  -88 },   // 0x5B '['
  { 20641,   1,   1,   0,    0,    0 },   // 0x5C '\'
  { 20642,  46,  89,  55,    9,  -88 },   // 0x5D ']'
  { 21154,   1,   1,   0,    0,    0 },   // 0x5E '^'
  { 21155,  32,  11,  55,    9,  -10 },   // 0x5F '_'
  { 21199,  13,  39,  55,    8,  -84 },   // 0x60 '`'
  { 21263,  50,  89,  55,    5,  -88 },   // 0x61 'a'
  { 21820,  48,  85,  55,    5,  -84 },   // 0x62 'b'
  { 22330,  43,  50,  55,    5,  -49 },   // 0x63 'c'
  { 22599,  50,  88,  55,    5,  -87 },   // 0x64 'd'
  { 23149,  50,  89,  55,    5,  -88 },   // 0x65 'e'
  { 23706,  43,  85,  55,    5,  -88 },   // 0x66 'f'
  { 24163,  47,  89,  55,    8,  -88 },   // 0x67 'g'
  { 24686,  48,  84,  55,    5,  -84 },   // 0x68 'h'
  { 25190,  13,  42,  55,   40,  -42 },   // 0x69 'i'
  { 25259,  46,  88,  55,    9,  -87 },   // 0x6A 'j'
  { 25765,  48,  88,  55,    5,  -88 },   // 0x6B 'k'
  { 26293,  36,  85,  55,    5,  -84 },   // 0x6C 'l'
  { 26676,  48,  88,  55,    5,  -88 },   // 0x6D 'm'
  { 27204,  48,  49,  55,    5,  -49 },   // 0x6E 'n'
  { 27498,  48,  50,  55,    5,  -49 },   // 0x6F 'o'
  { 27798,  50,  85,  55,    5,  -88 },   // 0x70 'p'
  { 28330,  47,  88,  55,    8,  -88 },   // 0x71 'q'
  { 28847,  43,  46,  55,    5,  -49 },   // 0x72 'r'
  { 29095,  45,  84,  55,    8,  -84 },   // 0x73 's'
  { 29568,  43,  85,  55,    5,  -84 },   // 0x74 't'
  { 30025,  48,  43,  55,    5,  -42 },   // 0x75 'u'
  { 30283,  47,  88,  55,    8,  -87 },   // 0x76 'v'
  { 30800,  50,  88,  55,    5,  -87 },   // 0x77 'w'
  { 31350,  39,  89,  55,    9,  -88 },   // 0x78 'x'
  { 31784,  47,  88,  55,    8,  -87 },   // 0x79 'y'
  { 32301,  50,  89,  55,    5,  -88 },   // 0x7A 'z'
  { 32858,   1,   1,   0,    0,    0 },   // 0x7B '{'
  { 32859,  16,  81,  55,    5,  -84 },   // 0x7C '|'
  { 33021,   1,   1,   0,    0,    0 },   // 0x7D '}'
  { 33022,   1,   1,   0,    0,    0 } }; // 0x7E '~'

const GFXfont segment60pt7b PROGMEM = {
  (uint8_t  *)segment60pt7bBitmaps,
  (GFXglyph *)segment60pt7bGlyphs,
  0x20, 0x7E, 121 };

// Approx. 33695 bytes
